:020000040800F2
:1000000000070020F1020008A1440008594400083C
:10001000814400085944000879440008F3020008AC
:10002000F3020008F3020008F3020008DD7A00087A
:10003000F3020008F3020008F3020008F3020008CC
:10004000F3020008F3020008F3020008F3020008BC
:10005000F3020008F302000839BD000865BD00087E
:1000600091BD0008BDBD0008E9BD0008A17B0008E6
:10007000C97B0008F57B0008217C00084D7C000846
:10008000757C0008A17C0008F302000825430008E5
:10009000F302000835430008F302000815BE00080B
:1000A000F3020008F3020008F3020008F30200085C
:1000B000F3020008F3020008F3020008F30200084C
:1000C000F3020008F3020008F3020008F30200083C
:1000D000F3020008F3020008F3020008F30200082C
:1000E00079BE0008F3020008F3020008F3020008DA
:1000F000F3020008F3020008F3020008CD7C0008B8
:10010000F3020008EDBE000815BF0008F302000866
:10011000F3020008F3020008F3020008F3020008EB
:10012000F97C0008217D00084D7D0008797D0008DC
:10013000A57D0008F3020008F3020008F30200089E
:10014000F3020008F3020008F3020008F3020008BB
:10015000CD7D0008F97D0008257E0008F302000827
:10016000F3020008F3020008F3020008F30200089B
:10017000F302000819BA0008F3020008F3020008AD
:10018000F3020008F302000801BF0008F3020008B0
:10019000F3020008F3020008F3020008F30200086B
:1001A000F3020008F3020008F3020008F30200085B
:1001B000F3020008F3020008F3020008F30200084B
:1001C000F3020008F3020008F3020008F30200083B
:1001D000F302000805BA0008F3020008F302000861
:1001E000F3020008F3020008F3020008F30200081B
:1001F000F3020008F3020008F3020008F30200080B
:10020000F3020008F3020008F3020008F3020008FA
:10021000F3020008F3020008F3020008F3020008EA
:10022000F3020008F3020008F3020008F3020008DA
:10023000F3020008F3020008F3020008F3020008CA
:10024000F3020008F3020008F3020008F3020008BA
:10025000F3020008F3020008F3020008F3020008AA
:10026000F3020008F3020008F3020008F30200089A
:10027000F3020008F3020008F3020008F30200088A
:10028000F3020008F3020008F3020008F30200087A
:10029000F3020008F3020008F3020008F30200086A
:1002A000F3020008F3020008F3020008F30200085A
:1002B000F3020008F3020008F3020008F30200084A
:1002C000F3020008F3020008F3020008F30200083A
:1002D000F3020008F3020008F3020008F30200082A
:1002E000251A0008000000000000000000000000C7
:1002F00002E000F000F8FEE772B6374880F30888A5
:10030000364880F3098836483649086040F20000D4
:10031000CCF200004EF63471CEF200010860BFF35B
:100320004F8FBFF36F8F40F20000C0F2F0004EF627
:100330008851CEF200010860BFF34F8FBFF36F8F7B
:100340004FF00000E1EE100A4EF63C71CEF20001D3
:100350000860062080F31488BFF36F8F0AF0C8FD91
:1003600009F030FF4FF055301F491B4A91423CBF06
:1003700041F8040BFAE71D49184A91423CBF41F885
:10038000040BFAE71A491B4A1B4B9A423EBF51F82D
:10039000040B42F8040BF8E700201849184A914270
:1003A0003CBF41F8040BFAE70AF0E0FD09F08EFFCC
:1003B000144C154DAC4203DA54F8041B8847F9E796
:1003C00000F0C4F9114C124DAC4203DA54F8041B8E
:1003D0008847F9E70AF0C8BD000700200023002085
:1003E0000000000808ED00E00001002000070020E8
:1003F00098D30008002300207423002078230020D5
:10040000D8890020E0020008E4020008E4020008A5
:10041000E40200082DE9F04F2DED108AC1F80CD050
:10042000D0F80CD0BDEC108ABDE8F08F002383F328
:1004300011882846A047002009F0A6FCFEE709F035
:10044000EFFB00DFFEE7000053B94AB9002908BFFF
:1004500000281CBF4FF0FF314FF0FF3000F074B99F
:10046000ADF1080C6DE904CE00F006F8DDF804E00B
:10047000DDE9022304B070472DE9F047089D0446EA
:100480008E46002B4DD18A42944669D9B2FA82F247
:1004900052B101FA02F3C2F1200120FA01F10CFA83
:1004A00002FC41EA030E94404FEA1C48210CBEFBBB
:1004B000F8F61FFA8CF708FB16E341EA034306FB44
:1004C00007F199420AD91CEB030306F1FF3080F0D3
:1004D0001F81994240F21C81023E63445B1AA4B220
:1004E000B3FBF8F008FB103344EA034400FB07F7C2
:1004F000A7420AD91CEB040400F1FF3380F00A8103
:10050000A74240F207816444023840EA0640E41BF7
:1005100000261DB1D4400023C5E900433146BDE8A3
:10052000F0878B4209D9002D00F0EF800026C5E945
:10053000000130463146BDE8F087B3FA83F6002E5D
:100540004AD18B4202D3824200F2F980841A61EBD5
:10055000030301209E46002DE0D0C5E9004EDDE7F3
:1005600002B9FFDEB2FA82F2002A40F09280A1EBDB
:100570000C014FEA1C471FFA8CFE0126200CB1FB30
:10058000F7F307FB131140EA01410EFB03F0884229
:1005900008D91CEB010103F1FF3802D2884200F2B6
:1005A000CB804346091AA4B2B1FBF7F007FB101148
:1005B00044EA01440EFB00FEA64508D91CEB0404E6
:1005C00000F1FF3102D2A64500F2BB800846A4EB41
:1005D0000E0440EA03409CE7C6F12007B34022FA2C
:1005E00007FC4CEA030C20FA07F401FA06F31C435B
:1005F000F9404FEA1C4900FA06F3B1FBF9F8200C68
:100600001FFA8CFE09FB181140EA014108FB0EF0AD
:10061000884202FA06F20BD91CEB010108F1FF3AFD
:1006200080F08880884240F28580A8F10208614409
:10063000091AA4B2B1FBF9F009FB101144EA014117
:1006400000FB0EFE8E4508D91CEB010100F1FF34C2
:100650006CD28E456AD90238614440EA0840A0FB5A
:100660000294A1EB0E01A142C846A64656D353D030
:100670005DB1B3EB080261EB0E0101FA07F722FA54
:1006800006F3F1401F43C5E9007100263146BDE87D
:10069000F087C2F12003D8400CFA02FC21FA03F3E0
:1006A000914001434FEA1C471FFA8CFEB3FBF7F061
:1006B00007FB10360B0C43EA064300FB0EF69E4286
:1006C00004FA02F408D91CEB030300F1FF382FD21F
:1006D0009E422DD9023863449B1B89B2B3FBF7F6C7
:1006E00007FB163341EA034106FB0EF38B4208D9A0
:1006F0001CEB010106F1FF3816D28B4214D9023EE1
:100700006144C91A46EA004638E72E46284605E7FE
:100710000646E3E61846F8E64B45A9D2B9EB0208CF
:1007200064EB0C0E0138A3E74646EAE7204694E75F
:100730004046D1E7D0467BE7023B614432E7304692
:1007400009E76444023842E7704700BFF8B502F099
:1007500037F802F0EFF90AF0ABFA07460AF0BEFBF1
:100760000546C0BB214B9F4235D001339F4235D057
:1007700027F0FF021E4B9A4233D12E4642F21074EC
:10078000F8B200F0A7FF00F0ABFF08B10024264646
:1007900002F012FC20B10024032000F07DF8264670
:1007A00035B1144B9F4203D000240AF08FFB26463C
:1007B00000200AF087FA0EB100F084F802F058F930
:1007C00000F0C2FF01F0B2FA08B100F07BF8204659
:1007D00000F036F9F9E72E460024D4E70446012656
:1007E000D1E7064641F28834CDE700BF010007B0EB
:1007F000000008B0263A09B008B501F0ADFFA0F13D
:1008000020035842584108BD07B541F212030221A6
:1008100001A8ADF8043001F0BDFF03B05DF804FBA2
:1008200038B5302383F31188174803680BB109F0FA
:100830008FFB0023154A4FF47A71134809F07EFBB1
:10084000002383F31188124C236813B12368013B02
:100850002360636813B16368013B63600D4D2B78BF
:1008600033B963687BB9022002F06CF8322363600D
:100870002B78032B07D163682BB9022002F062F8B2
:100880004FF47A73636038BD782300202108000894
:100890009824002090230020084B187003280CD8BF
:1008A000DFE800F008050208022002F043B8022049
:1008B00002F036B8024B00225A60704790230020A5
:1008C00098240020F8B502F077FB30B1544B032296
:1008D0001A700022534B5A60F8BD534B534A1C46C2
:1008E00019680131F8D004339342F9D16268504B52
:1008F0009A42F1D94F4B9B6803F1006303F5003333
:100900009A42E9D20AF0B6FA0AF0C8FA002001F0D9
:100910007DFF0220FFF7C0FF474B0021D3F8E820FE
:10092000C3F8E810D3F81021C3F81011D3F8102140
:10093000D3F8EC20C3F8EC10D3F81421C3F8141149
:10094000D3F81421D3F8F020C3F8F010D3F818210D
:10095000C3F81811D3F81821D3F8802042F00062B0
:10096000C3F88020D3F8802022F00062C3F88020F2
:10097000D3F88020D3F8802042F00072C3F88020A2
:10098000D3F8802022F00072C3F88020D3F88030A2
:1009900072B64FF0E023C3F8084DD4E90004BFF36A
:1009A0004F8FBFF36F8F254AC2F88410BFF34F8F6C
:1009B000536923F480335361BFF34F8FD2F88030F3
:1009C00043F6E076C3F3C905C3F34E335B0103EA94
:1009D000060C29464CEA81770139C2F87472F9D2C3
:1009E000203B13F1200FF2D1BFF34F8FBFF36F8F76
:1009F000BFF34F8FBFF36F8F536923F400335361FD
:100A00000023C2F85032BFF34F8FBFF36F8F3023F4
:100A100083F31188854680F3088820475CE700BF90
:100A200090230020982400200000020820000208E3
:100A3000FFFF0108002300200044025800ED00E001
:100A40002DE9F04F93B0B74B2022FF2100900AA868
:100A50009D6801F0B7FFB44A1378A3B90121B348E8
:100A600011700360302383F3118803680BB109F020
:100A70006FFA0023AE4A4FF47A71AC4809F05EFA7F
:100A8000002383F31188009B13B1AA4B009A1A60CC
:100A9000A94A1378032B03D000231370A54A53608F
:100AA0004FF0000A009CD3465646D146012001F083
:100AB00041FF24B19F4B1B68002B00F02C820020CB
:100AC00001F04AFE0390039B002B01DA00F084FE44
:100AD000039B002BEDDB012001F022FF039B213B58
:100AE0001F2BE3D801A252F823F000BF6D0B0008C2
:100AF000950B0008290C0008AD0A0008AD0A000893
:100B0000AD0A0008BB0C00088B0E0008A50D0008FC
:100B1000070E00082F0E0008550E0008AD0A000849
:100B2000670E0008AD0A0008D90E00080D0C000879
:100B3000AD0A00081D0F0008790B00080D0C000815
:100B4000AD0A0008070E0008AD0A0008AD0A00084B
:100B5000AD0A0008AD0A0008AD0A0008AD0A000899
:100B6000AD0A0008AD0A0008290C00080220FFF7B2
:100B700043FE002840F0F981009B022105A8BAF14C
:100B8000000F08BF1C4641F21233ADF8143001F0DB
:100B900001FE8BE74FF47A7001F0DEFD071EEBDB00
:100BA0000220FFF729FE0028E6D0013F052F00F2C2
:100BB000DE81DFE807F0030A0D1013360523042158
:100BC00005A8059301F0E6FD17E004215548F9E773
:100BD00004215A48F6E704215948F3E74FF01C086E
:100BE000404608F1040801F013FE0421059005A811
:100BF00001F0D0FDB8F12C0FF2D101204FF0000927
:100C000000FA07F747EA0B0B5FFA8BFB01F026FFB0
:100C100026B10BF00B030B2B08BF0024FFF7F4FDEC
:100C200044E704214748CDE7002EA5D00BF00B0385
:100C30000B2BA1D10220FFF7DFFD074600289BD038
:100C40000120002601F0E2FD0220FFF725FE1FFA39
:100C500086F8404601F0EAFD0446B0B103994046EB
:100C60000136A1F140025142514101F0F7FD002847
:100C7000EDD1BA46044641F21213022105A83E46C0
:100C8000ADF8143001F086FD10E725460120FFF78E
:100C900003FE244B9B68AB4207D9284601F0B8FD00
:100CA000013040F067810435F3E70025224BBA4656
:100CB0003E461D701F4B5D60A8E7002E3FF45CAF01
:100CC0000BF00B030B2B7FF457AF0220FFF7E4FD73
:100CD000322001F041FDB0F10008FFF64DAF18F0F1
:100CE00003077FF449AF0F4A08EB0503926893426C
:100CF0003FF642AFB8F5807F3FF73EAF124BB845A5
:100D0000019323DD4FF47A7001F026FD0390039ADE
:100D1000002AFFF631AF039A0137019B03F8012B3C
:100D2000EDE700BF0023002094240020782300205A
:100D3000210800089824002090230020042300208C
:100D4000082300200C23002094230020C820FFF754
:100D500053FD074600283FF40FAF1F2D11D8C5F1F2
:100D600020020AAB25F0030084494245184428BFFD
:100D70004246019201F000FE019AFF217F4801F0F6
:100D800021FE4FEAA803C8F387027C492846019355
:100D900001F020FE064600283FF46DAF019B05EBF5
:100DA000830533E70220FFF727FD00283FF4E4AE78
:100DB00001F066FD00283FF4DFAE0027B846704B17
:100DC0009B68BB4218D91F2F11D80A9B01330ED044
:100DD00027F0030312AA134453F8203C059340461E
:100DE000042205A9043702F0D1F88046E7E7384627
:100DF00001F00EFD0590F2E7CDF81480042105A85E
:100E000001F0C8FC02E70023642104A8049301F068
:100E1000B7FC00287FF4B0AE0220FFF7EDFC0028FD
:100E20003FF4AAAE049801F021FD0590E6E7002307
:100E3000642104A8049301F0A3FC00287FF49CAE75
:100E40000220FFF7D9FC00283FF496AE049801F089
:100E50000FFDEAE70220FFF7CFFC00283FF48CAE3D
:100E600001F01EFDE1E70220FFF7C6FC00283FF479
:100E700083AE05A9142001F019FD07460421049052
:100E800004A801F087FC3946B9E7322001F064FC80
:100E9000071EFFF671AEBB077FF46EAE384A07EB54
:100EA0000903926893423FF667AE0220FFF7A4FC65
:100EB00000283FF461AE27F003074F44B9453FF4E3
:100EC000A5AE484609F1040901F0A2FC04210590F1
:100ED00005A801F05FFCF1E74FF47A70FFF78CFC96
:100EE00000283FF449AE01F0CBFC002844D00A9B17
:100EF00001330BD008220AA9002001F06BFD002865
:100F00003AD02022FF210AA801F05CFDFFF77CFC0B
:100F10001C4808F03FFF13B0BDE8F08F002E3FF4EF
:100F20002BAE0BF00B030B2B7FF426AE00236421BA
:100F300005A8059301F024FC074600287FF41CAEA9
:100F40000220FFF759FC804600283FF415AEFFF75A
:100F50005BFC41F2883008F01DFF059801F0C8FDE8
:100F600046463C4601F07AFDA0E506464EE64FF0C7
:100F7000000901E6BA467EE637467CE69423002067
:100F800000230020A0860100094A49F26900136885
:100F900099B21B0C00FB013344F250611360054B06
:100FA000186882B2000C01FB0200186080B2704722
:100FB000142300201023002070470000002110227D
:100FC00010B5044601F0FEFC034B03CB20606160CA
:100FD0001868A06010BD00BF00E8F11FF0B5ADF5C6
:100FE0004F7D4FF4C47207460D466CAC00210DF2E4
:100FF000E326204601F0E6FC03F05AFA4FF47A7239
:10100000224BB0FBF2F0186093E80700022384E85B
:1010100007000DF5E9702382FFF7D0FF49F60F3383
:101020001B4906A823840BF005FC18230DF1300C96
:1010300084F832316B441A46083603CA624546F8D2
:10104000080C46F8041C1346F5D10DAE01222046CB
:10105000314601F081FD002380B2E97E0393AB7E2F
:10106000029305F1190301930123009305A3D3E92A
:101070000023CDE90460384603F032FE0DF54F7DC4
:10108000F0BD00BF9E6AC421818A46EEA0240020E4
:101090006CC800082DE9F0412C4CDAB080460D46B2
:1010A000237A5BBB27A9284601F07AFE0746002871
:1010B00042D19DF89D60C82E3ED801464FF4A662ED
:1010C000204601F07FFC4FF4807332460DF19E0103
:1010D000C4F8F8314FF4007304F109002644C4F851
:1010E0000C334FF44073C4F8203401F045FC9DF8F4
:1010F0009C30777223720BB9EB7E237206AC81228F
:10110000002127A801F05EFC0122214627A801F05A
:101110008DFE002380B2E97E0393AB7E029305F13E
:10112000190301932823CDE904400093404605A309
:10113000D3E9002303F0D4FD5AB0BDE8F08100BF2D
:10114000AFF3008026417272DF25D7B7003500204B
:10115000F0B5254E4FF48A75F1B0002405FB00650B
:1011600096F8D830D822214685F8DC303AA885F8A0
:10117000E84006AF01F026FC06F1090001F01AFC78
:10118000D5F8E430C2B206F109018DF8F0000DF196
:10119000F100CDE93A3401F0EFFB394601223AA8DB
:1011A00001F07AFE082380B2317ACDE9047001277C
:1011B0000E48CDE9023706F1D8030193302300939E
:1011C00007A3D3E9002303F08BFDA04206DD03F063
:1011D0006FF9C5F8E000384671B0F0BD2046FBE776
:1011E00078F6339F93CACD8D00350020B8340020A7
:1011F0002DE9F0411D4D86B01D4E1E4F284603F0CF
:101200009BFD034658B30024DFF86C80ADF8144012
:101210000294CDE90344027B8DF8142003AA996857
:10122000406803C21B6843F00043029303F042F995
:1012300082190094384641F1000302A902F0D2F865
:10124000A04205DD284603F07BFD88F80040D5E785
:1012500098F80030072B05D8013388F8003006B025
:10126000BDE8F081014803F06BFDF8E7B8340020D9
:1012700040420F00383A0020353A002070B50D4644
:1012800014461E4603F088FC50B9022E10D1012CE2
:101290000ED112A3D3E900230120C5E9002307E002
:1012A000282C10D005D8012C09D0052C0FD00020F7
:1012B00070BD302CFBD10BA3D3E90023ECE70BA3CB
:1012C000D3E90023E8E70BA3D3E90023E4E70BA36A
:1012D000D3E90023E0E700BFAFF30080401DA12069
:1012E00026812A0B78F6339F93CACD8D9E6AC4213E
:1012F000818A46EE26417272DF25D7B7F017304A51
:1013000039059E5638B505460E4C0021013501F0D1
:10131000A5FAA4F82C55B4F82C0501F087FA78B199
:10132000B4F82C0501F092FA014648B9B4F82C053E
:1013300001F094FAB4F82C350133A4F82C35EAE71F
:1013400038BD00BF00350020F0B589B005460C4619
:1013500016460D494FF4227207A81F4601F0AAFE57
:10136000BDF83C302A46009604930E9B0748039331
:101370001823CDE90173234603F054FC07A801F0BC
:10138000A3FE09B0F0BD00BFE8340020B83400204F
:101390000A4B0B4A10B51A6003F5805393F8582096
:1013A0003AB95C6D2CB1204601F096FE204601F062
:1013B000D5FF0448BDE8104001F08EBE383A002049
:1013C000B0C90008784A00202DE9F04F8FB00546DB
:1013D0000C4600AF03F0E0FB00284BD1237E022B2C
:1013E0001BD1E38A012B18D103F062F80646FFF700
:1013F000CBFD03464FF4C87006F51676DFF8D082B1
:10140000B3FBF0F202FB103316FA83F3C8F8003096
:10141000E37E33B9A74B00221A703C37BD46BDE8C6
:10142000F08F07F12401204601F06EFC0028F4D172
:1014300007F11400FFF7C2FD97F8264007F11401E9
:1014400007F1270022460BF09BF90028E2D10F2C70
:1014500008D8984B1C70D8F80030A3F51673C8F85C
:101460000030DAE797F824100029D6D0284603F098
:101470008BFBD2E7E38A282B33D010D8012B2BD05B
:10148000052BCAD1BFF34F8F8B498C4BCA6802F42E
:10149000E0621343CB60BFF34F8F00BFFDE7302BFB
:1014A000BBD1874EE17E327A9142B6D1607E314621
:1014B000002291F8DC50854200F0AD80013201F548
:1014C0008A71042AF5D1326840F6B831FA328A427C
:1014D00094BF32603160A0E721462846FFF77EFDC9
:1014E0009BE721462846FFF7D5FD96E7B2F8EC507A
:1014F0007B6005F103094FEA99094FEA8902D11D82
:10150000C908A8EBC10300219D46EB46584601F0EF
:1015100059FA04F1EE012A465846314401F02CFAFA
:101520007B6813B9012001F071F996F8D20001F03F
:101530007DF9044630B9307201F0A2F9204601F07D
:1015400065F9B0E0D6F8D4203AB996F8D200B6F8EA
:101550002C25824201D8FFF7D5FED6F8D4202A44A4
:10156000944208D296F8D200B6F82C250130824277
:1015700001D8FFF7C7FE5FFA89F25946706801F09B
:1015800029FA08B9C54679E0726896F8D2002A446B
:101590007260D6F8D42005EB0209C6F8D49001F0A9
:1015A00045F9814509D396F8D220D6F8D400013206
:1015B000001B86F8D220C6F8D400FF2D0FD80024D7
:1015C000347201F05DF9204601F020F901F0F4FCDD
:1015D0003C4B188108B9FFF775F9C5461DE7BB6894
:1015E00096F8D9000AFB0362FB68D2F8E41082F88F
:1015F000E83001F58061C2F8E030C2F8E410FFF78E
:10160000A7FDFFF7F5FD96F8D920013202F003029D
:1016100086F8D920B6E74FF48A7A20460AFB02F50D
:1016200005F1EA01314401F06BFCF86000287FF419
:10163000F4AE0122354485F8E82002F039FFD5F8F0
:10164000E020D6ED007A801A40F6B832B8EE677A1C
:10165000DFED1D6A192838BF1920904228BF1046B7
:1016600007EE900AF8EEE77A67EEA67ADFED176AE2
:10167000E7EE267AFCEEE77AC6ED007A96F8D930E6
:1016800071680AFB03F4BB60321992F8E8505DB14F
:10169000D2F8E430E8468B423FF428AF002182F8CC
:1016A000E810C2F8E010C5467368064A9B0A013389
:1016B0001381B2E6B134002000ED00E00400FA0529
:1016C00000350020A0240020CDCCCC3D6666663FCE
:1016D000B4340020014B1870704700BFAC240020C8
:1016E00038B54FF00054144B22689A4222D1607DE5
:1016F000F8B1124B0025C922114918701148237DF9
:101700000930C0F8DB5000F8013C4FF48073C0F89A
:10171000EF314FF40073C0F803334FF44073C0F857
:10172000173401F029F9E0222946204601F04AF950
:10173000012038BD0020FCE79AAD44C5AC24002050
:10174000160000200035002037B501F035FC194D9A
:1017500002230022184928816B710123174802F0E7
:10176000D1F9002316494FF480520193154B1648C6
:101770000093164B03F0E0F9154B197811B112489C
:1017800003F002FA02F094FE0446FFF7FDFB4FF46B
:10179000C873B0FBF3F202FB130304F5167010FAE2
:1017A00083F00C4B186009F099FB08B10F232B81D3
:1017B00003B030BDA024002040420F00383A002082
:1017C000B02400207D120008B8340020C91300089E
:1017D000AC240020B43400202DE9F04F844C2DEDD2
:1017E000028B0FF2F419D9E900898FB0FFF700FDE1
:1017F00007AE00237F4FDFF81CA20693ADF824301C
:10180000079373609FED768B4FF0000B01250DF170
:101810000D0203A95B4638468DF80C508DF80DB0CB
:101820008DED008B02F022FD9DF80C30002B40F076
:101830009C80204603F0B0F90646002841D16E4F47
:1018400002F036FE3B6898423BD302F031FE8246FE
:10185000FFF79AFB4FF4C873B0FBF3F202FB1303DC
:101860000AF5167010FA83F038600AA8634F97F8EB
:1018700000B0CBF1100ABBF1000F14BF33462B466A
:101880005FFA8AFA8DF81830FFF798FB0AABBAF1C5
:10189000060F0DF1190003EB0B0128BF4FF0060AEC
:1018A000524601F069F80AF1010206ABD2B2009388
:1018B00001922A46524B4CA1D1E90001FFF744FDA9
:1018C0003E7002F0F5FD4F4A4F4D1368C31AB3F551
:1018D0007A7F29D3106002F0EDFD02460B462046C8
:1018E00003F038FA204603F057F9E8B12B7A0AAF33
:1018F000464E002B14BF03230223737102F0D8FD60
:101900004FF47A7301223946B0FBF3F03060304671
:1019100001F0D2F93E4B80B240F255124946CDE972
:1019200000704046FFF710FD2B7A93B102F0C0FD26
:10193000002607464FF48A7A95F8D900304400F023
:1019400003000AFB005393F8E82092B30136042EFB
:10195000F2D1C82008F01EFA2B7A002B7FF446AF94
:101960000FB0BDEC028BBDE8F08FDAF814305946A9
:1019700010220AA883F00803CAF8143001F022F8F4
:101980000DF10E0304AA06A9384601F04DFF0BAB7A
:1019900096E8030083E803009DF824300AA9204656
:1019A0008DF83430069B0A93DDE9042303F0A6FB8F
:1019B0002AE7D3F8E02042B12B68BA1AFA2B38BFD5
:1019C000FA230533B2EB430FC0D3FFF7C1FB002866
:1019D000BCD1BEE7AFF30080F1C6A7C1D068080F45
:1019E0000000000000000000401DA12026812A0BFD
:1019F000B8340020383A0020B4340020B13400203C
:101A0000B0340020303A002000350020A02400200F
:101A1000343A00200010025810B5044601F09EFC34
:101A2000204610BD10B50948094C01F0A3FF094A32
:101A3000002009490AF090FE204602F09DFC204655
:101A4000044A0649BDE810400AF086BE383A002034
:101A5000E8340020AC61002091130008B90F0008A1
:101A60007047000070470000704700002DE9F0410A
:101A700000F58037044616463B7C5BB9C0681030E1
:101A8000204400F079FFE5683544B5F5004FE56086
:101A900002D816B1BDE8F081DEB905F07F0605F188
:101AA00010000021C6F180062044F6B232462E44D2
:101AB00000F088FFA06804F11008324600F10060D1
:101AC000414600F5003008F041FE30B901233B7477
:101AD000E0E74FF400463546ECE7A26805F1100157
:101AE000404632442144A260E268521BE26000F0AA
:101AF00043FF0220BDE8F04100F024BF183000F0A1
:101B0000E9BC000010B5044601F028FC204610BDD9
:101B100010B5044601F022FC204610BDC0B2A0F171
:101B20004103052B02D83738C0B27047A0F16103DA
:101B3000052B94BF57383038F6E7000070B50446DF
:101B40001546084603220C4900F020FF014688B9DB
:101B500008346E1C15F91100FFF7E0FF024616F974
:101B600011000131FFF7DAFF102940EA021004F8F2
:101B7000010BEFD170BD00BF88C800082DE9F04F00
:101B8000ADF53F7D0746416801222AA805F052FBCA
:101B9000002840F087800646824681461125DFF8FE
:101BA0000C81DFF80CB101AB4FF4805241462AA8FA
:101BB00005F0A0FC002875D1019AB2F5805F71D8BC
:101BC000002A65D00446019A9442ECD2282D0FD009
:101BD00008DC132D2DD01E2D39D0112D13D001343A
:101BE000A4B2F0E7322D2DD0372D2FD02D2DF6D1E8
:101BF0003B68121B08EB040138461B692D259847EA
:101C0000BDF80440EBE7121B022A09D9594608EB3C
:101C1000040000F0BBFE18B902342825A4B2DEE7A8
:101C200018F804303A2B3DD00A2B1CBFA1461325CF
:101C3000D5E718F804300A2B34D03A2B04BFA2465B
:101C40003225CCE718F80430202BC8D0264618F8E7
:101C500004300A2B1AD1AAEB090208EB090102A8E9
:101C600011254F2A28BF4F220AF0ECFDA21B08EBDA
:101C7000060116A84F2A28BF4F220AF0E3FD3B6851
:101C800016AA02A9DB6838469847A8E71E25A6E7EA
:101C90003B68384604491B69984701200DF53F7D94
:101CA000BDE8F08F0020F9E764C90008084F002064
:101CB0008CC8000800F1180110B5044686B008462B
:101CC000019100F0F1FB2046FFF758FF60B1019948
:101CD00002A800F049FC102204F1080102A80AF051
:101CE0004FFDB0FA80F0400906B010BD70B5044653
:101CF0000025EEB2304600F099FD58B10021304683
:101D0000013500F0ABFD08B9002070BD022000F0E5
:101D100019FEEEE72046FFF731FF0028F4D004F566
:101D20008034207C80F00100EFE70000F0B5C9B0FE
:101D300008F0D6FF02F044FB18B90025284649B048
:101D4000F0BD69462A4805F097FC00284BD1294C84
:101D5000204605F0C1FC284805F0BEFC274805F0E8
:101D6000BBFC2146224805F033FD0028E5D1702058
:101D700001F0EEFA064610B1214B4460036033686F
:101D800030469B689847054600282ED01A4F1948C0
:101D9000394605F01DFD05460028CED1194801F051
:101DA000D7FA044638B1184B4760036000F580331A
:101DB000C0E902551D74236820469B689847054674
:101DC00028B10E490C4805F003FD0028B5D1336851
:101DD00030465B6898471CB1236820465B6898478B
:101DE00002F0D6FAAAE70025FAE70446EFE700BFBB
:101DF00090C80008A0C80008B7C80008CDC80008EF
:101E0000F0C80008140001000CC900082DE9F04FCB
:101E1000D44A8DB00B68D0F804A001931A4403682B
:101E2000D14E1A44D1F81C90DFF8B4C3DFF8B4B334
:101E3000D0E90234634003EA0A03634013444A686A
:101E400002920AEB7363029CC84A2244C46822448B
:101E500084688AEA04051D40654015448A68039237
:101E600003EB3555039CC24A2244846822448AEA23
:101E700003042C4084EA0A041444CA6805EBF434D1
:101E80000492164483EA0502224056445A403244E2
:101E90000E69059604EBB222059FB64E3E441E44E1
:101EA00085EA040313406B4033444E69069602EB07
:101EB0007363069FB04E3E442E4484EA02051D40E3
:101EC000654035448E69079603EB3555079FAB4E49
:101ED0003E44264482EA03042C4054403444A84E35
:101EE0004E4405EBF434164483EA050222405A407E
:101EF00032440E6A089604EBB222089FA14E3E447B
:101F00001E4485EA040313406B4033444E6A09962D
:101F100002EB7363099F9C4ED1F830E03E44D1F848
:101F20003880F3442E4484EA02051D406540354460
:101F30008E6AA6F5244703EB35550A964F3F274492
:101F400082EA03042C4054403C44CF6A0B9705EBD3
:101F5000F4340B9E8D4F3744029E174483EA0502EA
:101F600022405A403A448A4F774404EBB2221F443D
:101F700085EA040313406B403B444F6BBC4402EBC7
:101F80007363654484EA020C0CEA030C8CEA040CCB
:101F90006544DFF854C2C44403EB3555A44482EAD7
:101FA00003042C4054406444D1F83CC0794905EB0B
:101FB000F4346144114483EA050222405A400A4441
:101FC000754904EBB2223144079E194484EA0203A6
:101FD0002B4063400B44714902EBF36331440B9E89
:101FE0000D4482EA03012140514029446C4D03EB2A
:101FF000F1513544019E254483EA010414405C40BC
:102000002C44684D01EBB4443544069E154481EAE6
:1020100004021A404A402A44634D04EB32323544EC
:102020000A9E1D4484EA02030B4063402B445F4D2B
:1020300002EBF3633544059E0D4482EA030121401F
:10204000514029445A4D03EBF1516544254483EA3C
:10205000010414405C402C44564D01EBB44435441B
:10206000099E154481EA04021A404A402A44524D0E
:1020700004EB32323544049E1D4484EA02030B40D3
:1020800063402B444D4D02EBF36345440D4482EA1B
:102090000301214051402944494D03EBF15135449E
:1020A000089E2C4483EA010515405D402C44454DB3
:1020B00001EBB4443544039E2A4481EA04051D40E3
:1020C0004D402A44404D04EB32323D442B4484EAD7
:1020D000020593440D4065402B443C4D02EBF363F5
:1020E0003544069E294482EA03052540554029448B
:1020F000374D03EBF1514D442C4483EA0105154063
:102100005D40254401EBB54581EA050404EA03027C
:102110004A405A44A6F5B82B089E05EB3232ABF282
:10212000BE6B54405B4423442A4C344402EB33736B
:102130000B9E0C4485EA020159402144264C34444C
:1021400003EB7151029E254482EA03044C4025446E
:10215000224C444401EB3545144483EA01026A40B1
:10216000224443E078A46AD7EECEBDC156B7C7E893
:10217000DB702024AF0F7CF52AC68747134630A8B2
:10218000019546FDD8988069AFF7448BBED75C892E
:102190002211906B2108B44962251EF640B340C05D
:1021A000515A5E26AAC7B6E95D102FD653144402D1
:1021B00081E6A1D8C8FBD3E7E6CDE121D60737C336
:1021C000870DD5F4ED145A4505E9E3A9F8A3EFFC12
:1021D000D9026F6781F6718722619D6D0C38E5FD2C
:1021E000937198FD8A4C2A8D8E4379A6934C344482
:1021F00005EB7222059E1C4481EA050353402344EB
:102200008F4C344402EB33730A9E0C4485EA02017E
:10221000594021448B4C4C4403EB7151254482EAD4
:1022200003044C402C44884D354401EB3444019E5A
:10223000154483EA010262402A44844D3D4404EB84
:1022400072221D4481EA040353402B44804D3544DF
:1022500002EB3373049E294484EA02055D4029445D
:102260007C4D354403EB7151079E254482EA0304FB
:102270004C402C44784D354401EB3444099E2A44AB
:1022800083EA010565401544744A324404EB752520
:10229000039E134481EA04026A401A44704B73445B
:1022A00005EB32720B4484EA0501514019446D4B31
:1022B000634402EB71511C4485EA02034B401C4409
:1022C000694B334401EB3444019E1D4482EA01030F
:1022D00063402B44654D04EB73233544069E15443F
:1022E00063EA010262402A44614D03EBB2624D444D
:1022F00062EA040929445F4D89EA030945444944D7
:102300002C445D4D02EBB1513544049E61EA030853
:102310001D4488EA0208444401EB744464EA020361
:102320004B402B44554D04EBF323754463EA010EF7
:1023300015448EEA040E0EEB0502514D03EBB2621A
:10234000354462EA040E29440A9D8EEA030EA5F57F
:1023500080164C4D7144A6F6833602EBB1512644EB
:1023600061EA030454403444029E01EB7444354452
:1023700064EA02061D444E407319089E424D04EB68
:10238000F323354463EA01061544664072193F4D54
:1023900003EBB262654462EA040629443C4D5E40A8
:1023A0003144079E02EBB151354461EA03062C44E7
:1023B000384D56403D443444059E1D4401EB744461
:1023C00064EA02034B402B44334D04EBF3233544C2
:1023D0000B9E154463EA010262402A442F4D03EB31
:1023E000B2623544039E0D4462EA04015940294417
:1023F0002B4D02EBB15135442A4E254461EA0304CA
:1024000054402C44099D01EB74442E4464EA0205B7
:102410001E4485EA01039D1903681A440AEB04036C
:1024200003EBF5230260436083681C44C3681944CE
:102430008460C1600DB0BDE8F08F00BF44EABEA467
:10244000A9CFDE4B604BBBF670BCBFBEC67E9B28DF
:10245000FA27A1EA8530EFD4051D880439D0D4D9F4
:10246000E599DBE6F87CA21F6556ACC4442229F44A
:1024700097FF2A43A72394AB39A093FCC3595B650C
:1024800092CC0C8FD15D84854F7EA86FE0E62CFE48
:10249000144301A3A111084E827E53F735F23ABDD1
:1024A000BBD2D72A91D386EB094B036003F1883363
:1024B000436003F12943A3F59613A3F68B6383606E
:1024C000A3F18833C3600023C0E90433704700BF21
:1024D000012345672DE9F8431446026905460E4677
:1024E000E300C2F3C50800F118079B18036122BF7F
:1024F00043690133436112F4FC7F436903EB547376
:10250000436114D0C8F1400907EB08004C4504D2E0
:102510002246BDE8F8430AF065B9403C4A464E44BD
:102520000AF060F9444439462846FFF76FFCA0469C
:1025300006EB0409B8F13F0FA9EB08010AD94022C4
:1025400038460AF04FF939462846A8F14008FFF707
:102550005DFCEFE7A1096FF03F02384602FB014244
:1025600006EB8111D5E7000070B50B6901F1180584
:1025700006460C46C3F3C503EA18501C8022EA54F1
:10258000C3F13F02072A1FD8002100F01BFA294699
:102590002046FFF73BFC38220021284600F012FAC3
:1025A000236929462046236563696365FFF72EFC8E
:1025B0002146102230460AF015F920465822002103
:1025C000BDE8704000F0FEB9C3F137020021E5E735
:1025D0002DE9F84F4FF47A7306460D46002402FBAE
:1025E00003F7DFF85080DFF8509098F900305FFA79
:1025F00084FA5A1C01D0A34212D159F824002A4669
:1026000031460368D3F820B03B46D847854207D10E
:10261000074B012083F800A0BDE8F88F0124E4E710
:10262000002CFBD04FF4FA7007F0B4FB0020F3E766
:102630004C5F0020182300201C23002000232DE9DC
:10264000F0471A46054688460120194605F092FCD7
:102650000446802008F098F90746002861D0002C35
:102660005FD03B4E28464FF0800A736943F0C06349
:102670007361D6F8143143F0C063C6F8143108F022
:1026800005F805EB080200FB05F34FF4D06C50434E
:102690004FF03D0E834233D23269520143D4D6F813
:1026A000102151013FD4216803F100628A60226841
:1026B000D7602268C2F804A02268C2F800C0D4F82B
:1026C0000090D9F8002042F00102C9F80020D4F8A7
:1026D0000090D9F8002022F01E02C9F80020D4F89A
:1026E0000090D9F80020D207FBD494F80C908033E6
:1026F00061680EFA09F20A60CCE7002008F0A4F83D
:10270000204605F077FC384608F07AF9104B5A69F4
:1027100042F0C0625A61D3F8142142F0C062C3F89B
:102720001421BDE8F0870B4B9A6A42F400729A625A
:102730009A6A42F400429A6261B60026012008F0CB
:1027400083F8B045D9D9A819013607F0B7FFF8E7E3
:102750000020005200ED00E0002307B502460121F1
:102760000DF107008DF80730FFF732FF20B19DF81B
:10277000070003B05DF804FB4FF0FF30F9E70000FD
:102780000A46042108B5FFF723FF80F00100C0B21C
:10279000404208BD074B0A4630B41978064B53F83F
:1027A0002140014623682046DD69044BAC4630BC1D
:1027B000604700BF4C5F00201C230020A086010062
:1027C00070B5104C0025104E07F064FF2080306873
:1027D000238883420CD800252088013807F056FF53
:1027E00023880544013BB5F5802F2380F4D370BDC9
:1027F00007F04CFF336805440133B5F5003F336003
:10280000E5D3E8E74E5F0020085F002008F01CB821
:1028100000F1006000F500300068704700F10060D2
:10282000920000F5003007F091BF0000054B1A68D8
:10283000054B1B889B1A834202D9104407F026BF20
:1028400000207047085F00204E5F0020024B1B688D
:10285000184407F021BF00BF085F0020024B1B682F
:10286000184407F02BBF00BF085F0020002070470E
:1028700000F1FF5000F58F10D0F8000870470000FD
:10288000064991F8243033B100230822086A81F800
:102890002430FFF7C3BF0120704700BF0C5F00204A
:1028A000014B1868704700BF0010005C194B0138DD
:1028B0000322084470B51D68174BC5F30B042D0C9B
:1028C0001E88A6420BD15C680A46013C8242134630
:1028D0000FD214F9016F4EB102F8016BF6E7013A1D
:1028E00003F10803ECD181420B4602D22C2203F8FB
:1028F000012B0424094A1688AE4204D1984284BFB1
:10290000967803F8016B013C02F10402F3D1581AE6
:1029100070BD00BF0010005C242300204CC90008DB
:10292000022803D1024B4FF400229A61704700BF86
:1029300000100258022802D1014B08229A61704708
:1029400000100258022804D1024A536983F0080398
:10295000536170470010025870B504464FF47A7600
:102960004CB1412C254628BF412506FB05F0641BD0
:1029700007F010FAF4E770BD002310B5934203D0BE
:10298000CC5CC4540133F9E710BD0000013810B528
:1029900010F9013F3BB191F900409C4203D11AB1BB
:1029A0000131013AF4E71AB191F90020981A10BDEB
:1029B0001046FCE703460246D01A12F9011B002913
:1029C000FAD1704702440346934202D003F8011B38
:1029D000FAE770472DE9F8431F4D1446074688462D
:1029E00095F8242052BBDFF870909CB395F8243002
:1029F0002BB92022FF2148462F62FFF7E3FF95F80D
:102A000024004146C0F1080205EB8000A24228BF25
:102A10002246D6B29200FFF7AFFF95F82430A41BF0
:102A200017441E449044E4B2F6B2082E85F82460A0
:102A3000DBD1FFF725FF0028D7D108E02B6A03EB95
:102A400082038342CFD0FFF71BFF0028CBD10020A9
:102A5000BDE8F8830120FBE70C5F0020024B1A78E9
:102A6000024B1A70704700BF4C5F002018230020F3
:102A700038B51A4C1A4D204606F0E0FB2946204690
:102A800006F008FC2D684FF47A70D5F89020D2F843
:102A9000043843F00203C2F80438FFF75DFF114920
:102AA000284606F005FDD5F890200F4DD2F80438E1
:102AB000286823F002030D49A042C2F804384FF4FD
:102AC000E1330B6001D006F017FB6868A04204D028
:102AD0000649BDE8384006F00FBB38BD386C002011
:102AE00020D2000828D200081C230020345F0020D8
:102AF0000C4B70B50C4D04461E780C4B55F8262037
:102B00009A420DD00A4B002118221846FFF75AFFAF
:102B10000460014655F82600BDE8704006F0ECBAA6
:102B200070BD00BF4C5F00201C230020386C0020CB
:102B3000345F002008B571B6054B1988054B18881D
:102B4000FFF77CFD02210E20FFF778FD61B608BD7E
:102B50004E5F0020085F00202DE9F3470D46044634
:102B600000219046284640F27912FFF72BFF2346BA
:102B700020220021284604F1220702F061FA231DD9
:102B8000022220212846C02602F05AFA631D0322A1
:102B90002221284602F054FAA31D032225212846AB
:102BA00002F04EFA04F1080310222821284602F010
:102BB00047FA04F1100308223821284602F040FAAF
:102BC00004F1110308224021284602F039FA04F1E9
:102BD000120308224821284602F032FA04F11403B5
:102BE00020225021284602F02BFA04F1180340223B
:102BF0007021284602F024FA04F120030822B021B3
:102C0000284602F01DFA04F121030822B8212846C3
:102C100002F016FA314608363B46082228460137AC
:102C200002F00EFAB6F5A07FF4D194F832303146B6
:102C300004F1330A00268DF8073008220DF107034E
:102C4000284602F0FDF99DF807304FEAC6099E427A
:102C500009F5A47720D394F83231502B28BF5023A4
:102C60008DF80730B8F1000F08D1394609F24F1737
:102C70000DF107030722284602F0E2F9002604F2CC
:102C800033149DF8073007EBC6019E420DD3073180
:102C9000C80802B0BDE8F0870AEB060308223946EF
:102CA0002846013602F0CCF9CDE7A31908222846C0
:102CB000013602F0C5F9E4E713B5044608460021E1
:102CC0002022234601900160C0F8031002F0B8F9F9
:102CD000231D01980222202102F0B2F9631D019800
:102CE0000322222102F0ACF9A31D01980322252121
:102CF00002F0A6F9019804F108031022282102F03D
:102D00009FF9072002B010BDF7B5047F05460E46B7
:102D10002CB1838A122B02D9012003B0F0BD00230D
:102D2000072228460096194602F04EF8731C01222D
:102D3000072100932846002302F046F8D4B9B31CBB
:102D4000052208212846009323460D2402F03CF872
:102D5000B378102BE0D83746BB1BB278934210D320
:102D600007342B7FA88AE408B3B9844294BF0020BB
:102D70000120D2E7AB8A0824DB00083BDB08B370F4
:102D8000E6E7FB1C2146082228460093002308346E
:102D9000013702F019F8DFE7201A18BF0120BCE75D
:102DA000F7B5047F05460E462CB1838ACA2B02D99B
:102DB000012003B0F0BD00230822284600961946E2
:102DC00002F002F8731CD4B90822009323461024A1
:102DD0001146284601F0F8FF7378C82BE8D8012384
:102DE0005F1C7278013B934210D307342B7FA88A73
:102DF000E408B3B9844294BF00200120D9E7AB8A2C
:102E00000824DB00083BDB087370E5E7F319214673
:102E1000082228460093002301F0D6FF08343B46E1
:102E2000DEE7201A18BF0120C3E70000F7B50D4602
:102E300004460021164628468122FFF7C3FD23469B
:102E400008220021284602F0FBF894F9012063785B
:102E5000002AB8BF7F238DF807309EB90F270DF1E8
:102E6000070307220821284602F0EAF80026023468
:102E70009DF8073007EBC6019E4205D30731C8080D
:102E800003B0F0BD0827F1E7A31908222846013650
:102E900002F0D6F8ECE70000F7B50E460546002133
:102EA00014463046CE22FFF78DFD2B462822002106
:102EB000304602F0C5F82B7AC82B28BFC8238DF8FE
:102EC00007308CB930240DF1070308222821304641
:102ED00002F0B6F82F467B1B9DF80720934205D3DE
:102EE000E01DC00803B0F0BD2824F3E707F1090393
:102EF0002146082230460834013702F0A1F8EAE7FB
:102F0000F7B5047F05460E4634B1838AB3F5827F58
:102F100002D9012003B0F0BD012310220021284670
:102F2000009601F051FFDCB9B31C0922102128469C
:102F300000932346192401F047FF7388B3F5807F7F
:102F4000E7D83746BB1B7288934210D307342B7FD8
:102F5000A88AE408B3B9844294BF00200120D9E7CD
:102F6000AB8A1024DB00103BDB087380E5E73B1DD8
:102F7000214608222846009300230834013701F037
:102F800023FFDFE7201A18BF0120C3E730B50A444A
:102F9000084D91420DD011F8013B5840082340F3F1
:102FA0000004013B2C4013F0FF0384EA5000F6D1EB
:102FB000EFE730BD2083B8EDF7B5384A6B461068AF
:102FC00051686A4603C308233549364809F0E8FBCF
:102FD0000446002833D10A25334A6B4610685168ED
:102FE0006A4603C3082331492E4809F0D9FB044639
:102FF000002849D00369B3F5F01F45D8B0F8661032
:1030000040F69B7291423FD1294A024402F15C0191
:103010008B4239D35C3B234900209E1AFFF7B6FF51
:1030200004F16401074632460020FFF7AFFFA368B2
:103030009F4229D1E368984208BF002524E0036934
:10304000B3F5F01F27D8418B40F69B72914220D1F7
:10305000174A024402F110018B4218D3103B114968
:1030600000209D1AFFF792FF04F1180106462A4638
:103070000020FFF78BFFA3689E4202D1E3689842CD
:1030800001D00D25A8E70025284603B0F0BD102586
:10309000A2E70C25A0E70B259EE700BF5CC900084E
:1030A000DCFF1D000000020865C9000890FF1D003C
:1030B0000800FEF710B50B68044608469B682160BF
:1030C0009847204610BD000010B50446006803680C
:1030D000DB689847204610BD10B5037C044613B941
:1030E000006807F08DFC204610BD00000023BFF3F0
:1030F0005B8FC360BFF35B8FBFF35B8F8360BFF3F6
:103100005B8F7047BFF35B8F0068BFF35B8F7047C7
:1031100070B505460C30FFF7F5FF044605F10806CB
:103120003046FFF7EFFFA04206D96D683046FFF743
:10313000E9FF2544281A70BD3046FFF7E3FF201A47
:10314000F9E7000070B505464068A0B105F10C062E
:1031500005F10800FFF7D6FF04463046FFF7D2FF1F
:10316000844204F1FF34304694BF6D680025FFF7B8
:10317000C9FF2C44201A70BD38B50C460546FFF730
:10318000C7FFA04210D305F10800FFF7BBFF0444BE
:103190006868BFF35B8FB4FBF0F100FB11440120C2
:1031A000AC60BFF35B8F38BD0020FCE72DE9F04138
:1031B000144607460D46FFF7C5FF844228BF044664
:1031C000D4B1B84658F80C6B4046FFF79BFF30442B
:1031D000286040467E68FFF795FF331A9C4203D86B
:1031E00001206C60BDE8F081A41B6B603B6820444B
:1031F000AB60E8600220F5E72046F3E738B50C46FF
:103200000546FFF79FFFA04210D305F10C00FFF722
:1032100079FF04446868BFF35B8FB4FBF0F100FBF7
:1032200011440120EC60BFF35B8F38BD0020FCE748
:103230002DE9FF418846694607466C46FFF7B6FF11
:10324000002506B204EBC606B4420AD0626808EB59
:10325000050120680834FFF78FFB54F8043C1D4437
:10326000F2E729463846FFF7C9FF284604B0BDE813
:10327000F0810000F8B505460C300F46FFF742FF1D
:1032800005F1080604463046FFF73CFFA0423046F1
:1032900088BF6C68FFF736FF201A386020B12C68B1
:1032A0003046FFF72FFF2044F8BD000073B51446E9
:1032B00006460D46FFF72CFF8442019028BF0446C6
:1032C000DCB101A93046FFF7D5FF019B33B9326865
:1032D000C5E90233C5E9002401200CE09C422860C6
:1032E00038BF0194019884426860F5D93368241A84
:1032F0000220AB60EC6002B070BD2046FBE700002E
:103300002DE9FF410F4669466C46FFF7CFFF00B23B
:10331000002604EBC005AC4209D0D4F80480B819EB
:1033200054F8081B42464644FFF726FBF3E73046B5
:1033300004B0BDE8F081000038B50546FFF7E0FFB6
:10334000044601462846FFF717FF204638BD000017
:103350000121884238BF084607F04EBB08B107F08C
:103360004FBB70477047000010B4134602681468E2
:103370000022A4465DF8044B6047000000F5805031
:1033800090F869047047000000F5805090F86204DE
:103390007047000000F5805090F968047047000005
:1033A0004E207047302383F3118800F58052D2F805
:1033B000AC34D2F8A8041844D2F8A4341844D2F893
:1033C0008C341844D2F89C341844D2F898341844F9
:1033D000002383F31188704700F58050C0F864140F
:1033E000012070472DE9FF470C4600F58051054646
:1033F000BDF8308091F8620498B1D1F888040130AA
:10340000C1F888042068860006D4207B08280BD9E0
:10341000667B0EB10F2807D9D1F88C340133C1F87F
:103420008C344FF0FF30A9E0302080F31188E86B36
:10343000D0F8C47017F4001713D0D1F890040130FD
:10344000C1F89004D1F89414002940F09A802146E4
:103450002846CDF8008001F07BF8002383F3118823
:103460008CE0D0F8C4604FF04809686BC6F304469E
:1034700019FB060920684FEA461A0028B4BF40F03D
:10348000804C4FEA804CC9F800C02068400044BF1F
:103490004CF00050C9F80000300694F80CC040EA27
:1034A0000C40C9F8040094F80DC0BCF1000F26D000
:1034B00040F44010C9F80400D1F8C0040130C1F84C
:1034C000C00405EB0A0101F58351087F40F020009C
:1034D0000877207BCDE9022301F092F80330DDE983
:1034E00002238010F9B20137814210DA04EB810C1B
:1034F00009EB8101DCF804C0C1F808C0F2E705EB74
:103500000A0101F58351087F6CF34510E0E70120C3
:10351000E96B04F10C07B040C1F8D00006F183015B
:10352000204605EB4111C1E9002305EB461101F5E9
:103530008351083150F804CBB84241F804CBF9D19B
:103540000088AA44088041F278014AF801600AF52F
:10355000805A08F003019AF87C0041F0100120F035
:103560001F0001438AF87C10002181F31188214655
:103570002846CDF8008000F0EBFF012004B0BDE844
:10358000F087002069E700002DE9F04700F580563C
:10359000044696F86254002D40F0048190F82030E3
:1035A000032B40F0948028462B462F465FFA80FC80
:1035B000944510DA01EBCC0E51F83CC0BCF1000F81
:1035C00004DBDEF804C0BCF1000F02DB0137013080
:1035D000ECE70133FBE7302080F31188E06BF3B9AF
:1035E000D0F8803043F00203C0F880304E23E06B07
:1035F000002F6FD1D0F8803043F00103C0F8803045
:10360000694B6A4A1B6803F1805303F52C539B00F6
:103610009342A36340F2B080654800F043FF4D2B16
:1036200042D8DFF884814FEA034EDFF88891D8F85A
:1036300000C04EEA8C0EC0F884E00CF1805000F51A
:103640002C508000606203EB0C00D4F83CC0C3F146
:103650004E03C8F80000DCF8800040F03000CCF8E1
:1036600080004FF0000CD4F82480E6465FFA8CF01E
:103670008242BCDD01EBC00A51F83000002810DBAB
:10368000DAF804A0BAF1000F0BDA09EA00400AF0F8
:103690007F0A40EA0A0040F0084048F82E000EF188
:1036A000010E0CF1010CE1E7836923F00103836152
:1036B00000F0FEFE0646E36B9B69D90704D500F0D7
:1036C000F7FE831BFA2BF6D9002383F311882846D3
:1036D000BDE8F087B7EB530F3DD2DFF8CCE04FEAFF
:1036E000074CDEF800304CEA830CC0F888C003F1C8
:1036F000805003EB4703002700F52C50CEF8003034
:10370000BC468000A062E06BD0F8803043F00C0330
:10371000C0F88030D4F828E0FBB29A427FF770AF4F
:1037200051F8330001EBC3080028D8F8043001DB5E
:10373000002B0EDB20F0604023F0604340F000508F
:1037400043F000434EF83C000EEBCC000CF1010CB2
:1037500043600137E0E7836923F00103836100F0F0
:10376000A7FE0646E36B9B69DA07ADD500F0A0FE25
:10377000831BFA2BF6D9A7E7E26B936923F00103C9
:10378000936100F095FE0746E36B9B69DB0705D567
:1037900000F08EFEC31BFA2BF6D995E7012586F8BB
:1037A000625491E7002592E7585F0020FCB5004085
:1037B00070C900080000FF0713B500F5805401919F
:1037C000606DFFF7BFFC1F280AD920220199606DA8
:1037D000FFF72EFDA0F120035842584102B010BD62
:1037E0000020FBE708B5302383F3118800F58050F3
:1037F000406DFFF77BFC002383F3118808BD0000B8
:1038000000220260828142608260704700220023B1
:1038100010B5C0E90023002304460C3020F8043C16
:10382000FFF7EEFF204610BD2DE9F0479A4688B01D
:10383000074688469146302383F3118807F5805464
:103840006846FFF7E3FF606DFFF762FC1F282ED983
:1038500020226946606DFFF76FFD202827D194F87C
:10386000623423B303AD444605AB2E46083403CE81
:103870009E4244F8080C44F8041C3546F5D13068E3
:103880002060B388A380DDE90023C9E90023BDF8E7
:103890000830AAF80030002383F3118853464A46C3
:1038A0004146384608B0BDE8F04700F00FBE0020A2
:1038B00080F3118808B0BDE8F08700002DE9F84FCB
:1038C000064688461822002104303546FFF77AF86C
:1038D000254B06F5825745F8403B2C4620462034C0
:1038E000FFF794FFA742F9D106F580544FF48053B7
:1038F00006F5A4594FF0000A2564002567654FF0CE
:10390000000B06F58457E564C4E91135012384F8FA
:10391000503084F85830A7F11800203747E910AB31
:10392000FFF76EFF47F8285C4F45F4D184F86884B0
:10393000A4F86A54A4F86C54A4F86E5484F8705433
:10394000A4F87254A4F87454A4F8765484F8785403
:10395000B8F1000F02D0054800F0A4FD044B30463A
:10396000F363BDE8F88F00BFB0C9000894C9000830
:1039700000A00040044B10B5197804464A1C1A7088
:10398000FFF79CFF204610BD555F00202DE9F04356
:1039900000295AD02E4E2F48B6FBF1F481428CBF3D
:1039A0000A201120431EB4FBF0F700FB1740DDB2E4
:1039B00020B1022B1846F5D8002032E07B1EB3F56B
:1039C000806F2ED2C5EBC5084FF47A7308F103045B
:1039D0004FEAE40EC4F3C7040EF10109281B0EFBE5
:1039E000033E5FFA80FC59FA80F0BEFBF0F0B0F5C0
:1039F000617F18DC83B2601C5CFA80F07843B6FB10
:103A0000F0F08142D8D1611E0F29D5D80CF1FF31D9
:103A10000729D1D80120138057801071547182F882
:103A200006C0BDE8F08308F1FF34E010C4F3C7041A
:103A300000F1010E2D1B00FB03335FFA85FC5EFADB
:103A400085F5B3FBF5F39BB2D5E70846E9E700BF80
:103A500000B4C4043F420F0030B50D4B05200D4D9E
:103A60001C786C438C420ED1597801205180997892
:103A70005171D9789171197911715B7903EB8303D5
:103A80005B00138030BD013803F10603E8D1F9E78C
:103A9000F4C9000840420F0038B540F27772C36B9A
:103AA000154CC3F8BC200722C36BC3F8C82022689A
:103AB000C16B930043F4C023C1F8A03002F18053DE
:103AC00002F16C01C56B03F52C53EA3289009B00AF
:103AD000226041F0E061094AC362C5F8C01003F5F5
:103AE000D87103F56A7341639342836302D9044832
:103AF00000F0D8FC38BD00BF585F0020FCB5004086
:103B000070C900082DE9F04700F580551F4688B0C0
:103B1000044695F8683489469046012B04D900265E
:103B2000304608B0BDE8F087A34A52F8231009B91F
:103B300042F82300A148C4F81C90017884F8207052
:103B4000C9B9302383F311889D4BD3F8EC2042F49C
:103B50008072C3F8EC20D3F8942042F48072C3F84A
:103B60009420D3F8942022F48072C3F89420012387
:103B7000037081F3118895F861647EB9302383F373
:103B800011880321132004F0C9FE0321152004F03D
:103B9000C5FE012385F8613486F31188302383F351
:103BA0001188E26B936923F01003936100F080FCAD
:103BB0008246E36B9E6916F0080609D000F078FC97
:103BC000A0EB0A03FA2BF4D9002686F31188A7E7A5
:103BD0009A6942F001029A6100F06AFC8246E36B46
:103BE0009A69D00706D400F063FCA0EB0A03FA2B15
:103BF000F5D9E9E79A694FF0000A42F002029A61AA
:103C0000E36BC3F854A08AF31188686DFFF76EFA6E
:103C1000202200216846FEF7D5FE02A8FFF7F0FD3E
:103C200004F583536A460DF1180E3344CDF818A0FD
:103C300094460833BCE80300F44543F8080C43F805
:103C4000041C6246F4D1DCF8000020361860B6F59A
:103C5000806F9CF804201A71DAD1002304F5A35276
:103C6000494620460A3285F8603485F86334FFF708
:103C70008DFE064690B9E26B936923F001039361D0
:103C800000F016FC0546E36B9B69D9077FF547AF4B
:103C900000F00EFC431BFA2BF5D940E795F86E3483
:103CA000C5F87C94591E95F86F34E26B013B1B02FA
:103CB00043EA416395F8701401390B43B5F86C146D
:103CC000013943EA0143D361B8F1000F36D004F55E
:103CD000A352414620461232FFF7BEFE90B9E26B76
:103CE000936923F00103936100F0E2FB0546E36B67
:103CF0009B69DA077FF513AF00F0DAFB431BFA2B61
:103D0000F5D90CE795F87724C5F88084511E95F80D
:103D10007824E36B013A120142EA012295F8761405
:103D200001390A43B5F87414013942EA014242F4F8
:103D30000002DA604FF42062E36B9A64E36B4FF0A9
:103D400000082046C3F8BC80FFF7A6FE85F869840A
:103D50006FF04042E36B1A651A4AE36B5A654FF005
:103D60000222E36B9A654FF0FF32E36BC3F8E02069
:103D70000322E36B9742DA6514D0E26B936923F078
:103D80000103936100F094FB0746E36B9B69DB073B
:103D900005D500F08DFBC31BFA2BF6D9BFE6012336
:103DA00085F86234084C01220821204604F03AF9D3
:103DB00008236383B4E600BF505F0020545F0020F7
:103DC0000044025855020002000C02582DE9F04F41
:103DD00000F5A5578BB00546904699464FF0000B6D
:103DE00041F2780A1037EB6BD3F8D83023FA0BF393
:103DF000DC0753D505EB4B114FEA4B1251440B79BD
:103E000018074BD405F58056D6F894340133C6F81C
:103E10009434C7E900890B79990605EB020148BF84
:103E2000D6F8C434514444BF0133C6F8C4340B79C6
:103E300043F008030B71DB0725D596F8633413B301
:103E400005F5835402A80192FFF7E0FC0834019ABB
:103E500005AB144404F1080C2068083454F8041C21
:103E60001A46644503C21346F6D1206802A91060C1
:103E70002846A2889A800123ADF810302B68CDE93E
:103E800002891B6C9847D6F8B834D6F8640401331D
:103E9000C6F8B83410B103681B6998470BF1010BE1
:103EA000BBF1200F9FD10BB0BDE8F08F2DE9F04F93
:103EB0000F468DB0044600F0FDFA82468946002F79
:103EC0005BD1E36BD3F8A02012F4FE0F03D10020E6
:103ED0000DB0BDE8F08FD3F8A420920141BF04F5E6
:103EE0008051D1F8A8240132C1F8A824D3F8A42025
:103EF0005606ECD0D3F8A450E66AC5F3052548234E
:103F0000E8464FF0000B03FB05664046FFF778FCE0
:103F1000326851004ABF22F06043C2F38A4343F043
:103F20000043920048BF43F080430093736813F44A
:103F300000131BBF012304F580528DF80D308DF85E
:103F40000D301EBFD2F8C8340133C2F8C834F3882C
:103F500003F00F038DF80C309DF80C0000F050FBBF
:103F60005FFA8BF3984225D9F2180CA90BF1010BDB
:103F7000127A0B4403F82C2CEEE7012FA7D1E36B48
:103F8000D3F8B02012F4FE0FA1D0D3F8B4209501DD
:103F900041BF04F58051D1F8A8240132C1F8A8240A
:103FA000D3F8B420500692D0D3F8B450266BC5F3A2
:103FB0000525A4E7EFB9E36BC3F8A85004A807AD43
:103FC000FFF724FC98E80F0007C52B80002320464C
:103FD00004A9ADF81830236804F580541B6CCDE9B2
:103FE00004A9984758B1D4F8A0340133C4F8A034D8
:103FF0006EE7012FE2D1E36BC3F8B850DEE7D4F8E7
:10400000A43401200133C4F8A43461E72DE9F04160
:1040100005460F4600F58054012639462846FFF72D
:1040200045FF10B184F86364F7E7D4F8B834D4F8E6
:1040300064040133C4F8B83420B10368BDE8F0412A
:104040001B691847BDE8F081C36BF0B51A6C12F418
:104050007F0F2BD01B6C00F5805441F278054FF098
:10406000010CC4F8BC340023471900EB43125E0175
:104070002A44117911F0020F15D0490713D4B95908
:10408000C66B0CFA01F1D6F8CCE011EA0E0F0AD09B
:10409000C6F8D410117941F004011171D4F89C24B0
:1040A0000132C4F89C240133202BDED1F0BD000086
:1040B00010B5264C264B22680AB340B31A6D920500
:1040C0000FD54FF400721A6500F0F4F950EA0102BE
:1040D0000B4602D0013861F1000302462068FFF769
:1040E00075FE1B4A136D9B012AD523684FF00071A2
:1040F00003F580531165012283F8692420E0012231
:104100001A6510221A654FF480521A6510BD196D98
:10411000C80702D4196D490705D505211046196550
:104120000021FFF773FF0A4B1A6DD00602D41A6DF7
:10413000510605D5502201211A652068FFF766FF58
:104140002068BDE81040FFF77FBF00BF505F002030
:1041500000A0004008B5302383F31188FFF774FFF7
:10416000002383F3118808BDC36BD3F8C00010F09F
:104170007C5005D0D3F8C40080F40010C0F3405048
:104180007047000008B5302383F3118800F5805094
:10419000406DFEF7BDFF002383F3118843090CBF78
:1041A0000120002008BD000000F5805393F8692429
:1041B00062B1C16B8A6922F001028A61D3F8AC2432
:1041C0000132C3F8AC24002283F869247047000050
:1041D0002DE9F743302181F31188002500F5835143
:1041E00041F2780E4FF0010800F5805C00EB4514B9
:1041F0007444267977071CD4F6061AD58E69D0F850
:104200003C9008FA06F6D9F8CC703E4211D04F68BF
:1042100001970F689742019F9F410AD2C9F8D46065
:10422000267946F004062671DCF898440134CCF86F
:10423000984401352031202DD8D1002383F31188F3
:1042400003B0BDE8F0830000F8B51E4600230F461A
:10425000054613701446FFF795FF80F00100387093
:104260001EB12846FFF780FF2070F8BD2DE9F04F02
:1042700085B099460D468046164691F800B0DDE9B6
:104280000EA302931378019300F014F92B780446DF
:104290000F4613B93378002B41D022463B464046A7
:1042A000FFF796FFFFF756FFFFF77EFF4B463246BC
:1042B0002946FFF7C9FF2B7833B1BBF1000F03D0BC
:1042C000012005B0BDE8F08F337813B1019B002BBE
:1042D000F6D108F5805303935445029B77EB030313
:1042E0001DD2039BD3F86404C8B10368AAEB040190
:1042F0001B6898474B46324629464046FFF7A4FFC5
:104300002B7813B1BBF1000FDAD1337813B1019BD5
:10431000002BD5D100F0CEF804460F46DCE7002094
:10432000CFE7000008B50020FFF7C2FEBDE8084057
:1043300003F00CBC08B50120FFF7BAFEBDE8084049
:1043400003F004BC036800211B681847043008B55B
:1043500005F0A6FB012008BD10B521B10368BDE83A
:1043600010405B681847043005F06EFB012010BD5B
:10437000043005F08BBB0000044B10B5044640F838
:10438000043B05F01FFB204610BD00BF1CCA0008FF
:1043900010B5084C01220849002002F027FF2378BD
:1043A0003BB1064804F020FE044804F053FE00230D
:1043B000237010BD5C5F002034CA0008C06200207A
:1043C0001D482DE9F041036D2BB901224FF48051B6
:1043D000503006F0ADFC194E33780BB1FFF7D8FF23
:1043E0000324174F4FF00008134D15492846C7F80E
:1043F000048004F021FE284604F05AFC48B1013C38
:10440000284604F027FE14F0FF04EED12046347055
:104410000FE00C4901220C4802F0E8FE014618B1F9
:10442000284604F0E1FDEAE7084800F011F8012011
:104430003070BDE8F08100BFC06200205C5F0020EA
:104440003C23002034CA0008605F002038CA0008FE
:104450000FB4002004B0704700B59BB0EFF30981A2
:1044600068226846FEF788FAEFF30583014B9B6BE1
:10447000FEE700BF00ED00E008B5FFF7EDFF00002C
:1044800000B59BB0EFF3098168226846FEF774FA25
:10449000EFF30583014B5B6BFEE700BF00ED00E02F
:1044A000FEE700000FB408B5029805F0F5FBFEE743
:1044B00006F002BB06F0E4BA0139C9B202299EBF78
:1044C00000EBC1000023C0E9013370472DE9F84338
:1044D0001E461B88054688465B0718D4044600F133
:1044E00018094C4513D063686BB12B682846DB6B09
:1044F00098473388C1B2A76843F004034246606816
:10450000B8470834EDE7A368002BEED1F9E70120A6
:10451000BDE8F88373B56C4684E8060001460022C6
:104520004E68D5B26EB98E685EB900EBC200013537
:10453000021D94E8030082E8030001201D7002B010
:1045400070BD01320831032AEAD10020F7E70000EC
:104550002DE9F04F2DED028B89B004468B460546C0
:10456000BDF8508000F11809002708F0040A9FEDFB
:10457000228BA94537D06B680BB9AB6863B1BAF130
:10458000000F0BD123682046DB6B98474346C1B22E
:104590005A46D5E90106B0470835EAE7002FFBD1B6
:1045A0005B4603AA0BF1080CADF808708DED008B8B
:1045B0001868083353F8041C1746634503C73A4686
:1045C000F6D1186838609B88BB800127FFF772FF1F
:1045D0000423ADF808302368CDE900011B6C69465F
:1045E00020469847D8E7012009B0BDEC028BBDE812
:1045F000F08F00BFAFF3008000000000000000005B
:10460000082817D909280CD00A280CD00B280CD060
:104610000C280CD00D280CD00E2814BF40203020C0
:1046200070470C20704710207047142070471820E6
:1046300070472020704700002DE9F041456A15B908
:104640004162BDE8F0814B68AC4623F06047C3F39C
:104650008A464FEAD37EC3F3807816EA230638BF32
:104660003E462B465A68BEEBD27F22F060440AD009
:10467000002A18DAA40CB44217D19D420FD10D6064
:10468000DEE71346EEE7A74207D102F08044C2F30B
:10469000807242450BD054B1EFE708D2EDE7CCF879
:1046A00000100B60CDE7B44201D0B442E5D81A68DF
:1046B0009C46002AE5D11960C3E700002DE9F047C8
:1046C000089D01F0070400EBD1004FF47F494FEA49
:1046D000D508224405F00705944201D1BDE8F087D2
:1046E00004F0070705F0070A111B08EBD50E574524
:1046F0003E4613F80EC038BF5646C6F108068E4235
:1047000028BF0E46E108415C34443544B94029FADB
:1047100006F721FA0AF1FFB28CEA010147FA0AF71B
:1047200039408CEA010C03F80EC0D5E780EA01207D
:10473000082341F2210201B2013B4000002980B26E
:10474000B8BF504013F0FF03F5D1704738B50C46A1
:104750008D18A54200D138BD14F8011BFFF7E6FF04
:10476000F7E7000042684AB11368818943604389D2
:1047700001339BB29942438138BF83811046704711
:1047800070B588B0044620220D4668460021FEF729
:1047900019F920460495FFF7E5FF024660B16B4624
:1047A000054608AE1C46083503CCB44245F8080C53
:1047B00045F8041C2346F5D1104608B070BD000032
:1047C000082817D909280CD00A280CD00B280CD09F
:1047D0000C280CD00D280CD00E2814BF40203020FF
:1047E00070470C2070471020704714207047182025
:1047F0007047202070470000082817D90C280CD9D2
:1048000010280CD914280CD918280CD920280CD918
:1048100030288CBF0F200E207047092070470A20D7
:1048200070470B2070470C2070470D207047000028
:104830002DE9F843078C0446072F1ED900254FF6B3
:10484000FF73D0E90298C5F12006A5F1200029FAEE
:1048500005F1083508FA06F628FA00F0314301435D
:104860001846C9B2FFF762FF402D0346EBD13A4626
:10487000E169BDE8F843FFF769BF4FF6FF70BDE897
:10488000F883000010B54B6823B9CA8A63F30902A4
:10489000CA8210BD04691A681C600361C38A013BA7
:1048A000C3824A60EFE700002DE9F84F1D46CB8A2E
:1048B0000F468146C3F30901924605290B4630D0C5
:1048C0000020AAB207F11A049EB21FFA80F8042E43
:1048D0000FD8904503F1010306D30A44FB8A62F323
:1048E00009030120FB821AE01AF800600130E65447
:1048F000EAE79045F1D2A1F1050B1C237C68BBFBD4
:10490000F3F203FB12BB1FFA8BF6002C45D148468D
:10491000FFF728FF044638B978606FF00200BDE861
:10492000F88F4FF00008E6E7002606607860ADB229
:104930004FF0000B454510D90AEB0803221D13F870
:10494000011B08F101089155B1B21FFA88F81B2923
:104950002BD0454506F10106F1D8FB8AC3F30902C5
:10496000154465F30903BCE701321C4692B2236883
:10497000002BF9D16B1F0B441C21B3FBF1F3013366
:104980009BB29A42D3D2BBF1000FD0D14846FFF779
:10499000E9FE20B9C4F800B0BFE70122E7E7C0F89C
:1049A00000B05E4620600446C1E74545D5D948467B
:1049B000FFF7D8FE08B92060AFE7C0F800B00026C6
:1049C00020600446B6E700002DE9F04F1C4607467C
:1049D00088462DED028B83B05B690192002B00F0BD
:1049E000A780238C2BB1E269002A00F0A180072B5D
:1049F00035D807F10C00FFF7B5FE054638B96FF062
:104A00000205284603B0BDEC028BBDE8F08F1422EE
:104A10000021FDF7D7FF228CE16905F10800FDF7C1
:104A2000ABFF208C48F00041013080B2FFF7E4FE7C
:104A3000FFF7C6FE013880B2208401302874384662
:104A40006369228C1B782A4403F01F0363F03F0341
:104A5000137269602946FFF7EFFD0125D1E70233A4
:104A60000722C18A9BB20633B3FBF2F3828A9BB260
:104A7000521A92B29342C2D84FF0000900F10C03CF
:104A80004FF0800A4E464D4608EE103A18EE100AD6
:104A9000FFF768FE83460028B1D014220021FDF7FD
:104AA00091FF002E3AD1019B0222ABF808300BF1A6
:104AB000080E1FFA82FC218C0CF10100BCF1060FDC
:104AC00080B201D88E422BD3FFF796FE8E4208BFEC
:104AD0004FF0400AFFF774FE626901380135127821
:104AE0001BFA80F1013002F01F022DB242EA491296
:104AF00089F001094AEA020A48F0004281F808A058
:104B000059468BF810003846CBF804204FF0000AC5
:104B1000FFF792FD238CB342B8D172E70022C6E7BB
:104B2000E169895D01360EF80210B6B20132C0E7C4
:104B30006FF0010565E70000F8B515460E46302216
:104B4000002104461F46FDF73DFF069BB5F5001FFB
:104B5000A760636004F11000079B34BF6A094FF639
:104B6000FF72E661A362002397B29A4206D800233F
:104B70000360A782E3822383E360F8BD066001330C
:104B800030462036F1E7000003781BB94BB2002B0A
:104B9000C8BF01707047000000787047F8B50C4638
:104BA000C969074611B9238C002B37D1257E1F2DEB
:104BB00034D8387828BB228C072A2CD8268A36F09D
:104BC00003032BD14FF6FF70FFF7C0FD20F001006B
:104BD00031024FF6FF72400441EA0561400C41EAA0
:104BE0004025234629463846FFF7EEFE002807DD1C
:104BF000626913780133DBB21F2B88BF0023137067
:104C0000F8BD218A2D0645EA012505432046FFF718
:104C10000FFE0246E5E76FF00300F1E76FF00100D9
:104C2000EEE7000070B58AB004461646002128223F
:104C300068461D46FDF7C6FEBDF838306946204679
:104C4000ADF810300F9B05939DF840308DF818306B
:104C5000119B0793BDF84830CDE90265ADF82030CF
:104C6000FFF79CFF0AB070BD2DE9F041D3690546FE
:104C70000C4616460BB9138C5BBB377E1F2F28D80A
:104C800095F80080B8F1000F26D03046FFF7D0FD30
:104C9000337821020246284641EAC331338A41EA89
:104CA000080141EA076141EA0341334641F08001CE
:104CB000FFF78AFE00280ADD3378012B07D17269DD
:104CC00013780133DBB21F2B88BF00231370BDE8BC
:104CD000F0816FF00100FAE76FF00300F7E70000E2
:104CE000F0B58BB004460D461746002128226846D1
:104CF0001E46FDF767FE9DF84C30294620465A1E99
:104D0000534253416A468DF800309DF84030ADF86B
:104D10001030119B05939DF848308DF81830149B86
:104D20000793BDF85430CDE90276ADF82030FFF797
:104D30009BFF0BB0F0BD0000406A00B1043070472B
:104D4000436A1A68426202691A600361C38A013BBE
:104D5000C38270472DE9F041D0F8208014461D46EB
:104D6000184E4146002709B9BDE8F081D1E9022378
:104D7000A21A65EB0303964277EB03031ED2036A84
:104D80008B420DD1FFF77EFD036A1B680362036946
:104D90000B60C38A0161013B016AC3828846E2E776
:104DA000FFF770FD0B68C8F8003003690B60C38A19
:104DB0000161013BC382D8F80010D4E78846096836
:104DC000D1E700BF80841E002DE9F04F8BB00D4667
:104DD00014469B46DDF850908046002800F018816C
:104DE000B9F1000F00F01481531E3F2B00F2108127
:104DF000012A03D1BBF1000F40F00A810023CDE965
:104E00000833B8F81430B5EBC30F4FEAC30703D328
:104E100000200BB0BDE8F08F2B199F42D8F80C3062
:104E200036BF7F1B2746FFB21BB9D8F81030002BC6
:104E30007AD0272D4DD8C5F1280600232946B74240
:104E4000009308ABD8F808002CBFF6B23E46A7EB9B
:104E5000060A354432465FFA8AFAFFF72FFCB8F8A3
:104E60001430282103F10053053BDB000493D8F8EC
:104E70000C300393039B13B1BAF1000F2CD1D8F877
:104E8000100040B1BAF1000F05D008AB5246691AC4
:104E90000096FFF713FC38B2002FB9D066070AD08E
:104EA0000AAB624203EBD40102F0070211F8083C9E
:104EB000134101F8083C082C3DD9102C40F2B58074
:104EC000202C40F2B780BBF1000F00F09C8008233B
:104ED00035E0BA460026C2E7049BE02B28BFE0235A
:104EE00006930B44AB42059315D95A1B0398691AD4
:104EF0000096924508AB00F1040034BF5246D2B28E
:104F00000792FFF7DBFB079A1644AAEB020A154447
:104F1000F6B25FFA8AFA049B069A05999B1A0493E3
:104F2000039B1B680393A5E700933A4608AB294609
:104F3000D8F80800ADE7BBF1000F13D00123B4EBA4
:104F4000C30F6BD0082C12D89DF82030621E23FAB4
:104F500002F2D50706D54FF0FF3202FA04F42343DC
:104F60008DF820309DF8203089F8003051E7102C62
:104F700012D8BDF82030621E23FA02F2D10706D5FE
:104F80004FF0FF3202FA04F42343ADF82030BDF8AD
:104F90002030A9F800303CE7202C0FD80899631E78
:104FA00021FA03F3DA0705D54FF0FF3202FA04F4D1
:104FB0000C430894089BC9F800302AE7402C2AD0FB
:104FC000611EC4F12102A4F12103DDE9086526FA7E
:104FD00001F105FA02F225FA03F311431943CB0755
:104FE00011D50122A4F12003C4F1200102FA03F338
:104FF00022FA01F1A2400B43524263EB43033243D6
:105000002B43CDE90823DDE90823C9E9002300E7A4
:105010006FF00100FDE66FF00800FAE6082CA1D958
:10502000102CB4D9202CEED8C4E7BBF1000FAED0C1
:10503000022384E7BBF1000FBCD004237FE700000C
:10504000012A30B5144638BF012485B00025402C14
:1050500028BF4024012ACDE9025518D81B788DF8C5
:10506000083063070AD004AB624203EBD40502F0B8
:10507000070215F8083C934005F8083C03460091E8
:105080002246002102A8FFF719FB05B030BD082A0F
:10509000E4D9102A03D81B88ADF80830E1E7202AAC
:1050A00095BF1B68D3E900230293CDE90223D8E71B
:1050B00010B5CB681BB98B600B618B8210BD046986
:1050C0001A681C600361C38A013BC382CA60F0E7AF
:1050D00003064CBFC0F3C0300220704708B502463B
:1050E000FFF7F6FF022806D15306C2F30F2001D1C5
:1050F00000F0030008BDC2F30740FBE72DE9F04FC5
:1051000093B004460D46CDE903230A681046FFF725
:10511000DFFF0228824614BFC2F306260026002ABB
:1051200080F2F88112F0C04940F0F481097B002937
:1051300000F0F081022803D02378B34240F0ED81E3
:10514000C2F3046310462944069302F07F030593DB
:10515000FFF7C4FF059B002283464FEA83480023E4
:1051600048EA0A4848EA4668CE78CDE90823F309B8
:1051700048EA0008029368D0059B024608A9204629
:10518000009353466768B847002800F0C981276A32
:105190004FB9414604F10C00FFF7F2FA074690B907
:1051A0006FF0020055E03B6998450DD03F68002F35
:1051B000F9D1414604F10C00FFF7E2FA0746002856
:1051C000EED0236A3B60276297F817C006F01F08ED
:1051D000CCF3840CACEB0800A8EB0C031FFA80FEA8
:1051E0000028B8BF0EF120001FFA83FEB8BF00B23E
:1051F000002B0793B8BF0EF12003D7E90221BCBFF3
:105200001BB2079352EA010338D0039B4FF0000C06
:10521000DFF81CE39A1A049B63EB010196457CEBD3
:1052200001032BD36B7B97F81AE0734519D1029BCE
:10523000002B78D0012821DC7868F8B9DFF8ECC2BF
:10524000944570EB010316D337E0276A27B96FF056
:105250000C0013B0BDE8F08F3B699845B4D03F68AF
:10526000F4E7B24890427CEB010301D30020F0E761
:10527000029B002BFAD0079B0F2B17DCFA7DB300A3
:105280003946204602F0030203F07C031343FB750A
:10529000FFF7F8FA6B7BBB76029B3BB9FB7DC3F350
:1052A0008402013262F38603FB75D0E76A7BBB7E22
:1052B0009A42DBD1029B002B35D0B309022B32D0AE
:1052C000039B142200210DA8BB60049BFB60FDF72B
:1052D00079FB039B0AA920460A93049BADF83EB0D4
:1052E0000B932B1D8DF840A00C932B7B8DF84180E8
:1052F000013BDBB2ADF83C30069B8DF84230059B9C
:105300008DF8433094F82C3083F001038DF844304D
:10531000A3689847FB7DC3F38403013303F01F03A5
:105320009B02FB82A2E7FB7DC6F34012B2EBD31FC8
:1053300040F0F980C3F38403434540F0FB80029AB8
:10534000B6092B7B002A52D016F0010661D1032B3F
:1053500040F2F380039B394604F10C00BB60049BD0
:10536000FB60FB8A66F30903AE1DFB8232462B7B92
:10537000033BDBB2FFF798FA00280CDA39462046E7
:10538000FFF780FAFB7DC3F38403013303F01F03AF
:105390009B02FB8204E7AB88DDE908843B834FF680
:1053A000FF73C9F12000A9F1200228FA09F109F1DF
:1053B000080904FA00F024FA02F2014318461143E6
:1053C000C9B2FFF7B3F9B9F1400F0346E9D1B8828A
:1053D00031462A7B033AD2B2FFF7B8F9FB7DB88297
:1053E000DA43C2F3C01262F3C713FB753EE786B916
:1053F0002E1D013B394604F10C00DBB23246FFF7AB
:1054000053FA0028BADB2A7B3146B88A013AD2B275
:10541000E2E7F98A013BC1F30901DAB204295BD85A
:10542000281D002307F11B069A4208D910F801CB6A
:10543000013306F801C00131DBB20529F4D103992B
:1054400093420A9138BF043304992CBF002355FAC4
:1054500083F30B9107F11B010C9179680E930D9169
:10546000291DFB8AADF83EB0C3F309038DF840A0B7
:105470008DF841801A44069B8DF84230059BADF8AB
:105480003C208DF8433094F82C3083F001038DF8E4
:1054900044300023B88A7B602A7B013AFFF756F933
:1054A0003B8BB882834203D1A3680AA92046984760
:1054B00020460AA9FFF7FCFDFB7DBA8AC3F38403EB
:1054C000013303F01F039B02FB823B8B9A420CBF0C
:1054D00000206FF01000BCE67B68002BAFD00520E9
:1054E00001E01C3033461E68002EFAD1091A2E1D29
:1054F000081D184401EB090C5FFA89F3BCF11B0F7E
:105500009DD89A429BD916F8013B09F1010900F890
:10551000013BEFE76FF009009BE66FF00A0098E6A9
:105520006FF00B0095E66FF00D0092E640420F0021
:1055300080841E006FF00E008BE66FF00F0088E68F
:105540000068704703460068596870470B0A01708D
:1055500043700B0C090E8370C1707047110A027002
:1055600003714170110C120E8170C2701A0A4271DF
:105570001A0C1B0E8271C37170470000C36A023996
:10558000023B8B4283BF4389006C01FB0300002078
:1055900070470000C2F307238A76CB760378032B8B
:1055A00001BF120C0A75120A4A75704700F10B010F
:1055B0000022D30143EA520310F8012B52FA83F37D
:1055C0008842DAB2F5D110467047000010B5417834
:1055D00004460020013102464901022A16BFA35C9D
:1055E000032203EBC03302F101021EBF9BB203EBA7
:1055F000500398B29142F0D810BD000002684AB141
:10560000134613F8011B1F290DD93A29F9D1911C12
:105610008B4202D04FF0FF3070471278302AF9D118
:10562000036000207047014B18787047B06100207C
:1056300038B50D46044618B9092000232B6038BD43
:105640000368002BF8D01A78002AF5D08188DA8810
:105650009142F1D1587804F039FD10F00100EBD1FE
:105660002368EBE738B50D4640F25231144602F09C
:10567000B9F9FF2807D9012C0BD9030A0224687055
:105680002B70204638BD30B1002CFAD00124287090
:10569000F7E70024F5E70446F3E700002DE9F843B7
:1056A0000026D0F8008005460C468E76836B002BD2
:1056B0004AD098F80030042B4BD13346354640276A
:1056C00020E0B7F5187F80F0C480F90606F10106E6
:1056D00008BF0237D05B02372BB900F5205292B2D7
:1056E000B2F5006F0DD305F11A01C5F1FF0240EAD2
:1056F00003402144FFF7B6FF002800F0AA800544CC
:1057000000200346D8F8102092F82310B142D8D8D0
:10571000002B40F09E80002D00F09B80002325444C
:10572000AB766373D8F81020137903F03701DB06EA
:1057300021730BD402F13800FFF704FFC4E9000124
:1057400093896381D3892381BDE8F88300200146D2
:10575000F4E7C36C01335ED1EA6B00232E26551E9D
:10576000184615F8011F013020290CD0052908BF63
:10577000E521092804D10B2B9EBFE71801337E7366
:10578000E718013379730B28EBD1E1180020487337
:10579000A17E00294BD1002B40D06FF00C0604F104
:1057A0000D000825361B331810F8011B002938D0CE
:1057B0002E298BB24AD0A3F14101192903D8117BBC
:1057C0000D4200D020330373EDE7B9F1000F05D18E
:1057D00000F520539BB2B3F5006F0BD307F11A010C
:1057E000C7F1FF0240EA09402144FFF73BFF48B1FF
:1057F0000744002002368146D8F80C30985B002818
:10580000E3D13846B9F1000F4FF0000218BF002075
:1058100023189A76A0E7B1463746EDE73F23A376F3
:105820000123234400219976137B03B96373D37A50
:1058300002F11C0003F03F0323730023FFF780FEF7
:1058400020606360D38A6381138B7CE710250B464D
:10585000B9E73F230125A37660E7000038B5054688
:10586000002435F8020B08B9204638BD02F0EEF8E6
:105870006308C2B203EBC43312FA83F39AB2C0F3E3
:10588000072303EB520303EBC2339CB2E9E70000AA
:1058900037B5C37804461BB90025284603B030BD90
:1058A00000F14C01826C01234078019104F034FC3A
:1058B000054680B9A36BE070A06C226BC31A9342BB
:1058C000EAD2A3780199022BE6D102440123607841
:1058D00004F022FCE1E70125DFE7000038B5836C26
:1058E00005460C468B4210D0FFF7D2FF60B9224626
:1058F000012305F14C01687804F0EAFB00281CBF85
:105900004FF0FF340120AC6438BD0020FCE70000FC
:1059100038B500230446C3704FF0FF338364FFF7AC
:10592000DDFF00284BD1B4F84A524AF655239D4278
:1059300007D10B22254904F14C0006F021FF002875
:105940003FD094F84C30EB2B03D01833DBB2012B53
:105950002ED84AF655239D4206D108221C4904F14F
:105960009E0006F00DFF48B3B4F85730B3F5007F42
:105970001ED194F85930DBB15A1E1A4218D1B4F82E
:105980005A30ABB194F85C30013B012B10D8B4F81D
:105990005D306BB1B4F85F307F2B06D804F16C003A
:1059A000FFF7CEFDB0F5803F02D3B4F8623053B9B3
:1059B0004AF6552085420CBF0220032038BD042042
:1059C000FCE70120FAE70020F8E700BF64CA0008FE
:1059D00070CA000802392DE9F04701F007044FF0C2
:1059E000010A466C05460AFA04F41746984606EB87
:1059F0001136C1F3C809E4B2314628460136FFF733
:105A00006DFF18B10120BDE8F087994605EB09024A
:105A100092F84C30234214BF01210021414513D09C
:105A20006340013F82F84C3085F803A0EBD064005E
:105A300014F0FF04EAD109F1010301244FF0000939
:105A4000B3F5007FE1D1D7E70220DCE70129024668
:105A5000F8B50C4640F28C800668F36A8B4240F23F
:105A600087803378013B032B00F28280DFE803F06C
:105A70000229384B04EB5405B16B304601EB55213C
:105A8000FFF72CFF10B14FF0FF30F8BD6F1CC5F3CE
:105A90000805B16B3046354401EB572195F84C5061
:105AA000FFF71CFF0028EED1C7F30807E3073E44C9
:105AB00096F84C0045EA00204CBF0009C0F30B00EB
:105AC000E3E7B16B304601EB1421FFF707FF002835
:105AD000D9D1640004F4FF742644B6F84C00D4E72E
:105AE000B16B304601EBD411FFF7F8FE0028CAD1A4
:105AF000A40006F14C0004F4FE742044FFF720FDDE
:105B000020F07040C1E7D0E90430D57953EA0001B4
:105B100001D0916801B95DBB9168022DA4EB010130
:105B20000DD1013B728940F1FF305B0A43EAC0535B
:105B3000B3FBF2F399421BD81CD0601CA5E7032DE0
:105B400002D193698B42F8D8D3699BB9B16B3046C7
:105B500001EBD411FFF7C2FE002894D1A0004C360F
:105B600000F4FE703044FFF7EBFC20F000408CE7BF
:105B700001208AE76FF0004087E70000F8B506686B
:105B800004460D463378042B0CBF4FF080524FF47F
:105B900000128A4201D80220F8BDCA06FBD18268F1
:105BA0000163D2B9022B13D83389B3EB551FF2D955
:105BB000F36BA363A36B6263002BECD003EB552361
:105BC0004C36C5F308050020A3633544E563E3E7DD
:105BD000F36BC271002BE7D01A4677897F02BD4272
:105BE000114604D23046FFF7C9FCA063E2E7204625
:105BF000FFF72CFF431C024606D00128CBD9F36ADD
:105C00008342C8D9ED1BEAE70120C5E701292DE948
:105C1000F04706460C46174608D9C36A8B4205D999
:105C20000378022B62D003D8012B22D0022552E048
:105C3000033B012BFAD8816B01EBD411FFF74EFE29
:105C40000546002847D1A40006F14C0304F4FE7475
:105C50001C443378042B07D0204627F07047FFF709
:105C60006FFC00F07040074339462046FFF76EFC9A
:105C70002FE001EB5108816B01EB5821FFF72EFE5D
:105C8000054640BB14F0010406F14C0908F1010A75
:105C9000C8F3080808BFFBB230461FBF19F8083028
:105CA00003F00F023B0103F0F00318BF134309F8A0
:105CB00008300123B16BF37001EB5A21FFF70EFEA0
:105CC000054640B9CAF3080A44B1C7F3071709F8F3
:105CD0000A700123F3702846BDE8F08719F80A30EE
:105CE000C7F3032723F00F031F43F0E7816B01EB9A
:105CF0001421FFF7F3FD05460028ECD1640006F1FE
:105D00004C0304F4FF741F551919C7F307274F708C
:105D1000DFE70000F8B504460E461746E3690BB905
:105D20001846F8BD012BA6EB0305206814BFAA1C7A
:105D30003A46691CFFF76AFF0028F2D1E369013B8C
:105D4000E361EBE701292DE9F84306460C461746C7
:105D5000056802D80220BDE8F883EB6A8B42F9D9C6
:105D60007AB9A14621463046A046FFF76FFE0446A9
:105D7000B0B92B78042B02D1002F43D1F77100204A
:105D8000E9E72B78042B02D1C379022BE9D04FF03D
:105D9000FF3239462846FFF739FF0028E1D0DAE71D
:105DA0000128D7D0421C01D10120D4E72B78042B45
:105DB00019D1EA6AAB69023A93421CD308F1010295
:105DC000A2420CD02B78042B08D10023A2EB0902AD
:105DD00049462846FFF7FEFD0028BCD1A146EB6AE4
:105DE000A342BFD8C5E7002241462846FFF70EFF71
:105DF0000028DED0AFE70133AB612B7943F001031C
:105E00002B71DBE7F3798BB9B468BC4202D1022372
:105E1000F371B4E721463046FFF718FE012899D9FF
:105E2000431CC1D001348442EFD0A8E7032BA6D194
:105E3000B368BB42A3D8B2691344BB429FD3E6E721
:105E400070B5C3790446032B06D181688369CD18E8
:105E5000A94203D10023E371002070BD4E1C2068CD
:105E60003246FFF7D3FE0028F7D13146F0E70000B5
:105E70002DE9F74305460191FFF70AFD0446002886
:105E800049D105F14C09019928464FF40072FFF7FA
:105E900075FB2146A86407464846FCF793FD6C89CC
:105EA0006402B4F5004F28BF4FF40044B4F5007FFE
:105EB0002FD9204604F0B6FD804630B1224600219D
:105EC000640A0026FCF77EFD09E06408EEE723463D
:105ED000BA194146687804F01FF918B926446B894D
:105EE0009E42F4D3404604F0ADFD6889801B18BF84
:105EF000012003B0BDE8F08301366B899E42F4D2E5
:105F00000123BA194946687804F006F90028F3D04D
:105F1000EBE70026F1E70120EBE70000F8B50446C7
:105F2000FFF7B6FC0546002842D12378032B37D172
:105F30002779012F34D104F14C0601464FF4007249
:105F40003046FCF73FFD55234122722184F84A3246
:105F5000AA2304F50D7084F84F2084F84B325223A5
:105F600084F8301284F84C3084F84D30612384F882
:105F7000311284F84E3084F83332A16984F8322229
:105F8000FFF7E4FA616904F50E70FFF7DFFA626B60
:105F90003B46314601326078A26404F0BDF82571B9
:105FA00000226078114604F0DBF8003818BF0120A9
:105FB000F8BD000000232DE9F0430B6085B00F46CB
:105FC0001546FFF71BFB061EC0F2B281804B53F84B
:105FD0002640002C00F0AE813C6005F0FE052378E1
:105FE0006BB1607804F072F8C70708D41DB110F0E7
:105FF000040500D00A25284605B0BDE8F08300233B
:10600000F0B22370607004F04DF8C10700F1948184
:106010000DB14207EED400212046FFF779FC02289B
:1060200040F099806E4604F2122304F25221324667
:1060300018461033FFF784FA42F8040B8B42F7D16D
:10604000002556F8041B00297DD02046FFF760FC90
:10605000012879D80128A26C40F0C08004F15703D0
:1060600004F18C0113F8015B002D7BD18B42F9D137
:10607000B4F8B430B3F5807F74D194F8B830092BFC
:1060800070D104F19400FFF75DFA4FF0FF33171859
:1060900041F10001BB4275EB010363D304F1A000A1
:1060A000FFF74EFA94F8BA302063012BA37059D150
:1060B00094F8B99003FA09F91FFA89F36381002B68
:1060C00050D0444B04F1A800FFF73AFA0646984234
:1060D00048D8831C626304F1A400E362FFF730FA3E
:1060E00000EB020804F19C00C4F84080FFF728FA96
:1060F00010441FFA89F2A06306FB02F313EB0803B6
:1061000045EB05029F4271EB02032BD32E4604F1AF
:10611000AC00FFF715FAE06365B96389B34221D992
:10612000E16B2046FFF72AFA81192046FFF7D6FBDC
:1061300098B90136631993F84C30812B14D020356F
:10614000C5F30805E8E703200135042D7FF479AF96
:10615000042807D101E0042801D101254BE70128DB
:106160007FF678AF0D2546E705F1140004F14C06E3
:106170003044FFF7E5F901280546F3D9E36A834285
:10618000F0D96189821E236C02FB01336364A16B29
:10619000204601EBD511FFF7A1FB0028DDD105F06A
:1061A0007F0006EB8000FFF7CBF9431C03D00135DD
:1061B000A842ECD0D6E70425C4E90500064A2570BC
:1061C00000251388E56101339BB21380E38012E759
:1061D000B4610020FDFFFF7FB8610020B4F85730A4
:1061E000B3F5007FBED1B4F8626026B904F1700047
:1061F000FFF7A6F9064694F85C302663591EA37093
:106200000129AFD894F859506581002DAAD0691E94
:106210002942A7D1B4F85D8018F00F0FA4F80880C8
:10622000A0D1B4F85F0018B904F16C00FFF788F949
:10623000B4F85A10002995D006FB03FE01EB181C98
:10624000F44460458ED3A0EB0C00A842B0FBF5F3FC
:1062500088D33E48834285D84FF6F57083426DD986
:1062600003259F1C114402EB0C03032DE7626263BC
:10627000A16323644CD1B4F8763053EA08037FF469
:1062800071AFBB0004F17800FFF75AF9E06303F245
:10629000FF13B6EB532FFFF465AF4FF0FF33032D21
:1062A000C4E905334FF08003237187D1B4F87C3003
:1062B000012B83D1511C2046FFF710FB00287FF4EF
:1062C0007DAFB4F84A224AF6552320719A427FF4F2
:1062D00075AF1F4B04F14C00FFF732F998427FF481
:1062E0006DAF03F1FF5304F50C70FFF729F903F5C7
:1062F0000053203398427FF461AF04F50D70FFF72F
:106300001FF9A06104F50E70FFF71AF9606155E7F7
:10631000B8F1000F3FF426AF7144022D4FEA470356
:10632000E1631EBFD91907F0010303EB5103AEE788
:106330000B2560E60C255EE603255CE640F6F57568
:10634000AB428CBF022501258BE700BFF5FFFF0F95
:10635000525261412DE9F84F07460568884649B910
:106360006E69C6B1EB6AB34298BF0126AB69A3B9A7
:10637000002405E0FFF76AFB0128044603D8012446
:106380002046BDE8F88F421C00F0D280EB6A8342C1
:10639000F6D84646EAE70126E8E72A78EB6A042AB7
:1063A00040F08380A6F1020A023B4FF0010B9A45B0
:1063B00028BF4FF0000AD146696C284601EB19311D
:1063C000FFF78CFA00283BD109F00703EA6AC9F30A
:1063D000C8010BFA03F3901EDBB26A184C4609F1B0
:1063E000010992F84C20814502EA030233BF5B00A9
:1063F00000234FF40071DBB228BF9946B2B90234D2
:10640000631E0333BCD80123214628461A46FFF7F2
:10641000E1FA0228B3D0012800F08A80B8F1000F19
:1064200013D10223FB710028A9D130E0CA450AD05C
:10643000002BD2D10131B1F5007FBDD20123CCE7D1
:106440004FF0FF34DCE70024DAE7FB79022B07D1B9
:10645000731CA342E7D0BB68F31ABB610323FB7133
:1064600008F10102FB69A24205D113B10133FB61BE
:10647000D9E70223FBE70BB90123FB612246414622
:106480003846FFF747FC00284FD10123FB61EA6A39
:10649000AB69023A6C6193429CBF03F1FF33AB617D
:1064A0002B7943F001032B716AE7464514D1741C24
:1064B0003846A34298BF02242146FFF7C7FA0128B5
:1064C0003FF45DAF431C33D0E0B16B69012B03D9BE
:1064D000EA6A934238BF1E4634460134EB6AA3424F
:1064E00003D8012E7FF644AF022421463846FFF739
:1064F000ADFA48B101283FF442AF013018D0B442A0
:10650000EBD135E7002CE7D04FF0FF32214628468B
:10651000FFF77CFB48B9B8F1000FB8D022464146DE
:106520002846FFF773FB0028B1D001287FF427AF7E
:106530004FF0FF3424E700002DE9F84306680446D5
:10654000076B894633782037042B0CBF4FF08053FC
:106550004FF40013BB429CBF00238363836B73B172
:10656000C7F30808B8F1000F3CD10133416B8363D6
:1065700039B93389B3EB571F34D80023A363042000
:106580000AE07389013B13EA57232BD1FFF75EFA28
:106590000128054602D80220BDE8F883421C01D13B
:1065A0000120F9E7F36A834216D8B9F1000FE4D06D
:1065B000616B2046FFF7CEFE0546C8B10128EAD040
:1065C000431CEDD001463046FFF752FC0028E7D1CE
:1065D000E37943F00403E371294630466563FEF72F
:1065E000CDFFA0634C36002027634644E663D3E723
:1065F0000720D1E7F8B50E46002104460768FFF7EB
:10660000BDFA98B90546A16B3846FFF767F968B936
:106610003A78E36B042A1B780CD11B060ED505468D
:1066200001212046FFF788FF0028ECD0042808BF8E
:10663000072006E0E52B01D0002BF0D10135B54253
:10664000EED1F8BDC16C4B1C2DE9F0410446056844
:10665000066B1FD1E5274FF00108A16B2846FFF715
:106660003DF998B92A78E36B042A09BF1A781F709C
:1066700002F07F021A7085F80380236BB3420DD2BB
:1066800000212046FFF758FF0028E6D0042808BF65
:10669000022003E0FFF772FA0028DBD0BDE8F081AA
:1066A0002DE9F04105460068A96B0669FFF716F968
:1066B000044620B9EB6B1A78852A03D002242046C1
:1066C000BDE8F081324603F1200153F8040B8B4200
:1066D00042F8040BF9D1777801377F01A7F1600305
:1066E000B3F5007FEAD800212846FFF725FF0428EC
:1066F0000446E3D00028E2D1A96B2868FFF7EEF842
:1067000004460028DBD1EB6B1A78C02AD6D106F1FB
:10671000200203F1200153F8040B8B4242F8040BD2
:10672000F9D196F823300F222C33B3FBF2F3B7EBF9
:10673000431FC3D34FF0400800212846FFF7FCFE5B
:1067400004280446BAD00028B9D1A96B2868FFF7FD
:10675000C5F804460028B2D1EB6B1A78C12AADD136
:10676000B8F5187F09D206EB080203F1200153F8AF
:10677000040B8B4242F8040BF9D108F1200847457D
:10678000DAD8B8F5187F9AD83046FEF71FFF73881D
:10679000834294D092E700000B68002210B503609A
:1067A00004460B6A83604B6AC261C37123F0FF0326
:1067B000896AC0E90432C164FFF7E0F920B92046D4
:1067C000BDE81040FFF76CBF10BD0000F8B50368CE
:1067D000054601271C692046FEF7F8FEA070000A56
:1067E0006678E0702846E96CFFF7C8F920B1022806
:1067F00028BF0220C0B2F8BDA96B2868FFF76EF869
:106800000028F4D1EB6B04F1200254F8041B9442ED
:1068100043F8041BF9D12B68DF70002EE7D000216C
:106820002846013EFFF788FEE0E700002DE9F84327
:106830004FF0FF0806460768042445464FF6FF79E7
:10684000B16B11B9002C73D063E03846FFF746F8FE
:10685000044600285DD1F06B0378002B6ED03A78A7
:10686000042A11D1852B4DD1336B3046F364FFF7E9
:1068700017FF044600284CD13B691B7903F03F0306
:10688000B3712046BDE8F883C27AE52B02F03F02DF
:10689000B27143D02E2B41D022F0200108293DD0E7
:1068A0000F2A40D1590637D503F0BF05336B90F856
:1068B0000D80F364437B434530D1428B72BB037838
:1068C0000D21FC6823F04003DFF874E0013B4B43EB
:1068D00001211EF801CB30F80CC009B3FF2B1DD8E5
:1068E00024F813C06146013301320D2AF1D1027838
:1068F000520605D521B1FF2B10D8002224F8132011
:10690000013DEDB200213046FFF716FE0446002897
:1069100096D00023B363B4E7AB42CBD0FF25F1E7B9
:10692000CC45E1D0FAE72DB9FEF740FE404501D154
:106930000024A6E74FF0FF33F364A2E70424E8E75E
:106940000CCB00082DE9F04F002187B00446D0F8A9
:106950000090FFF713F9804670B999F80030042BC6
:1069600033D1D9F80C00FEF779FF07462046FFF730
:106970005DFF054620B18046404607B0BDE8F08F78
:10698000D9F810309A8CBA42F0D193F823B040264F
:106990005D4506D1D9F80C3033F81530002BE5D120
:1069A000EAE7F106D9F8103008BF0236985B01F02B
:1069B0004DF8D9F80C30824633F8150001F046F84E
:1069C0008245D3D102360135E2E74FF0FF0A4FF09E
:1069D000FF3B5546C4F84CB0A16B4846FEF77EFF1E
:1069E00000285CD1E66B3778002F77D0F27AE52F5C
:1069F00002F03F03A37103D0120704D50F2B04D07C
:106A0000C4F84CB04FE00F2B54D194F84B305806DB
:106A10003FD4790645D5236B07F0BF0796F80DA044
:106A2000E364737B53453ED1738B002B3BD13578A8
:106A30000121D9F80C3005F03F0501930D23013DEC
:106A40005D43284B13F8012BB25A71B3FF2D059308
:106A500029D81046049200F0F9FF6B1C03900293B2
:106A6000019B33F8150000F0F1FF039981421AD120
:106A7000049A029D1146059B1B4A9342E2D133784A
:106A80005A0604D519B1019B33F815305BB97D1E48
:106A9000EDB200212046FFF74FFD00289CD0804634
:106AA0006AE7BD42BDD0FF25F3E74FF6FF70824293
:106AB000E2D0F8E72DB93046FEF778FD50453FF4B7
:106AC0005BAF94F84B30DB079AD40B2204F1400102
:106AD000304605F055FE002892D14DE74FF00408EE
:106AE0004AE700BF0CCB000819CB00082DE9F04F96
:106AF00090F84BB099B004461BF0A00540F06881B7
:106B00000668F26832F81530002B4AD13378042B2E
:106B100040F087800F230E352046B5FBF3F5A91C06
:106B2000FFF768FD8146002877D1236B0135A3EB81
:106B30004515E3795A07E56435D523F0040320466B
:106B4000E371FFF77DF950BB4FF0FF32616B2046D8
:106B5000FFF7E0F818BBA3682BB3214604A8FFF7A2
:106B60001BFEE0B970894FF40071D4E90423E0FB07
:106B700001233069C4E904233830FEF7EFFC3069A3
:106B8000D4E904232830FEF7E9FCE379326904A84C
:106B900043F0010382F82130FFF718FE18B1814657
:106BA0003BE00135AEE7D6E9035440220021204600
:106BB000FBF708FF8523012140222370C0234FF0FB
:106BC000C10C04EB010884F8203000231E469E46C9
:106BD000571C04F802C0F0B2023204F807E021B1F9
:106BE00035F8131009B10133DBB20F0AA15408F8CC
:106BF00002700232D706F2D135F813700136002F39
:106C0000E6D184F82330831C28466370FEF726FE05
:106C100084F82400000A84F82500484619B0BDE82D
:106C2000F08F04F140070DF1100A1BF0010F97E8F7
:106C300007008AE8070000F0D38040234FF00108E6
:106C400084F84B30BC46F368B8F1050F9AE80700AA
:106C5000ACE803002CF8022B4FEA12428CF800201B
:106C600059D9981E424630F8021F002942D10DF131
:106C70000F0C072102F00F0E914612090EF13000A1
:106C8000392888BF0EF1370001390CF8010902D00C
:106C9000B9F10F0FEED818AB7E205A1802F8580C35
:106CA00038460022914206D010F801CB02F1010EC5
:106CB000BCF1200F31D104F13F0C072902F1010290
:106CC00097BF18AB20205818013198BF10F8580C06
:106CD000072A0CF80200F0D92046FFF733FE814660
:106CE000002878D108F10108B8F1640FAAD14FF05B
:106CF000070992E74FF0100C01F0010E49080EEB66
:106D00004202D30344BF82F4883282F02102BCF1F4
:106D1000010CF1D1A7E74246A9E77246C2E7216B11
:106D20002046A1EB4511FEF729FF814600287FF49C
:106D300074AF4FF6FF783846FEF738FC0190A16B30
:106D40003046FEF7CBFD814600287FF466AFE36B4B
:106D5000E9B2019A4FF00D0CD6F80CE05A734FF0DF
:106D60000F02DFF8E0A0DA724A1E18730CFB02F281
:106D700084469876D87640451AF8019B0CF1010CB0
:106D800018BF3EF8120003EB090B18BF013203F8DD
:106D900009004FEA1029002808BF4046BCF10D0F3A
:106DA0008BF80190E7D1404502D03EF812200AB995
:106DB00041F040011970012300212046F370FFF7D4
:106DC000BBFB814600287FF428AF013DB7D11BE013
:106DD0004FF0060921E704287FF41FAF84F84BB079
:106DE0001BF0020F20461BBF0C350D210125B5FB02
:106DF000F1F518BF01352946FFF7FCFB8146002855
:106E00007FF40BAF013D8AD1A16B3046FEF766FDE2
:106E1000814600287FF401AF01462022E06BFBF79A
:106E2000D1FDE36B03CF18605960BA7839889A7244
:106E3000198194F84B30E26B03F0180313730123AC
:106E4000F370EAE60CCB000810B504460A4634306D
:106E5000FEF776FB886004F13800FEF773FBC2E9A9
:106E6000040194F8213003F00203D3710023D361AD
:106E700010BD000003284B8B04BF8A8A43EA0243FB
:106E8000184670472DE9F04F0B7899B004468946B3
:106E90002F2BD0F800B001D05C2B09D14A461378D3
:106EA000914601322F2BFAD05C2BF8D0002301E061
:106EB000DBF81C30A3600023E3619BF80030042B57
:106EC0001ED1A368E3B1DBF82030214604A8236279
:106ED000DBF824306362DBF82830A362FFF75CFC48
:106EE0000346002854D1DBF8102002F13800FEF7E9
:106EF00027FBC4E9040392F8213003F00203E37195
:106F000099F800301F2B00F23581802300212046A4
:106F100084F84B3019B0BDE8F04FFEF72FBE49465C
:106F20000B78894601312F2BFAD05C2BF8D01F2B20
:106F30008CBF00250425012F2FD113882E2B31D192
:106F4000002322F8173004F140029F428CBF2E210B
:106F5000202101330B2B02F8011BF6D145F020054F
:106F6000204684F84B50FFF7EDFC94F84B30002896
:106F700000F0E78004280BD1990603F0040240F1E9
:106F8000DC80002A00F0F6808023002084F84B305B
:106F900019B0BDE8F08F0425CDE7022F02D1538848
:106FA0002E2BCAD0911E87BB002322F81730002F4A
:106FB00000F0118132F81300194601332028F9D06E
:106FC00009B92E2801D145F00305901E30F817307D
:106FD0002E2B01D0013FF9D14FF020334FF0000AA2
:106FE0006364D0462364C4F847300823481C32F851
:106FF00011600090F6B1202E03D02E2E0DD1B84294
:1070000010D045F003050099F0E731F81730202B38
:1070100001D02E2BC8D1013FC5E79A4505D2009972
:10702000B9423BD10B2B30D101E00B2B27D145F0DE
:1070300003050B2394F84020E52A04BF052284F8B9
:107040004020082B04BF4FEA88085FFA88F808F050
:107050000C030C2B03D008F00303032B01D145F0E4
:107060000205A8073FF57CAF18F0010F18BF45F0E7
:10707000100518F0040F18BF45F0080570E70099D7
:10708000B94202D045F00305D4D84FEA88080B2353
:107090004FF0080A00975FFA88F8B4E77F2E15D9F9
:1070A000304640F25231CDE9022345F0020301930C
:1070B00000F098FC10F0800F0646DDE9022316D0A0
:1070C00000F07F0646498E5D019D46B33146454836
:1070D000CDE9012305F0A0FBDDE90123F8B9A6F114
:1070E000410189B219291ED848F0020810E0FF2892
:1070F000EAD9591E8A4503D345F003059A4682E72B
:1071000004EB0A01000A0AF1010A019D81F840001E
:1071100004EB0A010AF1010A81F8406073E745F0C7
:1071200003055F26F4E7A6F1610189B219299EBF24
:10713000203E48F00108B6B2EAE7002A08BF052061
:1071400026E75A073FF524AFA379DB0645D59BF820
:107150000000042835D1A3682146E279236223691F
:10716000DBF8100023F0FF0313436362E36CA362B8
:10717000FFF76AFE23680027DA6819F8010B002878
:107180003FF409AF40F25231009200F04BFC05464B
:1071900008B31F28009A7FF6FEAE2F283FF4BFAE3B
:1071A0005C283FF4BCAE7F2805D801460E4805F0A8
:1071B00033FB009A78B9FF2F0DD022F81750013712
:1071C000DBE7216B0BF14C03C1F308011944FFF716
:1071D00051FEA060CEE70620DAE60520D8E600BF23
:1071E0008CCA000885CA00087CCA00081FB5CDE912
:1071F000001003A814460391FEF700FA002815DBDF
:107200000B4A52F820300BB100211970019B0BB1D1
:107210000021197042F820302CB1002201A96846E3
:10722000FEF7C8FE0446204604B010BD0B24FAE762
:10723000B46100202DE9F04798B0904605460191D1
:10724000002800F0528102F03F0603A901A832464F
:10725000FEF7B0FE002840F04681039B4FF48C609F
:10726000049303F0DFFB0746002800F04081039BF6
:1072700000F500720199D86004A81A61FFF702FEB8
:10728000044620B99DF95B30002BB8BF062418F0E6
:107290001C0F00F0CD80002C4CD0042C40D104A851
:1072A000FFF724FC044600283AD146F00806039B69
:1072B0001A78042A40F08380186929462B60FFF76A
:1072C000C3FD039B1E22002118690230FBF77AFBE5
:1072D000039C00211A2220692630FBF773FB2369E7
:1072E00020221A71246903F01BFC01460122083494
:1072F0002046FEF72BF9039B04A81B6983F8212085
:10730000FFF764FA044658B9A96801B30246284653
:10731000FEF718FDAB68039A0446013B5361B4B114
:10732000384603F08FFB0CB100232B60204618B0C9
:10733000BDE8F0879DF8163013F0110F40F08480FF
:1073400018F0040F40F0C98018F0080FAFD1039A6D
:1073500031071399936C48BF46F04006E964AB646B
:107360001078042872D1069B9DF817102B62089B99
:10737000106923F0FF030B4329466B62179BAB6236
:10738000FFF762FDDDF80CA00024002205F1500893
:10739000BAF8063021464046C5F800A0AB8000236D
:1073A00085F8306085F831406C64C5E90E234FF4F0
:1073B0000072FBF707FBB20653D40024B0E703F0DA
:1073C000AFFB0146009013980E30FEF7BFF81398FC
:1073D00000991630FEF7BAF8039C13992078FFF74E
:1073E00049FD202300228046CB7220461399FEF7E8
:1073F000D1F8139B002201211A775A779A77DA770E
:10740000039BD970B8F1000FA1D0414604A8D3F86E
:107410004890FEF797FC0446002881D1494603981E
:10742000FEF75CFA039B044608F1FF30586176E7EB
:10743000002C7FF475AF9DF81630DC064FD418F0A1
:10744000020F84D0D80782D5072469E7FFF712FD21
:107450000023A86001F11C00FEF772F86B6128613F
:1074600090E7D5E9046956EA0903A6D0BAF80AA05C
:10747000A9684FEA4A2AC5E90E69B24574EB0903C7
:107480001BD300242964002C7FF44AAFC6F3080301
:10749000002B92D0039C2046FEF770F808B3760AC2
:1074A0000123414646EAC95682196A64607802F0AF
:1074B0000FFE041E18BF012432E72846FEF7C6FA65
:1074C000B6EB0A06014669F10009012803D9431CFD
:1074D000D3D10124D6E70224D4E7082420E70424EA
:1074E0001EE702241CE704461EE709241EE71124B8
:1074F0001CE700002DE9F04F994685B0002388462F
:1075000003A90446C9F800301646FEF791F805466F
:1075100080BB94F831506DBB94F8303013F0010308
:10752000009300F0A68004F1500AD4E90432D4E9B3
:107530000E011B1A62EB0102B34272F1000238BF66
:107540001E46BEB1D4E90E10C1F30803002B40F073
:107550008280039B5A894B0A013A43EAC0531A407E
:107560001BD151EA000309D1A06801280DD80225DA
:1075700084F83150284605B0BDE8F08F216C2046D4
:107580000192FEF763FA019AEFE7431C04D101234D
:10759000009D84F83130EDE72064DDF80CB0216CFB
:1075A0005846FDF7EBFF0028E1D0B6F5007F02EB6F
:1075B000000731D3BBF80A1002EB5620730A884249
:1075C0009BF8010088BF8B1A3A464146019302F0AE
:1075D0007FFD0028DBD194F93020019B002A0BDAD3
:1075E000606CC01B984207D24FF40072514608EB02
:1075F0004020FBF7C1F9019B5F02D9F80030F61B70
:10760000B8443B44C9F80030D4E90E32DB1942F1EA
:107610000002C4E90E3294E7626CBA421AD094F9BF
:107620003030002B0DDA012351469BF8010002F0A7
:1076300073FD0028ABD194F8303003F07F0384F859
:107640003030039801233A465146407802F040FD1D
:1076500000289CD16764A16B4046C1F30801C1F5C5
:1076600000775144B74228BF37463A46FBF784F9C2
:10767000C3E707257EE7000070B596B00E460022EE
:10768000019002A901A8FEF795FC0446E0B94FF469
:107690008C6003F0C7F90546D8B1029B00F5007273
:1076A0000199D86002A81A61FFF7ECFB044640B9C3
:1076B0009DF95330002B0ADB1EB1314602A8FDF7BD
:1076C000EDFF284603F0BEF9204616B070BD062433
:1076D000F7E71124F8E7000070B5B8B00222019076
:1076E00003A901A8FEF766FC044608BB039B4FF400
:1076F0008C60109303F096F90546002866D0039B32
:1077000000F500720199D86010A81A61FFF7BAFB62
:10771000044650B99DF88B30980655D4190653D4B9
:107720009DF84630DA0706D50724284603F08AF983
:10773000204638B070BD039B04931878042814D1F8
:1077400004A91869FFF780FB069E9DF84630DB060A
:1077500010D410A8FEF776FF04460028E5D156BBEA
:107760000398FEF7DBFB0446DFE71F99FFF782FB78
:107770000646EAE7039BDA69B242D5D0249300219A
:10778000269624A81B78042B01BFDDE90823CDE948
:1077900028239DF817308DF89730FEF7EFF904464F
:1077A0000028C2D124A8FFF741F804460028BBD026
:1077B0000428BAD1CDE70246314604A8FEF7C2FA42
:1077C00004460028B1D1CBE70624AEE71124AFE789
:1077D000F0B5BDB0CDE900106846FDF70FFF0222FD
:1077E00003A901A8FEF7E6FB0446002841D1039B4C
:1077F0004FF48C60149303F015F90546002800F04F
:10780000EE80039B00F5007214AE0199D8601A61F6
:107810003046FFF737FB044640BB9DF89B3013F022
:10782000A00F40F0D880039B009F1A78042A68D1EB
:107830001B6904AC03F1400C1868083353F8041CAE
:107840002246634503C21446F6D15022314628A889
:10785000FBF792F8394628A8FFF714FB04460028E6
:107860004CD12A9A169B9A4206D00824284603F047
:10787000E9F820463DB0F0BD349A209B9A42F4D1FD
:1078800028A8FFF733F904460028EFD1039B04AF83
:107890001B6993F801E093F823C09C8C3A460833A7
:1078A00003CAB24243F8080C43F8041C1746F5D14A
:1078B000039B28A81B6983F801E0039B1A6982F8DF
:1078C00023C01A6982F82440240A82F825401A69E4
:1078D0001379D9065CBF43F020031371FEF776FFDE
:1078E00004460028C2D13046FEF7ACFE044600280C
:1078F000BCD10398FEF712FB0446B7E70428B5D1C4
:10790000BEE7239A04AB02F1200C1068083252F84B
:10791000041C1C46624503C42346F6D1502231465E
:1079200028A8FBF729F8394628A8FFF7ABFA044640
:1079300000284CD12A9A169B9A4296D1349A209BC1
:107940009A4292D128A8FFF7D1F8044600288DD199
:1079500037990DF11D030DF12D0001F10D0253F8C2
:10796000044B834242F8044BF9D118880127108058
:107970009B7893709DF81B30039CDA0658BF43F048
:107980002003CB72E770CB7ADB06ACD5169A2A9B24
:107990009A42A8D02078FFF76DFA01462046FDF7FD
:1079A000EDFD0146C8B12046FDF798FF04460028CA
:1079B0007FF45CAF039890F86D302E2B93D12A9A08
:1079C00000F16C01FDF7E6FD039BDF708BE70428F7
:1079D0007FF44CAFB6E7062448E7022446E71124BB
:1079E00047E700007F2810B501D880B210BDB0F580
:1079F000803F13D240F2523399420FD108490022FE
:107A000031F8024B93B2844203D103F18000C0B23B
:107A1000ECE70132802AF3D11346F6E70020E5E7D0
:107A2000CCCD00087F280DD940F25233994208D1BD
:107A3000FF2806D800F10040034B803833F81000CF
:107A400070470020704700BFCCCD0008B0F5803FE4
:107A5000F0B522D21F4A83B21F49B0F5805F28BF1C
:107A60000A46141D34F8042C2146AAB1934213D3BC
:107A700034F8025C2E0AEFB252FA85F5A84222DAF7
:107A8000082E09D8DFE806F0050A10121416181A95
:107A90001C00801A34F810301846F0BD981A00F017
:107AA00001001B1A9BB2F7E7103BFBE7203BF9E70D
:107AB000303BF7E71A3BF5E70833F3E7503BF1E7D4
:107AC000A3F5E353EEE70434002ECBD101EB4702DC
:107AD000C7E700BF1CCB000810CD0008EFF30983F7
:107AE000054968334A6B22F001024A6383F309882F
:107AF000002383F31188704700EF00E0302080F30B
:107B0000118862B60D4B0E4AD96821F4E061090470
:107B1000090C0A430B49DA60D3F8FC2042F080726A
:107B2000C3F8FC20084AC2F8B01F116841F00101F7
:107B300011602022DA7783F82200704700ED00E020
:107B40000003FA0555CEACC5001000E0302310B597
:107B500083F311880E4B5B6813F4006314D0F1EECD
:107B6000103AEFF309844FF08073683CE361094BEE
:107B7000DB6B236684F3098802F046F810B1064BEC
:107B8000A36110BD054BFBE783F31188F9E700BF44
:107B900000ED00E000EF00E03F04000842040008B0
:107BA00008B5074B074A196801F03D019960536811
:107BB0000BB190689847BDE80840FFF7C7BF00BF0A
:107BC00000000240BC61002008B5084B1968890913
:107BD00001F03D018A019A60054AD3680BB1106932
:107BE0009847BDE80840FFF7B1BF00BF0000024062
:107BF000BC61002008B5084B1968090C01F03D0173
:107C00000A049A60054A53690BB190699847BDE828
:107C10000840FFF79BBF00BF00000240BC6100208E
:107C200008B5084B1968890D01F03D018A059A6075
:107C3000054AD3690BB1106A9847BDE80840FFF7C1
:107C400085BF00BF00000240BC61002008B5074BA3
:107C5000074A596801F03D01D960536A0BB1906A37
:107C60009847BDE80840FFF771BF00BF0000024021
:107C7000BC61002008B5084B5968890901F03D0135
:107C80008A01DA60054AD36A0BB1106B9847BDE8E8
:107C90000840FFF75BBF00BF00000240BC6100204E
:107CA00008B5084B5968090C01F03D010A04DA6077
:107CB000054A536B0BB1906B9847BDE80840FFF73E
:107CC00045BF00BF00000240BC61002008B5084B62
:107CD0005968890D01F03D018A05DA60054AD36BC8
:107CE0000BB1106C9847BDE80840FFF72FBF00BFED
:107CF00000000240BC61002008B5074B074A196824
:107D000001F03D019960536C0BB1906C9847BDE850
:107D10000840FFF71BBF00BF00040240BC61002009
:107D200008B5084B1968890901F03D018A019A607C
:107D3000054AD36C0BB1106D9847BDE80840FFF7BA
:107D400005BF00BF00040240BC61002008B5084B1D
:107D50001968090C01F03D010A049A60054A536D47
:107D60000BB1906D9847BDE80840FFF7EFBE00BF2C
:107D700000040240BC61002008B5084B1968890D59
:107D800001F03D018A059A60054AD36D0BB1106E72
:107D90009847BDE80840FFF7D9BE00BF0004024085
:107DA000BC61002008B5074B074A596801F03D0146
:107DB000D960536E0BB1906E9847BDE80840FFF74D
:107DC000C5BE00BF00040240BC61002008B5084BDE
:107DD0005968890901F03D018A01DA60054AD36ECC
:107DE0000BB1106F9847BDE80840FFF7AFBE00BF6A
:107DF00000040240BC61002008B5084B5968090C1A
:107E000001F03D010A04DA60054A536F0BB1906F2F
:107E10009847BDE80840FFF799BE00BF0004024044
:107E2000BC61002008B5084B5968890D01F03D017F
:107E30008A05DA60054AD36F13B1D2F880009847FB
:107E4000BDE80840FFF782BE00040240BC6100208C
:107E500000230C4910B51A460B4C0B6054F8230054
:107E6000026001EB430004334260402BF6D1074A25
:107E70004FF0FF339360D360C2F80834C2F80C347B
:107E800010BD00BFBC610020CCCE00080000024045
:107E90000F28F8B510D9102810D0112811D01228A9
:107EA00008D10F240720DFF8C8E00126DEF80050D3
:107EB000A04208D9002653E00446F4E70F2400202E
:107EC000F1E70724FBE706FA00F73D424AD1264CCA
:107ED0004FEA001C3D4304EB00160EEBC000CEF849
:107EE0000050C0E90123FBB273B12048D0F8D8306C
:107EF00043F00103C0F8D830D0F8003143F001035B
:107F0000C0F80031D0F8003117F47F4F0ED0174879
:107F1000D0F8D83043F00203C0F8D830D0F80031A0
:107F200043F00203C0F80031D0F8003154F80C00DF
:107F3000036823F01F030360056815F00105FBD1FA
:107F400004EB0C033D2493F80CC05F6804FA0CF4B6
:107F50003C6021240560446112B1987B00F0DEFC96
:107F60003046F8BD0130A3E7CCCE000800440258EB
:107F7000BC61002010B5302484F31188FFF788FF1E
:107F8000002383F3118810BD10B50446807B00F0F8
:107F9000DBFC01231549627B03FA02F20B6823EA3A
:107FA0000203DAB20B6072B9114AD2F8D81021F08C
:107FB0000101C2F8D810D2F8001121F00101C2F875
:107FC0000011D2F8002113F47F4F0ED1084BD3F8E3
:107FD000D82022F00202C3F8D820D3F8002122F0E2
:107FE0000202C3F80021D3F8003110BDBC610020AB
:107FF0000044025808B5302383F31188FFF7C4FF0B
:10800000002383F3118808BD0023054A1946013374
:10801000102BC2E9001102F10802F8D1704700BF2D
:10802000406200202DE9F74F02F0030AC2F3C313A8
:10803000C2F38009C2F3C108C2F3411E57460022B1
:108040004FF00F0B0193CB0733D502F00703019CD0
:10805000012556009B00BAF1020F05FA02F504FA59
:1080600003FC44680BFA03F324EA05046FEA0303F4
:1080700044EA090444604FF00304856804FA06F6F4
:1080800025EA06056FEA060445EA08058560C56825
:1080900025EA060545EA0E05C5601BD1072A13D857
:1080A000056A2B4043EA0C03036203681C403C430F
:1080B0000460490822D04FEA490901324FEA880892
:1080C0004FEA8E0EBF00BEE7456A2B4043EA0C0321
:1080D0004362EAE70568072A04EA050444EA07045C
:1080E000046005D8046A234043EA0C030362E0E716
:1080F000446A234043EA0C034362DAE703B0BDE875
:10810000F08F0000836CC26A8B42506810B506D9AC
:108110005A1E4C0002EB4103B3FBF4F3184410BDAC
:1081200001F001038A0748BF43F002034A0748BF32
:1081300043F008030A0748BF43F00403CA0648BFD8
:1081400043F010038A06426B48BF43F020031343F9
:108150004363704710B5074C204600F061FF064BA3
:108160000022C4E91023054BA364054BE363054BD0
:10817000E36410BDC06200200070005200B4C4046B
:108180001463002014650020C36A0BB9104BC3624E
:108190000379012B11D10F4B98420ED10E4BD3F81E
:1081A000D42042F48032C3F8D420D3F8FC2042F427
:1081B0008032C3F8FC20D3F8FC30436C00221A65EF
:1081C000DA621A605A605A624FF0FF329A6370475F
:1081D000CCCF0008C0620020004402580379012B74
:1081E0001BD0436C00221A65DA621A605A605A6228
:1081F0004FF0FF329A63094B98420ED1084BD3F8E7
:10820000D42022F48032C3F8D420D3F8FC2022F406
:108210008032C3F8FC20D3F8FC307047C0620020E5
:108220000044025810B5446C0649FFF76BFF6060CC
:10823000236842F2107043F003032360BDE810404E
:1082400001F0A8BD801A06000129F8B5466C0B4F55
:1082500009D175680A493D40FFF754FF054345F4CD
:1082600080557560F8BD746806493C40FFF74AFFC9
:10827000044344F480547460F4E700BF00ECFFFF53
:1082800080F0FA0240787D01436C00225A601A6047
:1082900070470000426C0129536823F4404304D026
:1082A000022905D001B95360704743F48043FAE7CF
:1082B00043F40043F7E70000436C41F480519A60B7
:1082C000D9605A6B1206FCD580229A637047000071
:1082D00010B541F48851446CA260E160616B11F00B
:1082E0004502FBD0A26311F0040203D0FFF718FF90
:1082F000012010BD616910461960FAE710B541F41C
:108300008851446CA260E160616B11F04502FBD0C2
:10831000A26311F0050203D0FFF702FF012010BD98
:10832000616910461960FAE773B5134604460E46B4
:10833000302282F31188426CD26B32B14FF0FF31A0
:108340004030019301F032FD019B606C0022026518
:10835000C263C262456B15F4807504D185F3118840
:10836000012002B070BD4FF0FF31816382F31188AC
:10837000012E06D90C21204602B0BDE87040FFF75F
:10838000BDBF1046EDE7000073B5446C0E460025F6
:108390000192616BA1632565E562FFF7C1FE012EC5
:1083A00007D9019B2A460C2102B0BDE87040FFF7B7
:1083B000A5BF02B070BD000010B541F49851446CE7
:1083C000A260E160616B11F04502FBD0A26311F085
:1083D0003F0203D0FFF7A4FE012010BD216A104622
:1083E0001960E1695960A16999606169D960F4E730
:1083F0002DE9F74304460191006D01A917469846FF
:1084000002F0AEFC064600284AD0626C2046DDF839
:1084100004905568C5F3090501356B00A56CB5FBE3
:10842000F3F54FF47A73B5FBF3F55D43556200F055
:10843000BDFD50BB636C4FF0FF3201254146C3F8D0
:10844000589020461D659A634FF49572DA6342F2A4
:1084500007029F62DA62E36C0A9AFFF74FFFA0B946
:10846000E26C104B11680B407BB929462046FFF7A0
:108470005BFF054648B92E463A460199206D02F049
:10848000A7FC304603B0BDE8F0833A460199206D61
:1084900002F09EFCE26C01212046FFF775FFF0E739
:1084A0000126EEE708E0FFFD2DE9F7431F46436C88
:1084B00001924FF47A725D6804468846C5F3090557
:1084C00001356E00856CB5FBF6F5B5FBF2F555434D
:1084D0005D6200F06BFD20B10125284603B0BDE8C8
:1084E000F0837E0201A9206D324602F039FC054678
:1084F0000028F1D0636C019AD4F84C909A6501225F
:108500001A654FF0FF329A634FF49572DA639E62F8
:10851000236BDB064B4658BF4FEA4828012F4246E3
:108520001BD912212046FFF7E9FEC0B9D9F8002077
:10853000104B13409BB9636C42F2930239462046BC
:10854000DA62E26CFFF7F0FE804640B932460199EC
:10855000206D454602F03CFCBFE71121E2E73246C0
:108560000199206D02F034FCE26C39462046FFF799
:108570000BFFB2E708E0FFFD2DE9F3411F46436C16
:1085800001924FF47A725D6804468846C5F3090586
:1085900001356E00856CB5FBF6F5B5FBF2F555437C
:1085A0005D6200F003FD20B10125284602B0BDE860
:1085B000F0817E0201A9206D324602F017FC0546CB
:1085C0000028F1D0636C019A9A6501221A654FF078
:1085D000FF329A634FF48D72DA639E62236BE66C0E
:1085E000DB06334658BF4FEA4828012F424619D9C7
:1085F00019212046FFF782FEB0B932680F4B1340B5
:1086000093B9636C42F2910239462046DA62E26C19
:10861000FFF78AFE064638B901993546206D02F00B
:1086200021FCC2E71821E4E70199206D02F01AFC51
:10863000E26C39462046FFF7A7FEB6E708E0FFFDEB
:1086400012F0030F2DE9F04107460C4615461E4671
:1086500017D00E44B44202D10020BDE8F0810123BE
:10866000FA6B21463846FFF71FFF0028F5D1284650
:108670004FF40072F96B05F500750134FAF77CF9D7
:10868000E8E7BDE8F041FFF70FBF000012F0030F6D
:108690002DE9F04107460C4615461E4617D00E44FC
:1086A000B44202D10020BDE8F08129464FF40072A7
:1086B000F86B05F50075FAF75FF90123FA6B2146AF
:1086C0003846FFF759FF0028EDD10134E8E7BDE84F
:1086D000F041FFF751BF000000207047302310B574
:1086E00083F311880024436C40302146DC6301F0A1
:1086F0006BFB84F3118810BD02684368114301606D
:1087000003B1184770470000024A136843F0C003E2
:10871000136070470078004013B50E4C204600F0FF
:10872000DFFC04F1140000234FF400720A490094A6
:1087300000F07AF9094B4FF40072094904F138004E
:10874000009400F0F3F9074A074BC4E9172302B07D
:1087500010BD00BF1865002084650020098700084F
:10876000846700200078004000E1F505037C30B507
:10877000244C002918BF0C46012B11D1224B9842E2
:108780000ED1224BD3F8E82042F08042C3F8E82013
:10879000D3F8102142F08042C3F81021D3F81031F1
:1087A0002268036EC16D03EB52038466B3FBF2F3E0
:1087B0006268150442BF23F0070503F0070343EA8C
:1087C0004503CB60A36843F040034B60E36843F08C
:1087D00001038B6042F4967343F001030B604FF08A
:1087E000FF330B62510505D512F0102205D0B2F10E
:1087F000805F04D080F8643030BD7F23FAE73F23E8
:10880000F8E700BFD4CF00081865002000440258E4
:108810002DE9F047C66D05463768F46921073462D3
:108820001AD014F0080118BF4FF48071E20748BF56
:1088300041F02001A3074FF0300348BF41F0400151
:10884000600748BF41F0800183F31188281DFFF7BE
:1088500053FF002383F31188E2050AD5302383F305
:1088600011884FF48061281DFFF746FF002383F332
:1088700011884FF030094FF0000A14F0200838D169
:108880003B0616D54FF0300905F1380A200610D501
:1088900089F31188504600F07DF9002836DA082166
:1088A000281DFFF729FF27F080033360002383F39F
:1088B0001188790614D5620612D5302383F3118806
:1088C000D5E913239A4208D12B6C33B127F0400726
:1088D0001021281DFFF710FF3760002383F3118854
:1088E000E30618D5AA6E1369ABB15069BDE8F0472D
:1088F000184789F31188736A284695F8641019405F
:1089000000F008FC8AF31188F469B6E7B06288F3D6
:108910001188F469BAE7BDE8F0870000090100F1A9
:108920006043012203F56143C9B283F8001300F0EC
:108930001F039A4043099B0003F1604303F5614321
:10894000C3F880211A60704700F01F0301229A408B
:10895000430900F160409B0000F5614003F1604372
:1089600003F56143C3F88020C3F88021002380F819
:1089700000337047F8B51546826804460B46AA4294
:1089800000D28568A1692669761AB5420BD21846CD
:108990002A46F9F7F1FFA3692B44A3612846A3688F
:1089A0005B1BA360F8BD0CD9AF1B18463246F9F724
:1089B000E3FF3A46E1683044F9F7DEFFE3683B4401
:1089C000EBE718462A46F9F7D7FFE368E5E700002A
:1089D00083689342F7B50446154600D28568D4E90A
:1089E0000460361AB5420BD22A46F9F7C5FF63690F
:1089F0002B4463612846A3685B1BA36003B0F0BDF2
:108A00000DD93246AF1B0191F9F7B6FF01993A46ED
:108A1000E0683144F9F7B0FFE3683B44E9E72A46F0
:108A2000F9F7AAFFE368E4E710B50A440024C3613C
:108A3000029B8460C16002610362C0E90000C0E97A
:108A4000051110BD08B5D0E90532934201D1826805
:108A500082B98268013282605A1C42611970002119
:108A6000D0E904329A4224BFC368436101F0C6F9D9
:108A7000002008BD4FF0FF30FBE7000070B5302349
:108A800004460E4683F31188A568A5B1A368A269C0
:108A9000013BA360531CA36115782269934224BF54
:108AA000E368A361E3690BB120469847002383F391
:108AB0001188284607E03146204601F08FF900284A
:108AC000E2DA85F3118870BD2DE9F74F04460E46B2
:108AD00017469846D0F81C904FF0300A8AF3118858
:108AE0004FF0000B154665B12A4631462046FFF788
:108AF00041FF034660B94146204601F06FF9002866
:108B0000F1D0002383F31188781B03B0BDE8F08F08
:108B1000B9F1000F03D001902046C847019B8BF3A9
:108B20001188ED1A1E448AF31188DCE7C160C36125
:108B3000009B82600362C0E905111144C0E9000096
:108B400001617047F8B504460D461646302383F39D
:108B50001188A768A7B1A368013BA36063695A1C89
:108B600062611D70D4E904329A4224BFE3686361F4
:108B7000E3690BB120469847002080F3118807E095
:108B80003146204601F02AF90028E2DA87F31188FD
:108B9000F8BD0000D0E9052310B59A4201D18268E2
:108BA0007AB982680021013282605A1C82611C7885
:108BB00003699A4224BFC368836101F01FF920460C
:108BC00010BD4FF0FF30FBE72DE9F74F04460E468E
:108BD00017469846D0F81C904FF0300A8AF3118857
:108BE0004FF0000B154665B12A4631462046FFF787
:108BF000EFFE034660B94146204601F0EFF8002839
:108C0000F1D0002383F31188781B03B0BDE8F08F07
:108C1000B9F1000F03D001902046C847019B8BF3A8
:108C20001188ED1A1E448AF31188DCE70379052BBD
:108C300005BF836A002001204B6004BF4FF400731E
:108C40000B60704770B55D1E866A04460D44B542E0
:108C500005D9436B43F080034363012070BD0625B3
:108C60000571FFF7EDFC05232371F7E770B55D1E75
:108C7000866A04460D44B54205D9436B43F0800330
:108C80004363012070BD07250571FFF7FFFC052335
:108C90002371F7E738B505790446052D05D108237A
:108CA0000371FFF719FD257138BD0120FCE70000B5
:108CB0000323F0B5037185B00446FFF7B3FA002231
:108CC00020461146FFF7F8FA4FF4D57203AB08219E
:108CD0002046FFF713FB0246B8B901232363039B29
:108CE000C3F30323012B09D103AB37212046FFF740
:108CF00005FB18B9A44B039A1340ABB120460125DC
:108D0000FFF7C2FA0223237137E103AB00223721B8
:108D10002046FFF7F3FA28B99B4A039B1A40002A22
:108D200000F0A78002232363236B03F00F03022BC1
:108D300040F0A9806425954E42F2107001F02AF8A7
:108D400003AB324601212046FFF7C2FA0028D5D1F5
:108D5000039B002B80F293805A0003D5236B43F0D2
:108D600010032363002204F1080302212046FFF7C9
:108D700023FB02460028C1D104F138030321204619
:108D8000FFF7BCFA0028B9D104F11805A26B09213C
:108D900020462B46FFF710FB0028AFD102ABA26B99
:108DA00007212046FFF7AAFA06460028A6D1236B22
:108DB00003F00F03022B40F08F807E227F21284694
:108DC00003F0BEFA012840F28780E76B42F2107090
:108DD00000F0E0FF08234FF4007239462046009669
:108DE000FFF706FB002889D1384603F0F7FA236B1A
:108DF000A06203F00F03022B72D103AB644A062179
:108E00002046FFF77BFA002871D15F49039B194088
:108E1000B1FA81F149092046FFF716FA02AB4FF487
:108E2000007210212046FFF769FA054600287FF4FA
:108E300065AF554E029B33427FF460AF236B13F056
:108E40000E0F03F00F0273D0022A7FF457AFE36ACC
:108E50001978012900F09480022900F093800029FC
:108E600000F089804B4F2046FFF714FA03AB3A46D7
:108E700076E0114620462263FFF71EFA54E7013DD3
:108E80007FF45AAF3AE7444D6426444A3E4F012BE3
:108E900018BF154603AB002237212046FFF72EFAF4
:108EA00000287FF42BAF039B3B427FF427AF03AB3B
:108EB0002A4629212046FFF70BFA00287FF41EAF2F
:108EC000039B002BFFF648AF013E3FF417AF42F281
:108ED000107000F05FFFDDE7284603F053FA86E7E5
:108EE0007E227F212846E66B03F02AFA08B900218A
:108EF00091E7002340223146204600930623FFF7E6
:108F000077FA0028F3D1B3895BBA9B07EFD5244BDE
:108F100040223146204600930623FFF769FA0028D5
:108F2000E5D1317C01F00F010F3918BF012172E743
:108F3000E36A1978F9B101297FF4E0AE2046FFF722
:108F4000A9F903ABA26B37212046FFF7D7F9002818
:108F50007FF4D4AE039B33427FF4D0AE03AB022246
:108F600006212046FFF7CAF900287FF4C7AE039B0D
:108F700033427FF4C3AE05232371284605B0F0BD0C
:108F8000084F70E7084F6EE708E0FFFD0080FFC064
:108F90000001B9030000B7030080FF5000001080FB
:108FA000F1FFFF800001B7030002B70337B50446A5
:108FB0000C4D01ABA26B0D212046FFF79FF978B94C
:108FC000019B2B420BD1C3F34323042B08D0053B59
:108FD000022B04D84FF47A7000F0DCFEE9E70120A0
:108FE00003B030BD08E0FFFD70B53023054683F3C4
:108FF000118803790024022B03D184F311882046C1
:1090000070BD0423037184F311880226FFF7CEFF9D
:1090100004462846FFF738F92E71F0E7FFF79AB8B3
:10902000044B03600123037100234363C0E90A3347
:10903000704700BFECCF000810B53023044683F31F
:109040001188C162FFF7A0F802230020237180F38A
:10905000118810BD10B53023044683F31188FFF743
:10906000BDF800230122E362227183F3118810BD51
:10907000026843681143016003B11847704700005C
:109080001430FFF721BD00004FF0FF331430FFF71D
:109090001BBD00003830FFF797BD00004FF0FF33D5
:1090A0003830FFF791BD00001430FFF7E7BC000037
:1090B0004FF0FF311430FFF7E1BC00003830FFF70C
:1090C00041BD00004FF0FF323830FFF73BBD0000DC
:1090D000012914BF6FF0130000207047FFF71CBB7D
:1090E000044B036000234360C0E90233012303748F
:1090F000704700BF10D0000810B53023044683F33A
:109100001188FFF733FB02230020237480F31188BA
:1091100010BD000038B5C36904460D461BB90421D3
:109120000844FFF7A5FF294604F11400FFF78AFC65
:10913000002806DA201D4FF40061BDE83840FFF733
:1091400097BF38BD026843681143016003B11847F7
:109150007047000013B5406B00F58054D4F8A43874
:109160001A681178042914D1017C022911D11979C6
:10917000012312898B4013420BD101A94C3003F01B
:109180000DF8D4F8A4480246019B2179206800F02C
:10919000DFF902B010BD0000143002F08FBF0000F4
:1091A0004FF0FF33143002F089BF00004C3003F061
:1091B00061B800004FF0FF334C3003F05BB80000A3
:1091C000143002F05DBF00004FF0FF31143002F0A8
:1091D00057BF00004C3003F02DB800004FF0FF32B5
:1091E0004C3003F027B800000020704710B500F5A0
:1091F0008054D4F8A4381A681178042917D1017C56
:10920000022914D15979012352898B4013420ED17E
:10921000143002F0EFFE024648B1D4F8A4484FF4EF
:10922000407361792068BDE8104000F07FB910BD3F
:10923000406BFFF7DBBF0000704700007FB5124BAB
:1092400001250426044603600023057400F184020E
:1092500043602946C0E902330C4B0290143001935D
:109260004FF44073009602F0A1FE094B04F69442BD
:10927000294604F14C000294CDE900634FF4407399
:1092800002F068FF04B070BD38D0000831920008C9
:10929000559100080A68302383F311880B790B334A
:1092A00042F823004B79133342F823008B7913B132
:1092B0000B3342F8230000F58053C3F8A4180223AF
:1092C0000374002080F311887047000038B5037FD5
:1092D000044613B190F85430ABB90125201D02218A
:1092E000FFF730FF04F114006FF00101257700F063
:1092F00091FD04F14C0084F854506FF00101BDE879
:10930000384000F087BD38BD10B501210446043057
:10931000FFF718FF0023237784F8543010BD0000B6
:1093200038B504460025143002F058FE04F14C0014
:10933000257702F027FF201D84F854500121FFF704
:1093400001FF2046BDE83840FFF750BF90F880305D
:1093500003F06003202B06D190F881200023212AFE
:1093600003D81F2A06D800207047222AFBD1C0E963
:109370001D3303E0034A426707228267C367012067
:10938000704700BF4423002037B500F58055D5F85D
:10939000A4381A68117804291AD1017C022917D13E
:1093A0001979012312898B40134211D100F14C0429
:1093B000204602F0A7FF58B101A9204602F0EEFEB8
:1093C000D5F8A4480246019B2179206800F0C0F836
:1093D00003B030BD01F10B03F0B550F8236085B048
:1093E00004460D46FEB1302383F3118804EB850754
:1093F000301D0821FFF7A6FEFB6806F14C005B69F3
:109400001B681BB1019002F0D7FE019803A902F07E
:10941000C5FE024648B1039B2946204600F098F855
:10942000002383F3118805B0F0BDFB685A69126808
:10943000002AF5D01B8A013B1340F1D104F18002D0
:10944000EAE70000133138B550F82140ECB1302381
:1094500083F3118804F58053D3F8A4281368527954
:1094600003EB8203DB689B695D6845B104216018EA
:10947000FFF768FE294604F1140002F0C5FD2046FE
:10948000FFF7B4FE002383F3118838BD7047000056
:1094900001F002BE01234022002110B5044600F86D
:1094A000303BF9F78FFA0023C4E9013310BD000007
:1094B00010B53023044683F3118824224160002133
:1094C0000C30F9F77FFA204601F008FE0223002055
:1094D000237080F3118810BD70B500EB8103054641
:1094E00050690E461446DA6018B110220021F9F7CF
:1094F00069FAA06918B110220021F9F763FA314620
:109500002846BDE8704001F0EFBE000083682022CD
:10951000002103F0011310B5044683601030F9F701
:1095200051FA2046BDE8104001F06ABFF0B40125B1
:1095300000EB810447898D40E4683D43A46945817F
:1095400023600023A2606360F0BC01F087BF0000CD
:10955000F0B4012500EB810407898D40E4683D43A8
:109560006469058123600023A2606360F0BC01F0A0
:10957000FDBF000070B502230025044624220370BD
:109580002946C0F888500C3040F8045CF9F71AFA04
:10959000204684F8705001F03BFE63681B6823B1DD
:1095A00029462046BDE87040184770BD0378052B5A
:1095B00010B504460AD080F88C3005230370436848
:1095C0001B680BB1042198470023A36010BD000065
:1095D0000178052906D190F88C20436802701B6839
:1095E00003B118477047000070B590F8703004461A
:1095F00013B1002380F8703004F18002204601F09E
:1096000023FF63689B68B3B994F8803013F060055A
:1096100035D00021204602F015FA0021204602F044
:1096200005FA63681B6813B1062120469847062394
:1096300084F8703070BD204698470028E4D0B4F814
:109640008630A26F9A4288BFA36794F98030A56FD5
:10965000002B4FF0300380F20381002D00F0F280E8
:10966000092284F8702083F3118800212046D4E970
:109670001D23FFF76DFF002383F31188DAE794F8C9
:10968000812003F07F0343EA022340F20232934237
:1096900000F0C58021D8B3F5807F48D00DD8012BCC
:1096A0003FD0022B00F09380002BB2D104F188024E
:1096B00062670222A267E367C1E7B3F5817F00F02A
:1096C0009B80B3F5407FA4D194F88230012BA0D1C8
:1096D000B4F8883043F0020332E0B3F5006F4DD0A8
:1096E00017D8B3F5A06F31D0A3F5C063012B90D884
:1096F0006368204694F882205E6894F88310B4F87A
:109700008430B047002884D0436863670368A36748
:109710001AE0B3F5106F36D040F6024293427FF460
:1097200078AF5C4B63670223A3670023C3E794F819
:109730008230012B7FF46DAFB4F8883023F0020340
:10974000A4F88830C4E91D55E56778E7B4F880309F
:10975000B3F5A06F0ED194F88230204684F88A3099
:1097600001F0B4FD63681B6813B1012120469847DE
:10977000032323700023C4E91D339CE704F18B030A
:1097800063670123C3E72378042B10D1302383F3CD
:1097900011882046FFF7BAFE85F31188032163681C
:1097A00084F88B5021701B680BB12046984794F8C1
:1097B0008230002BDED084F88B3004232370636862
:1097C0001B68002BD6D0022120469847D2E794F898
:1097D000843020461D0603F00F010AD501F026FE55
:1097E000012804D002287FF414AF2B4B9AE72B4BAF
:1097F00098E701F00DFEF3E794F88230002B7FF438
:1098000008AF94F8843013F00F01B3D01A06204645
:1098100002D502F02FF9ADE702F020F9AAE794F89B
:109820008230002B7FF4F5AE94F8843013F00F01F2
:10983000A0D01B06204602D502F004F99AE702F0F8
:10984000F5F897E7142284F8702083F311882B46EB
:109850002A4629462046FFF769FE85F31188E9E686
:109860005DB1152284F8702083F311880021204611
:10987000D4E91D23FFF75AFEFDE60B2284F8702081
:1098800083F311882B462A4629462046FFF760FEBF
:10989000E3E700BF68D0000860D0000864D000088B
:1098A00038B590F870300446002B3ED0063BDAB253
:1098B0000F2A34D80F2B32D8DFE803F037313108C4
:1098C000223231313131313131313737856FB0F8B2
:1098D00086309D4214D2C3681B8AB5FBF3F203FBAA
:1098E00012556DB9302383F311882B462A46294639
:1098F000FFF72EFE85F311880A2384F870300EE0FE
:10990000142384F87030302383F311880023204619
:109910001A461946FFF70AFE002383F3118838BD63
:10992000C36F03B198470023E7E70021204602F008
:1099300089F80021204602F079F863681B6813B1AA
:109940000621204698470623D7E7000010B590F877
:1099500070300446142B29D017D8062B05D001D817
:109960001BB110BD093B022BFBD80021204602F0A1
:1099700069F80021204602F059F863681B6813B1AA
:10998000062120469847062319E0152BE9D10B2321
:1099900080F87030302383F3118800231A4619466B
:1099A000FFF7D6FD002383F31188DAE7C3689B69CC
:1099B0005B68002BD5D1C36F03B19847002384F8AF
:1099C0007030CEE70023C0E9000083600361704778
:1099D00070B51C4B05468468DE685CB3B44213D195
:1099E00003690133036170BDA36094F8243083B12F
:1099F000062B15D1A06A2146D4E9003213605A60C3
:109A000000F0C2F8A36A9C68B368A2689A42EBD3DC
:109A100006E0D4E90032204613605A6000F0C4F832
:109A20002846314600F0B0F8B5620620BDE8704027
:109A300000F0BCB80369866001330361336BC36017
:109A40003063D0E78869002008B5302383F311889C
:109A5000FFF7BEFF002383F3118808BD0A4B82681D
:109A6000DB6832B19A420CD10369013303610120F2
:109A7000704702698360013202611A6BC260186329
:109A8000F5E70020704700BF8869002008B5302343
:109A900083F31188FFF7E2FF002383F3118808BDE9
:109AA000194BD96883688B4210B520D1302383F3DA
:109AB00011880269013A0261B2B90468C368A04220
:109AC0000B631ED04A6B9BB901238A600361036854
:109AD0001A68026050601A6B8360C260186318468F
:109AE00000F062F800F0B2F8002383F3118810BD93
:109AF0001C68A34203D0A468A24238BF2246DB6898
:109B0000E1E78260F0E700BF8869002000238268F7
:109B100080F8243083691B6899689142FBD25A68A7
:109B20000360426010605860704700000023826844
:109B300080F8243083691B6899689142FBD85A6881
:109B400003604260106058607047000008B5084626
:109B5000302383F3118891F82430032B05D0042B94
:109B60000DD02BB983F3118808BD8B6A00221A60CF
:109B70004FF0FF338362FFF7C9FF0023F2E7D1E91B
:109B8000003213605A60F3E7034610B51B68984231
:109B900003D09C688A689442F8D25A680B604A6085
:109BA0001160596010BD0000FFF7B0BF064BD968C7
:109BB00081F824001868026853601A600122D86096
:109BC00080F82420F6F726BC886900200C4B30B5BD
:109BD000DD684B1C87B004460FD02B46094A684607
:109BE00000F0ACF92046FFF7E1FF009B13B1684697
:109BF00000F0AEF9A86A07B030BDFFF7D7FFF9E76C
:109C0000886900204D9B0008044B1A68DB68906847
:109C10009B68984294BF002001207047886900200B
:109C2000094B10B51C68D868226853601A6001227D
:109C3000DC6084F82420FFF779FF01462046BDE868
:109C40001040F6F7E7BB00BF88690020044B1A6894
:109C5000DB6892689B689A4201D9FFF7E1BF7047C1
:109C60008869002038B50123084C00252370656001
:109C700002F0E2FB02F008FC0549064802F0DEFCB7
:109C80000223237085F3118838BD00BF306C00209B
:109C900070D000088869002008B572B6044B586778
:109CA00000F0B2FE01F042F8024B03221A70FEE708
:109CB00088690020306C002000F080B9034A5168A8
:109CC00053685B1A9842FBD8704700BF001000E051
:109CD0008B604B630023CA6100F128020B630223EF
:109CE0000A618B840123886181F8263001F1100319
:109CF000C26A4A611360C36201F12C030846CB6259
:109D000070470000D0E90131026841F8183CA1F128
:109D10009C033839CB60036941F8243C436941F81E
:109D2000203C034B41F8043CC3680248FFF7D0BF16
:109D30002D0400088869002008B5FFF7E3FFBDE89F
:109D40000840FFF731BF000038B50E4BDC6804F166
:109D50002C05A062E06AA8420FD194F826303BB9E6
:109D600094F825309B0702BFD4E9043213605A608F
:109D70000F20BDE83840FFF719BF0368E362FFF723
:109D800013FFE7E788690020302383F31188FFF78A
:109D9000DBBF000008B50146302383F3118808209B
:109DA000FFF714FF002383F3118808BD054BDB6820
:109DB00021B1036098620320FFF708BF4FF0FF3026
:109DC000704700BF8869002003682BB10022026041
:109DD00018469962FFF7E8BE70470000064BDB6843
:109DE00039B1426818605A60136043600420FFF77D
:109DF000EDBE4FF0FF30704788690020036898423D
:109E000006D01A680260506018469962FFF7CCBE0F
:109E10007047000038B504460D462068844200D1E2
:109E200038BD036823605C608562FFF7BDFEF4E720
:109E3000036810B59C68A2420CD85C688A600B600D
:109E40004C602160596099688A1A9A604FF0FF331C
:109E5000836010BD121B1B68ECE700000A2938BFA5
:109E60000A2170B504460D460A26601902F0DEFA92
:109E700002F0C6FA041BA54203D8751C04462E4600
:109E8000F3E70A2E04D90120BDE8704002F01CBCA3
:109E900070BD0000F8B5144B0D460A2A4FF00A07B2
:109EA000D96103F11001826038BF0A22416019694B
:109EB0001446016048601861A81802F0A7FA02F081
:109EC0009FFA431B0646A34206D37C1C281927464B
:109ED000354602F0ABFAF2E70A2F04D90120BDE8BB
:109EE000F84002F0F1BBF8BD88690020F8B50646DD
:109EF0000D4602F085FA0F4A134653F8107F9F4231
:109F000006D12A4601463046BDE8F840FFF7C2BFF9
:109F1000D169BB68441A2C1928BF2C46A34202D928
:109F20002946FFF79BFF224631460348BDE8F8402B
:109F3000FFF77EBF8869002098690020C0E90323ED
:109F4000002310B45DF8044B4361FFF7CFBF00005E
:109F500010B5194C236998420DD08168D0E90032C0
:109F600013605A609A680A449A60002303604FF0B5
:109F7000FF33A36110BD0268234643F8102F5360DE
:109F80000022026022699A4203D1BDE8104002F02B
:109F900047BA936881680B44936002F031FA2269F2
:109FA000E1699268441AA242E4D91144BDE8104024
:109FB000091AFFF753BF00BF886900202DE9F04759
:109FC000DFF8BC8008F110072C4ED8F8105002F0D2
:109FD00017FAD8F81C40AA68031B9A423ED81444CA
:109FE0004FF00009D5E90032C8F81C4013605A60F0
:109FF000C5F80090D8F81030B34201D102F010FA41
:10A0000089F31188D5E9033128469847302383F333
:10A0100011886B69002BD8D002F0F2F96A69A0EBC5
:10A02000040982464A450DD2022002F04DFB00226F
:10A03000D8F81030B34208D151462846BDE8F04761
:10A04000FFF728BF121A2244F2E712EB090929464A
:10A05000384638BF4A46FFF7EBFEB5E7D8F8103070
:10A06000B34208D01444C8F81C00211AA960BDE806
:10A07000F047FFF7F3BEBDE8F08700BF9869002006
:10A080008869002038B502F0BBF9054AD2E90845D5
:10A09000031B181945F10001C2E9080138BD00BFD2
:10A0A0008869002010B560B9074804790368053C49
:10A0B0009B6818BF0124984708B144F00404204667
:10A0C00010BD0124FBE700BFC0620020FFF7EABF1C
:10A0D0002DE9F047884617469A460446B0B90D4E1A
:10A0E0003579052D05D003240DE0013D15F0FF0560
:10A0F0000ED03268534639463046D2F81490424664
:10A10000C8470028F1D12046BDE8F0870424FAE7CB
:10A110000124F8E7C06200202DE9F0478846174681
:10A120009A460446B0B90D4E3579052D05D0032465
:10A130000DE0013D15F0FF050ED03268534639465B
:10A140003046D2F818904246C8470028F1D1204640
:10A15000BDE8F0870424FAE70124F8E7C062002094
:10A1600037B50C46154670B951B101290BD10748D6
:10A17000694603681B6A984710B9019B04462B6027
:10A18000204603B030BD0424FAE700BFC0620020BF
:10A1900000207047FEE70000704700004FF0FF30DE
:10A1A000704700004B6843608B688360CB68C36076
:10A1B0000B6943614B6903628B6943620B680360FF
:10A1C0007047000008B53C4B40F2FF713B48D3F8A4
:10A1D00088200A43C3F88820D3F8882022F4FF623D
:10A1E00022F00702C3F88820D3F88820D3F8E020B3
:10A1F0000A43C3F8E020D3F808210A43C3F8082132
:10A200002F4AD3F808311146FFF7CCFF00F58060E4
:10A2100002F11C01FFF7C6FF00F5806002F1380172
:10A22000FFF7C0FF00F5806002F15401FFF7BAFFAD
:10A2300000F5806002F17001FFF7B4FF00F5806067
:10A2400002F18C01FFF7AEFF00F5806002F1A8017A
:10A25000FFF7A8FF00F5806002F1C401FFF7A2FF3D
:10A2600000F5806002F1E001FFF79CFF00F58060DF
:10A2700002F1FC01FFF796FF02F58C7100F580609A
:10A28000FFF790FF01F08EFC0E4BD3F8902242F0C6
:10A290000102C3F89022D3F8942242F00102C3F8DD
:10A2A00094220522C3F898204FF06052C3F89C20F6
:10A2B000054AC3F8A02008BD004402580000025817
:10A2C00084D0000800ED00E01F00080308B501F08D
:10A2D00059FEFFF7C7FC104BD3F8DC2042F04002D8
:10A2E000C3F8DC20D3F8042122F04002C3F8042193
:10A2F000D3F80431094B1A6842F008021A601A6850
:10A3000042F004021A6000F0D5FD00F041FBBDE808
:10A31000084000F0B5B800BF0044025800180248D9
:10A3200001207047002070477047000002290CD0C0
:10A33000032904D00129074818BF00207047032AC9
:10A3400005D8054800EBC20070470448704700205C
:10A35000704700BF84D200085423002038D2000880
:10A3600070B59AB005460846144601A900F0C2F837
:10A3700001A8F8F71FFB431C0022C6B25B00104681
:10A38000C5E9003423700323023404F8013C01AB17
:10A39000D1B202348E4201D81AB070BD13F8011B3D
:10A3A000013204F8010C04F8021CF1E708B530236F
:10A3B00083F311880348FEF7E7FF002383F3118836
:10A3C00008BD00BF386C002090F8803003F01F02F9
:10A3D000012A07D190F881200B2A03D10023C0E97C
:10A3E0001D3315E003F06003202B08D1B0F8843052
:10A3F0002BB990F88120212A03D81F2A04D8FEF710
:10A40000A5BF222AEBD0FAE7034A426707228267F8
:10A41000C3670120704700BF4B23002007B5052903
:10A4200017D8DFE801F0191603191920302383F338
:10A430001188104A01210190FFF74EF8019802217E
:10A440000D4AFFF749F80D48FEF76AFF002383F332
:10A45000118803B05DF804FB302383F311880748AB
:10A46000FEF734FFF2E7302383F311880348FEF749
:10A470004BFFEBE7D8D10008FCD10008386C002076
:10A4800038B50C4D0C4C2A460C4904F10800FFF776
:10A4900067FF05F1CA0204F110000949FFF760FFE8
:10A4A00005F5CA7204F118000649BDE83840FFF707
:10A4B00057BF00BF1085002054230020B8D10008EA
:10A4C000C2D10008CDD1000870B5044608460D463B
:10A4D000F8F770FAC6B22046013403780BB9184673
:10A4E00070BD32462946F8F751FA0028F3D1012011
:10A4F000F6E700002DE9F84F05460C46F8F75AFA42
:10A500002C49C6B22846FFF7DFFF08B10336F6B282
:10A5100029492846FFF7D8FF08B11036F6B2632E56
:10A520000DD8DFF89080DFF89090244FDFF894A0EA
:10A53000DFF894B02E7846B92670BDE8F88F29462A
:10A540002046BDE8F84F02F075B9252E2ED107221E
:10A5500041462846F8F71AFA70B9DBF8003007359B
:10A560000A3444F80A3CDBF8043044F8063CBBF8F3
:10A57000083024F8023CDDE7082249462846F8F76F
:10A5800005FA98B9A21C0E4B197802320909C95D67
:10A5900002F8041C13F8011B01F00F015345C95DBB
:10A5A00002F8031CF0D118340835C3E7013504F86C
:10A5B000016BBFE7A4D20008CDD10008ACD20008DF
:10A5C00000E8F11F0CE8F11F7AC80008BFF34F8FB5
:10A5D000044B1A695107FCD1D3F810215207F8D166
:10A5E000704700BF0020005208B50D4B1B78ABB977
:10A5F000FFF7ECFF0B4BDA68D10704D50A4A5A6023
:10A6000002F188325A60D3F80C21D20706D5064AE7
:10A61000C3F8042102F18832C3F8042108BD00BF49
:10A620006E870020002000522301674508B5114BBA
:10A630001B78F3B9104B1A69510703D5DA6842F059
:10A640004002DA60D3F81021520705D5D3F80C2167
:10A6500042F04002C3F80C21FFF7B8FF064BDA685E
:10A6600042F00102DA60D3F80C2142F00102C3F893
:10A670000C2108BD6E870020002000520F289ABFD1
:10A6800000F5806040040020704700004FF4003067
:10A6900070470000102070470F2808B50BD8FFF74F
:10A6A000EDFF00F500330268013204D1043083422B
:10A6B000F9D1012008BD0020FCE700000F2838B5C3
:10A6C00005463FD8FFF782FF1F4CFFF78DFF4FF085
:10A6D000FF3307286361C4F814311DD82361FFF7E5
:10A6E00075FF030243F02403E360E36843F0800353
:10A6F000E36023695A07FCD42846FFF767FFFFF79A
:10A70000BDFF4FF4003100F0EDFA2846FFF78EFF51
:10A71000BDE83840FFF7C0BFC4F81031FFF756FF5F
:10A72000A0F108031B0243F02403C4F80C31D4F851
:10A730000C3143F08003C4F80C31D4F810315B07BE
:10A74000FBD4D9E7002038BD002000522DE9F84F96
:10A7500004460D46104644EA0203DE0602D00020FD
:10A76000BDE8F88F20F01F00DFF8D4B0DFF8D4A0E8
:10A77000FFF73AFF05EB0008454503D10120FFF73D
:10A7800055FFEDE720222946204601F0F9FF10B9D8
:10A7900020342035F0E7234604F120021F68791C9D
:10A7A000DDD104339342F9D104F178432048214E9E
:10A7B000B3F5801F204B38BF184603F1F80332BFB2
:10A7C000D946D1461E46FFF701FF0760A4EB050CF2
:10A7D000336805F11C0143F0020333602B1FD9F8E5
:10A7E000007017F00507FAD153F8042F8B424CF88C
:10A7F0000320F4D1BFF34F8FFFF7E8FE4FF0FF3394
:10A800000360336823F002033360BFF34F8F0B4BB9
:10A81000C3F85C42BFF34F8FBFF36F8F20222946EE
:10A82000204601F0ADFF0028B2D03846A7E700BFB0
:10A83000142100520C2000521420005200ED00E0C0
:10A84000102000521021005210B5084C237828B176
:10A850001BB9FFF7C9FE0123237010BD002BFCD0EC
:10A860002070BDE81040FFF7E1BE00BF6E870020FA
:10A870002DE9F04F0D4685B0814658B111F00D0617
:10A8800014BF2022082211F00803019304D0431EB4
:10A89000034269D0002435E0002E37D009F11F01B2
:10A8A00021F01F094FF00108314F05F00403DFF8D4
:10A8B000CCA005EA080BBBF1000F32D07869C007C5
:10A8C0002FD408F101080C37B8F1060FF3D19EB967
:10A8D000284D4946A819019201F0F8FD04460028C8
:10A8E00039D12036019AA02EF3D1494601F0EEFD70
:10A8F000044600282FD1019A49461F4801F0E6FD81
:10A90000044660BB204605B0BDE8F08F0029C9D1E0
:10A9100001462846029201F0D9FD0446D8B9029AB0
:10A92000C0E713B178694107CBD5AC0702D5786988
:10A930008007C6D5019911B178690107C1D549468B
:10A940000AEB4810CDE9022301F0C0FD0446DDE921
:10A9500002230028B5D04A460021204601E04A469D
:10A960000021F8F72FF8CDE70246002E96D199E79F
:10A97000C0D20008B0870020708700209087002098
:10A980000021FFF775BF00000121FFF771BF000034
:10A9900000231A4670B51A600433B3F5806FFAD1FC
:10A9A000104D0124104E06EB441001342A6955F86D
:10A9B0000C1F01F077FD062CF5D137254FF4C0545C
:10A9C0002046FFF7E1FF014628B122460748BDE8CF
:10A9D000704001F067BDC4EBC404013D4FEAD404EC
:10A9E000EED170BDC0D20008908700207087002093
:10A9F0000421FFF73DBF00004843FFF7C1BF00003F
:10AA000008B101F0D5BD704738B5054D00240334B9
:10AA1000696855F80C0B00F077F9122CF7D138BDA6
:10AA2000C0D20008B0F5805F10B5044607D8FFF724
:10AA3000DFFF28B92046BDE81040FFF7A1BF002086
:10AA400010BD0000FFF7DCBF70B5AAB140EA0103FA
:10AA500013F01F030FD1094C0144A5686D0706D5FB
:10AA60002568A84203D366683544A94204D9033354
:10AA70000C34122BF1D10022104670BDC0D2000858
:10AA800038B5EFF311859DB9EFF30584C4F30804DD
:10AA9000302334B183F31188FFF7F4FA85F311887A
:10AAA00038BD83F31188FFF7EDFA84F3118838BDC0
:10AAB000BDE83840FFF7E6BA10B5FFF7E1FF104CEC
:10AAC000C008104A002340EA4170C908A0FB04EC0A
:10AAD000A0FB020E1CEB0000A1FB044CA1FB021228
:10AAE0005B41001943EB0C0011EB0E0142F1000237
:10AAF000411842F10000090941EA007010BD00BF91
:10AB0000CFF753E3A59BC42008B5FFF7B9FF034A6D
:10AB1000D2E90032C01842EB010108BD5088002084
:10AB2000434BD3E900232DE9F34113437CD0FFF7D6
:10AB3000EBFF404A00230027F5F786FC06460D464A
:10AB40003D4A0023F5F780FC002314463046294691
:10AB5000394AF5F779FC4FF461613C23ADF8017097
:10AB6000B4FBF1F5B4FBF3F601FB154103FB16460C
:10AB70004624B1FBF3F1314BF6B28DF80040984218
:10AB80003CD84FF0640C4FF4C87EA30704F26C72FB
:10AB900025D1B2FBFCF30CFB132313BBB2FBFEF37A
:10ABA0000EFB1322B2FA82F35B0903F26D18621CEA
:10ABB0008045D2B217D90FB18DF800400022204C49
:10ABC0004FF00C0C17460CFB0343D4B2013213F8C0
:10ABD00004C084450CD8A0EB0C000127F5E7002346
:10ABE000E3E70123E1E7A0EB080014460127CCE7E7
:10ABF0000FB18DF80140431C8DF802309DF8010023
:10AC0000431C9DF800005038400640EA43509DF830
:10AC1000023040EA034040EA560040EAC52040EADC
:10AC2000411002B0BDE8F0814FF40410F9E700BF15
:10AC30005088002040420F008051010090230B00FB
:10AC400008D300080244074BD2B210B5904200D19D
:10AC500010BD441C00B253F8200041F8040BE0B2D0
:10AC6000F4E700BF504000580E4B30B51C6F240471
:10AC700005D41C6F1C671C6F44F400441C670A4C0D
:10AC800002442368D2B243F480732360074B90429E
:10AC900000D130BD441C51F8045B00B243F8205091
:10ACA000E0B2F4E70044025800480258504000580F
:10ACB00007B5012201A90020FFF7C4FF019803B0E6
:10ACC0005DF804FB13B50446FFF7F2FFA04205D080
:10ACD000012201A900200194FFF7C6FF02B010BDB8
:10ACE000704700000144BFF34F8F064B884204D3E6
:10ACF000BFF34F8FBFF36F8F7047C3F85C022030F4
:10AD0000F4E700BF00ED00E00144BFF34F8F064BB6
:10AD1000884204D3BFF34F8FBFF36F8F7047C3F8E0
:10AD200070022030F4E700BF00ED00E07047000043
:10AD300070B5054616460C4601201021FFF75CFE53
:10AD4000286046733CB1204636B1FFF751FE2B68B0
:10AD5000186000B19C6070BDFFF716FEF7E70000B9
:10AD6000F8B50F461546044648B905F11F010126FE
:10AD7000386821F01F01FFF7B5FF3046F8BD427B70
:10AD800029463868FFF760FE06460028EDD13B688B
:10AD90006360A368AB4210D213B12068FFF730FEA6
:10ADA000637B28462BB1FFF723FE206020B9A0600B
:10ADB000E3E7FFF7E9FDF8E7A560206805F11F016B
:10ADC000012621F01F013860FFF78CFF2673D4E7BE
:10ADD00010B5044640B10068884205D1606808B1EA
:10ADE000F7F7CAFD0023237310BD0000F8B50F4626
:10ADF0001446054648B904F11F010126386821F0C0
:10AE00001F01FFF781FF3046F8BD427B21463868BD
:10AE1000FFF71AFE06460028EDD1AB68A34210D218
:10AE200013B12868FFF7ECFD6B7B20462BB1FFF7D1
:10AE3000DFFD286020B9A860E5E7FFF7A5FDF8E78A
:10AE4000AC60396819B122462868F7F795FD286883
:10AE500004F11F01012621F01F013860FFF754FFA4
:10AE60002E73D0E720B103688B4204BF0023037325
:10AE700070470000074B45F255521A6003225A6092
:10AE800040F2FF729A604CF6CC421A600122024BEB
:10AE90001A707047004800585C880020034B1B78EC
:10AEA0001BB1034B4AF6AA221A6070475C88002047
:10AEB00000480058034B1A681AB9034AD2F8D02444
:10AEC0001A6070475888002000400258024B4FF427
:10AED0008032C3F8D02470470040025808B5FFF70D
:10AEE000E9FF024B1868C0F3806008BD5888002055
:10AEF00070B5BFF34F8FBFF36F8F1A4A0021C2F8AE
:10AF00005012BFF34F8FBFF36F8F536943F4003379
:10AF10005361BFF34F8FBFF36F8FC2F88410BFF33D
:10AF20004F8FD2F8803043F6E074C3F3C900C3F307
:10AF30004E335B0103EA0406014646EA8175013996
:10AF4000C2F86052F9D2203B13F1200FF2D1BFF3C7
:10AF50004F8F536943F480335361BFF34F8FBFF377
:10AF60006F8F70BD00ED00E0FEE70000214B22482E
:10AF7000224A70B5904237D3214BC11EDA1C121AF7
:10AF800022F003028B4238BF00220021F7F71AFD9E
:10AF90001C4A0023C2F88430BFF34F8FD2F88030B0
:10AFA00043F6E074C3F3C900C3F34E335B0103EA15
:10AFB0000406014646EA81750139C2F86C52F9D29D
:10AFC000203B13F1200FF2D1BFF34F8FBFF36F8FF0
:10AFD000BFF34F8FBFF36F8F0023C2F85032BFF320
:10AFE0004F8FBFF36F8F70BD53F8041B40F8041BE5
:10AFF000C0E700BF0CD40008D8890020D889002001
:10B00000D889002000ED00E0074BD3F8D81021EAE2
:10B010000001C3F8D810D3F8002122EA0002C3F8D7
:10B020000021D3F8003170470044025870B5D0E9D0
:10B03000244300224FF0FF359E6804EB4213510178
:10B04000D3F80009002805DAD3F8000940F0804061
:10B05000C3F80009D3F8000B002805DAD3F8000B79
:10B0600040F08040C3F8000B013263189642C3F8E9
:10B070000859C3F8085BE0D24FF00113C4F81C383C
:10B0800070BD0000890141F02001016103699B0648
:10B09000FCD41220FEF712BE10B50A4C2046FEF773
:10B0A000F9F9094BC4F89030084BC4F89430084CB7
:10B0B0002046FEF7EFF9074BC4F89030064BC4F872
:10B0C000943010BD608800200000084044D3000880
:10B0D000FC8800200000044050D3000870B50378BD
:10B0E0000546012B5CD1434BD0F89040984258D193
:10B0F000414B0E216520D3F8D82042F00062C3F8FE
:10B10000D820D3F8002142F00062C3F80021D3F820
:10B110000021D3F8802042F00062C3F88020D3F8E9
:10B12000802022F00062C3F88020D3F88030FDF741
:10B13000F5FB324BE360324BC4F800380023D5F8FE
:10B140009060C4F8003EC02323604FF40413A3634F
:10B150003369002BFCDA01230C203361FEF7AEFDCE
:10B160003369DB07FCD41220FEF7A8FD3369002BFE
:10B17000FCDA00262846A660FFF758FF6B68C4F883
:10B180001068DB68C4F81468C4F81C6883BB1D4BE6
:10B19000A3614FF0FF336361A36843F00103A36031
:10B1A00070BD194B9842C9D1134B4FF08060D3F852
:10B1B000D82042F00072C3F8D820D3F8002142F022
:10B1C0000072C3F80021D3F80021D3F8802042F0A8
:10B1D0000072C3F88020D3F8802022F00072C3F8F8
:10B1E0008020D3F88030FFF70FFF0E214D209EE71F
:10B1F000064BCDE760880020004402584014004010
:10B2000003002002003C30C0FC880020083C30C015
:10B21000F8B5D0F89040054600214FF00066204672
:10B22000FFF730FFD5F8941000234FF001128F681C
:10B230004FF0FF30C4F83438C4F81C2804EB431234
:10B2400001339F42C2F80069C2F8006BC2F80809D6
:10B25000C2F8080BF2D20B68D5F89020C5F89830E8
:10B26000636210231361166916F01006FBD11220D9
:10B27000FEF724FDD4F8003823F4FE63C4F8003848
:10B28000A36943F4402343F01003A3610923C4F8E6
:10B290001038C4F814380B4BEB604FF0C043C4F8BF
:10B2A000103B094BC4F8003BC4F81069C4F80039DE
:10B2B000D5F8983003F1100243F48013C5F89820B4
:10B2C000A362F8BD20D3000840800010D0F8902081
:10B2D00090F88A10D2F8003823F4FE6343EA011391
:10B2E000C2F80038704700002DE9F84300EB8103F5
:10B2F000D0F890500C468046DA680FFA81F9480180
:10B30000166806F00306731E022B05EB41134FF07F
:10B31000000194BFB604384EC3F8101B4FF0010172
:10B3200004F1100398BF06F1805601FA03F3916906
:10B3300098BF06F5004600293AD0578A04F1580113
:10B34000374349016F50D5F81C180B430021C5F84D
:10B350001C382B180127C3F81019A7405369611E28
:10B360009BB3138A928B9B08012A88BF5343D8F85A
:10B370009820981842EA034301F140022146C8F898
:10B380009800284605EB82025360FFF77BFE08EB2E
:10B390008900C3681B8A43EA845348341E4364010E
:10B3A0002E51D5F81C381F43C5F81C78BDE8F8832A
:10B3B00005EB4917D7F8001B21F40041C7F8001B23
:10B3C000D5F81C1821EA0303C0E704F13F030B4A38
:10B3D0002846214605EB83035A60FFF753FE05EB31
:10B3E0004910D0F8003923F40043C0F80039D5F8EB
:10B3F0001C3823EA0707D7E700800010000400028A
:10B40000D0F894201268C0F89820FFF70FBE000013
:10B410005831D0F8903049015B5813F4004004D003
:10B4200013F4001F0CBF0220012070474831D0F8F0
:10B43000903049015B5813F4004004D013F4001F0E
:10B440000CBF02200120704700EB8101CB68196A14
:10B450000B6813604B6853607047000000EB81037A
:10B4600030B5DD68AA691368D36019B9402B84BF71
:10B47000402313606B8A1468D0F890201C4402EBC0
:10B480004110013C09B2B4FBF3F46343033323F0EE
:10B49000030343EAC44343F0C043C0F8103B2B68A6
:10B4A00003F00303012B0ED1D2F8083802EB411050
:10B4B00013F4807FD0F8003B14BF43F0805343F077
:10B4C0000053C0F8003B02EB4112D2F8003B43F0BE
:10B4D0000443C2F8003B30BD2DE9F041D0F8906044
:10B4E00005460C4606EB4113D3F8087B3A07C3F830
:10B4F000087B08D5D6F814381B0704D500EB810368
:10B50000DB685B689847FA071FD5D6F81438DB0765
:10B510001BD505EB8403D968CCB98B69488A5A6876
:10B52000B2FBF0F600FB16228AB91868DA6890427E
:10B530000DD2121AC3E90024302383F31188214667
:10B540002846FFF78BFF84F31188BDE8F0810123C3
:10B5500003FA04F26B8923EA02036B81CB68002BA8
:10B56000F3D021462846BDE8F041184700EB81039F
:10B570004A0170B5DD68D0F890306C692668E660E5
:10B5800056BB1A444FF40020C2F810092A6802F092
:10B590000302012A0AB20ED1D3F8080803EB4214C1
:10B5A00010F4807FD4F8000914BF40F0805040F0C0
:10B5B0000050C4F8000903EB4212D2F8000940F031
:10B5C0000440C2F800090122D3F8340802FA01F15C
:10B5D0000143C3F8341870BD19B9402E84BF402010
:10B5E000206020681A442E8A8419013CB4FBF6F4CA
:10B5F00040EAC44040F00050C6E700002DE9F8439F
:10B60000D0F8906005460C464F0106EB4113D3F885
:10B61000088918F0010FC3F808891CD0D6F8103833
:10B62000DB0718D500EB8103D3F80CC0DCF814302D
:10B63000D3F800E0DA68964530D2A2EB0E024FF064
:10B6400000091A60C3F80490302383F31188FFF7D0
:10B650008DFF89F3118818F0800F1DD0D6F834388B
:10B660000126A640334217D005EB84030134D5F8F8
:10B670009050D3F80CC0E4B22F44DCF8142005EB52
:10B680000434D2F800E05168714514D3D5F8343849
:10B6900023EA0606C5F83468BDE8F883012303FAF7
:10B6A00001F2038923EA02030381DCF80830002B4E
:10B6B000D1D09847CFE7AEEB0103BCF8100083422E
:10B6C00028BF0346D7F8180980B2B3EB800FE3D840
:10B6D0009068A0F1040959F8048FC4F80080A0EB29
:10B6E00009089844B8F1040FF5D818440B44906049
:10B6F0005360C8E72DE9F84FD0F8905004466E69C2
:10B70000AB691E4016F480586E6103D0BDE8F84F57
:10B71000FDF730BF002E12DAD5F8003E9B0705D0AA
:10B72000D5F8003E23F00303C5F8003ED5F80438F1
:10B73000204623F00103C5F80438FDF749FF37051B
:10B7400005D52046FFF772FC2046FDF72FFFB00419
:10B750000CD5D5F8083813F0060FEB6823F47053B6
:10B760000CBF43F4105343F4A053EB6031071BD5D7
:10B770006368DB681BB9AB6923F00803AB6123780E
:10B78000052B0CD1D5F8003E9A0705D0D5F8003E20
:10B7900023F00303C5F8003E2046FDF719FF636858
:10B7A000DB680BB120469847F30200F1BA80B7027C
:10B7B00026D5D4F8909000274FF0010A09EB4712E4
:10B7C000D2F8003B03F44023B3F5802F11D1D2F817
:10B7D000003B002B0DDA62890AFA07F322EA030321
:10B7E000638104EB8703DB68DB6813B139462046CD
:10B7F00098470137D4F89430FFB29B689F42DDD957
:10B80000F00619D5D4F89000026AC2F30A1702F0C4
:10B810000F0302F4F012B2F5802F00F0CA80B2F5E7
:10B82000402F09D104EB8303002200F58050DB6830
:10B830001B6A974240F0B0803003D5F8185835D5D0
:10B84000E90303D500212046FFF746FEAA0303D5EE
:10B8500001212046FFF740FE6B0303D5022120465D
:10B86000FFF73AFE2F0303D503212046FFF734FEEE
:10B87000E80203D504212046FFF72EFEA90203D5D6
:10B8800005212046FFF728FE6A0203D5062120463F
:10B89000FFF722FE2B0203D507212046FFF71CFEEF
:10B8A000EF0103D508212046FFF716FE700340F193
:10B8B000A780E90703D500212046FFF79FFEAA07CE
:10B8C00003D501212046FFF799FE6B0703D502211E
:10B8D0002046FFF793FE2F0703D503212046FFF7ED
:10B8E0008DFEEE0603D504212046FFF787FEA8064D
:10B8F00003D505212046FFF781FE690603D5062101
:10B900002046FFF77BFE2A0603D507212046FFF7D6
:10B9100075FEEB0574D520460821BDE8F84FFFF70A
:10B920006DBED4F890904FF0000B4FF0010AD4F8A0
:10B9300094305FFA8BF79B689F423FF638AF09EB74
:10B940004713D3F8002902F44022B2F5802F20D10A
:10B95000D3F80029002A1CDAD3F8002942F09042DB
:10B96000C3F80029D3F80029002AFBDB3946D4F8B4
:10B970009000FFF787FB22890AFA07F322EA030304
:10B98000238104EB8703DB689B6813B139462046AB
:10B9900098470BF1010BCAE7910701D1D0F800805D
:10B9A000072A02F101029CBF03F8018B4FEA182815
:10B9B0003FE704EB830300F58050DA68D2F818C043
:10B9C000DCF80820DCE9001CA1EB0C0C00218F4204
:10B9D00008D1DB689B699A683A449A605A683A448D
:10B9E0005A6029E711F0030F01D1D0F800808C458F
:10B9F00001F1010184BF02F8018B4FEA1828E6E744
:10BA0000BDE8F88F08B50348FFF774FEBDE80840AD
:10BA1000FCF79CB86088002008B50348FFF76AFE71
:10BA2000BDE80840FCF792B8FC880020D0F89030C0
:10BA300003EB4111D1F8003B43F40013C1F8003B84
:10BA400070470000D0F8903003EB4111D1F8003975
:10BA500043F40013C1F8003970470000D0F890306B
:10BA600003EB4111D1F8003B23F40013C1F8003B74
:10BA700070470000D0F8903003EB4111D1F8003945
:10BA800023F40013C1F8003970470000064BD3F8C7
:10BA9000DC200243C3F8DC20D3F804211043C3F8B0
:10BAA0000401D3F8043170470044025808B53C4BF8
:10BAB0004FF0FF31D3F8802062F00042C3F88020BD
:10BAC000D3F8802002F00042C3F88020D3F8802011
:10BAD000D3F88420C3F88410D3F884200022C3F85C
:10BAE0008420D3F88400D86F40F0FF4040F4FF007A
:10BAF00040F4DF4040F07F00D867D86F20F0FF406F
:10BB000020F4FF0020F4DF4020F07F00D867D86FDA
:10BB1000D3F888006FEA40506FEA5050C3F88800AD
:10BB2000D3F88800C0F30A00C3F88800D3F888006F
:10BB3000D3F89000C3F89010D3F89000C3F8902089
:10BB4000D3F89000D3F89400C3F89410D3F894007D
:10BB5000C3F89420D3F89400D3F89800C3F8981051
:10BB6000D3F89800C3F89820D3F89800D3F88C0045
:10BB7000C3F88C10D3F88C00C3F88C20D3F88C0059
:10BB8000D3F89C00C3F89C10D3F89C10C3F89C20F9
:10BB9000D3F89C30FCF75CF9BDE8084000F0C2B96E
:10BBA0000044025808B50122534BC3F80821534BF7
:10BBB000D3F8F42042F00202C3F8F420D3F81C2199
:10BBC00042F00202C3F81C210222D3F81C314C4B74
:10BBD000DA605A689104FCD54A4A1A6001229A60D8
:10BBE000494ADA6000221A614FF440429A61444B9C
:10BBF0009A699204FCD51A6842F480721A603F4B2D
:10BC00001A6F12F4407F04D04FF480321A6700227A
:10BC10001A671A6842F001021A60384B1A68500716
:10BC2000FCD500221A611A6912F03802FBD10121F9
:10BC300019604FF0804159605A67344ADA62344AD9
:10BC40001A611A6842F480321A602C4B1A68910308
:10BC5000FCD51A6842F480521A601A689204FCD526
:10BC60002C4A2D499A6200225A63196301F57C011E
:10BC7000DA6301F2E71199635A64284A1A64284A80
:10BC8000DA621A6842F0A8521A601C4B1A6802F075
:10BC90002852B2F1285FF9D148229A614FF48862A4
:10BCA000DA6140221A621F4ADA641F4A1A651F4A83
:10BCB0005A651F4A9A6532231E4A1360136803F0BF
:10BCC0000F03022BFAD10D4A136943F003031361EA
:10BCD000136903F03803182BFAD14FF00050FFF727
:10BCE000D5FE4FF08040FFF7D1FE4FF00040BDE899
:10BCF0000840FFF7CBBE00BF00800051004402584F
:10BD00000048025800C000F0020000010000FF01DE
:10BD1000008890081210200063020901470E0508F0
:10BD2000DD0BBF0120000020000001100910E00021
:10BD300000010110002000524FF0B04208B5D2F8C7
:10BD4000883003F00103C2F8883023B1044A136835
:10BD50000BB150689847BDE80840FBF7F7BE00BF3D
:10BD6000406200204FF0B04208B5D2F8883003F0AE
:10BD70000203C2F8883023B1044A93680BB1D0683B
:10BD80009847BDE80840FBF7E1BE00BF40620020D5
:10BD90004FF0B04208B5D2F8883003F00403C2F87F
:10BDA000883023B1044A13690BB150699847BDE844
:10BDB0000840FBF7CBBE00BF406200204FF0B0420E
:10BDC00008B5D2F8883003F00803C2F8883023B1F0
:10BDD000044A93690BB1D0699847BDE80840FBF766
:10BDE000B5BE00BF406200204FF0B04208B5D2F8A7
:10BDF000883003F01003C2F8883023B1044A136A74
:10BE00000BB1506A9847BDE80840FBF79FBE00BFE2
:10BE1000406200204FF0B04310B5D3F8884004F4DE
:10BE20007872C3F88820A30604D5124A936A0BB12E
:10BE3000D06A9847600604D50E4A136B0BB1506B5D
:10BE40009847210604D50B4A936B0BB1D06B9847EA
:10BE5000E20504D5074A136C0BB1506C9847A30553
:10BE600004D5044A936C0BB1D06C9847BDE81040E0
:10BE7000FBF76CBE406200204FF0B04310B5D3F822
:10BE8000884004F47C42C3F88820620504D5164A31
:10BE9000136D0BB1506D9847230504D5124A936D6D
:10BEA0000BB1D06D9847E00404D50F4A136E0BB167
:10BEB000506E9847A10404D50B4A936E0BB1D06E17
:10BEC0009847620404D5084A136F0BB1506F984726
:10BED000230404D5044A936F0BB1D06F9847BDE893
:10BEE0001040FBF733BE00BF4062002008B5034896
:10BEF000FCF7F4FBBDE80840FBF728BEC062002059
:10BF000008B50348FCF784FCBDE80840FBF71EBEFB
:10BF10001865002008B500F009FCBDE80840FBF7F3
:10BF200015BE0000062108B50846FCF7F7FC0621FF
:10BF30000720FCF7F3FC06210820FCF7EFFC0621A4
:10BF40000920FCF7EBFC06210A20FCF7E7FC0621A0
:10BF50001720FCF7E3FC06212820FCF7DFFC092171
:10BF60007A20FCF7DBFC09213120FCF7D7FC072104
:10BF70003220FCF7D3FC0C215220BDE80840FCF72E
:10BF8000CDBC000008B5FFF791FDFCF73DF8FDF7CB
:10BF9000A5F8FDF743F8FDF77BFAFDF74DF9FEF73D
:10BFA000C3F9BDE8084000F029BA000030B50433F9
:10BFB000039C0172002104FB0325C160C0E9065304
:10BFC000049B0363059BC0E90000C0E90422C0E9AB
:10BFD0000842C0E90A11436330BD00000022416AF3
:10BFE000C260C0E90411C0E90A226FF00101FDF747
:10BFF00011BF0000D0E90432934201D1C2680AB9EE
:10C00000181D704700207047036919600021C2683D
:10C010000132C260C269134482699342036124BF42
:10C02000436A0361FDF7EABE38B504460D46E3688E
:10C030003BB162690020131D1268A3621344E362DE
:10C0400007E0237A33B929462046FDF7C7FE0028CA
:10C05000EDDA38BD6FF00100FBE70000C368C2698C
:10C06000013BC3604369134482699342436124BF27
:10C07000436A436100238362036B03B1184770472F
:10C0800070B53023044683F31188866A3EB9FFF702
:10C09000CBFF054618B186F31188284670BDA36A08
:10C0A000E26A13F8015B9342A36202D32046FFF7D2
:10C0B000D5FF002383F31188EFE700002DE9F84F47
:10C0C00004460E46174698464FF0300989F311880A
:10C0D0000025AA46D4F828B0BBF1000F09D141468B
:10C0E0002046FFF7A1FF20B18BF311882846BDE859
:10C0F000F88FD4E90A12A7EB050B521A934528BF13
:10C100009346BBF1400F1BD9334601F1400251F871
:10C11000040B914243F8040BF9D1A36A4036403531
:10C120004033A362D4E90A239A4202D32046FFF7A0
:10C1300095FF8AF31188BD42D8D289F31188C9E7E7
:10C1400030465A46F6F718FCA36A5E445D445B44E9
:10C15000A362E7E710B5029C0433017203FB0421DC
:10C16000C460C0E906130023C0E90A33039B0363DC
:10C17000049BC0E90000C0E90422C0E9084243630F
:10C1800010BD0000026A6FF00101C260426AC0E99E
:10C1900004220022C0E90A22FDF73CBED0E90423B4
:10C1A0009A4201D1C26822B9184650F8043B0B608C
:10C1B000704700231846FAE7C3680021C2690133BB
:10C1C000C3604369134482699342436124BF436A55
:10C1D0004361FDF713BE000038B504460D46E36821
:10C1E0003BB1236900201A1DA262E2691344E36295
:10C1F00007E0237A33B929462046FDF7EFFD0028F2
:10C20000EDDA38BD6FF00100FBE70000036919604B
:10C21000C268013AC260C2691344826993420361F1
:10C2200024BF436A036100238362036B03B1184791
:10C230007047000070B530230D460446114683F365
:10C240001188866A2EB9FFF7C7FF10B186F31188EF
:10C2500070BDA36A1D70A36AE26A01339342A362B0
:10C2600004D3E16920460439FFF7D0FF002080F3B2
:10C270001188EDE72DE9F84F04460D4690469946A2
:10C280004FF0300A8AF311880026B346A76A4FB9E7
:10C2900049462046FFF7A0FF20B187F311883046BA
:10C2A000BDE8F88FD4E90A073A1AA8EB06079742C7
:10C2B00028BF1746402F1BD905F1400355F8042B22
:10C2C0009D4240F8042BF9D1A36A40364033A36263
:10C2D000D4E90A239A4204D3E16920460439FFF7DE
:10C2E00095FF8BF311884645D9D28AF31188CDE7A3
:10C2F00029463A46F6F740FBA36A3D443E443B4498
:10C30000A362E5E7D0E904239A4217D1C3689BB141
:10C31000836A8BB1043B9B1A0ED01360C368013B48
:10C32000C360C3691A4483699A42026124BF436AA5
:10C330000361002383620123184670470023FBE753
:10C3400001F01F03F0B502F01F0456095A1C012327
:10C35000B6EB511F50F8265003FA02F34FEA51177B
:10C3600003F1FF333DBF50F82720C4F120001340F4
:10C3700003EA05003BBF03FA00F225FA04F0E040AF
:10C380001043F0BD70B57E227F210546FFF7D8FF30
:10C3900018B1012819D0002070BD3E22492128463D
:10C3A000FFF7CEFF2F22044631212846FFF7C8FFB2
:10C3B000064601345022023653212846B440FFF786
:10C3C000BFFF093804FA00F0E6E73022452128468D
:10C3D000FFF7B6FF01308002DEE7000090F8D630AC
:10C3E00090F8D7201B0403EB026390F8D42090F858
:10C3F000D500134403EB00207047000000F06CB937
:10C40000014B586A704700BF000C0040034B0022EC
:10C4100058631A610222DA60704700BF000C0040C6
:10C42000014B0022DA607047000C0040014B58635A
:10C43000704700BF000C0040024B034A1A60034AD9
:10C440005A607047B0890020D8890020000002207F
:10C45000074B494210B55C68201A08401968821AD7
:10C460008A4203D3A24201D85A6010BD0020FCE7E3
:10C47000B089002008B5302383F31188FFF7E8FF67
:10C48000002383F3118808BD0448054B0360002393
:10C49000C0E901330C30FDF795BA00BFB889002020
:10C4A00075C40008CB1D083A23F00703591A521A25
:10C4B00010B4D2080024C0E9004384600C301C6032
:10C4C0005A605DF8044BFDF77DBA00002DE9F74F87
:10C4D000364FCD1D8846002818BF0746082A4FEA68
:10C4E000D50538BF082207F10C003C1D914601908C
:10C4F000FDF7AAFA019809F10701C9F1000E2246D9
:10C50000246864B9FDF7CCFA3B68CBB308224946EE
:10C51000E8009847044698B340E9027830E004EB1D
:10C52000010CD4F804A00CEA0E0C0AF10106ACF1DF
:10C53000080304EBC6069E42E1D9A6EB0C0CB5EB52
:10C54000EC0F4FEAEC0BDAD89C421DD204F1080242
:10C55000AB45A3EB02024FEAE202626009D9691C13
:10C56000ED4303EBC1025D445560256843F831504B
:10C5700022601C46C3F8048044F8087BFDF790FA5B
:10C58000204603B0BDE8F08FAA45216802D11160B2
:10C590002346EEE7013504EBC50344F8351003F1FB
:10C5A0000801761AF6105E601360F1E7B889002082
:10C5B00073B50446A0F1080550F8080C54F8043C83
:10C5C000061D0C3007330190DB0844F8043CFDF7EE
:10C5D0003BFA334601989E421A6801D0AB4228D2FA
:10C5E0000AB1954225D244F8082C54F8042C1D6059
:10C5F000013254F8081C05EBC206B14206D14E6860
:10C60000324444F8042C0A6844F8082C5E68711C13
:10C6100003EBC1018D4207D154F8042C013232449E
:10C620005A6054F8082C1A6002B0BDE87040FDF75B
:10C6300037BA1346CFE70000FEE7000070B51E4B87
:10C640000025044686B058600E4605638163FBF7FB
:10C6500055FA04F12803A5606563C4E90A3304F1BF
:10C660001003C4E904334FF0FF33C4E90044C4E9C4
:10C670000635FFF7C5FE2B46024604F13C01204675
:10C68000C4E9082380230D4A6567FDF721FB736821
:10C69000E0600B4A03620123009280F82430684670
:10C6A000F26801923269CDE90223064BCDE90435E7
:10C6B000FDF742FB06B070BD306C002064D300086B
:10C6C0005CD3000839C60008024A536B1843506314
:10C6D000704700BF88690020114BD3F8E82042F072
:10C6E0000802C3F8E820D3F8102142F00802C3F88A
:10C6F00010210C4AD3F81031D36B43F00803D363F5
:10C70000C722094B9A624FF0FF32DA6200229A6127
:10C710005A63DA605A6001225A611A60704700BF9A
:10C72000004402580010005C000C0040094A08B5A3
:10C730001169D3680B40D9B29B076FEA01011161FF
:10C7400007D5302383F31188FDF7B6FA002383F36E
:10C75000118808BD000C00400B460146184600F049
:10C7600001B8000010B5054C13462CB10A4601462D
:10C770000220AFF3008010BD2046FCE7000000005F
:10C7800010B501390244904201D1002005E0037840
:10C7900011F8014FA34201D0181B10BD0130F2E780
:10C7A0002DE9F041A3B1C91A17780144044603F1F9
:10C7B000FF3C8C42204601D9002009E00578BD42AB
:10C7C00004F10104F5D10CEB0405D618A54201D102
:10C7D000BDE8F08115F8018D16F801EDF045F5D0B2
:10C7E000E7E70000884210B501EB020402D9844259
:10C7F000234607D8431EA14208D011F8012B03F8A5
:10C80000012FF8E7024401468A4200D110BD13F817
:10C81000014D02F8014DF7E7C9B2034610F8012BAC
:10C820001AB18A42F9D118467047002918BF00236F
:10C83000F9E70000034611F8012B03F8012B002A49
:10C84000F9D1704710B50139034632B111F8014FE3
:10C8500003F8014B013A002CF7D11A44002193420E
:10C8600000D110BD03F8011BF9E700006F72672EBD
:10C870006172647570696C6F742E42564D545F43DB
:10C88000616E4578000000004D4435002D2D0A00F2
:10C890002F6172647570696C6F742E6162696E00CD
:10C8A0002F6172647570696C6F742D76657269663C
:10C8B000792E6162696E002F6172647570696C6FA8
:10C8C000742D666C6173682E6162696E002F6172EF
:10C8D000647570696C6F742D666C61736865642E25
:10C8E0006162696E000000000000000000000000AE
:10C8F000691A0008051B0008B51C00083D1B00084C
:10C90000FD1A00080000000000000000651A000881
:10C91000111B0008ED1C0008611A00086D1A0008C0
:10C9200053544D333248373F3F3F0053544D333219
:10C93000483733782F3732780053544D33324837E5
:10C9400034332F3735332F373530000001105A007C
:10C9500003105900012058000320560040A2E4F1C2
:10C96000646891060041A3E5F26569920700000042
:10C9700043414E464449666163653A204D65737391
:10C980006167652052414D204F766572666C6F7706
:10C99000210000004261642043414E4966616365A5
:10C9A00020696E6465782E00000000000000000021
:10C9B000053B0008693300086D420008D9330008C0
:10C9C000E53300082938000889350008A13300083C
:10C9D000A53300087D33000865330008E5370008FB
:10C9E0008933000815450008B9440008953300084C
:10C9F000B937000801040E05054B02020E05054B70
:10CA000004010E05054B05010B04044B0801060348
:10CA10000346000000000000000000005943000829
:10CA200071430008454300084D430008B90F000852
:10CA3000191A00082F00000053756363657373664D
:10CA4000756C6C79206D6F756E746564205344430A
:10CA50006172642028736C6F77646F776E3D257503
:10CA6000290A0000EB7690455846415420202000CA
:10CA70004641543332202020000000002A3A3C3E38
:10CA80007C223F7F002B2C3B3D5B5D0043554541A5
:10CA90004141414345454549494941414592924FAC
:10CAA0004F4F5555594F554F9C4F9E9F41494F559C
:10CAB000A5A5A6A7A8A9AAABACADAEAFB0B1B2B3BD
:10CAC000B4414141B8B9BABBBCBDBEBFC0C1C2C30D
:10CAD000C4C54141C8C9CACBCCCDCECFD1D14545C3
:10CAE0004549494949D9DADBDCDD49DF4FE14F4FA0
:10CAF0004F4FE6E8E85555555959EEEFF0F1F2F38E
:10CB0000F4F5F6F7F8F9FAFBFCFDFEFF0103050763
:10CB1000090E10121416181C1E00000061001A03E2
:10CB2000E0001703F8000703FF000100780100018F
:10CB3000300132010601390110014A012E0179014B
:10CB4000060180014D0043028101820182018401BE
:10CB5000840186018701870189018A018B018B018C
:10CB60008D018E018F01900191019101930194013A
:10CB7000F60196019701980198013D029B019C01E5
:10CB80009D0120029F01A001A001A201A201A40118
:10CB9000A401A601A701A701A901AA01AB01AC014B
:10CBA000AC01AE01AF01AF01B101B201B301B301FC
:10CBB000B501B501B701B801B801BA01BB01BC01AB
:10CBC000BC01BE01F701C001C101C201C301C40122
:10CBD000C501C401C701C801C701CA01CB01CA010F
:10CBE000CD011001DD0101008E01DE011201F30112
:10CBF0000300F101F401F401F801280122021201FD
:10CC00003A020900652C3B023B023D02662C3F02C2
:10CC100040024102410246020A01530240008101E2
:10CC20008601550289018A0158028F015A0290013A
:10CC30005C025D025E025F02930161026202940186
:10CC40006402650266026702970196016A02622C1D
:10CC50006C026D026E029C01700271029D017302F2
:10CC600074029F0176027702780279027A027B02CF
:10CC70007C02642C7E027F02A60181028202A9014D
:10CC80008402850286028702AE014402B101B2012C
:10CC900045028D028E028F0290029102B7017B0342
:10CCA0000300FD03FE03FF03AC03040086038803B7
:10CCB00089038A03B1031103C2030200A303A30380
:10CCC000C4030803CC0303008C038E038F03D80333
:10CCD0001801F2030A00F903F303F403F503F60362
:10CCE000F703F703F903FA03FA03300420035004AF
:10CCF0001007600422018A043601C1040E01CF042A
:10CD00000100C004D00444016105260400000000B5
:10CD10007D1D0100632C001E9601A01E5A01001FFC
:10CD20000806101F0606201F0806301F0806401FB1
:10CD30000606511F0700591F521F5B1F541F5D1F1E
:10CD4000561F5F1F601F0806701F0E00BA1FBB1F13
:10CD5000C81FC91FCA1FCB1FDA1FDB1FF81FF91F0F
:10CD6000EA1FEB1FFA1FFB1F801F0806901F080613
:10CD7000A01F0806B01F0400B81FB91FB21FBC1FB8
:10CD8000CC1F0100C31FD01F0206E01F0206E51FD3
:10CD90000100EC1FF31F0100FC1F4E210100322196
:10CDA00070211002842101008321D0241A05302C27
:10CDB0002F04602C0201672C0601752C0201802CC7
:10CDC0006401002D260841FF1A030000C700FC0083
:10CDD000E900E200E400E000E500E700EA00EB0023
:10CDE000E800EF00EE00EC00C400C500C900E6005A
:10CDF000C600F400F600F200FB00F900FF00D600C8
:10CE0000DC00F800A300D800D7009201E100ED009B
:10CE1000F300FA00F100D100AA00BA00BF00AE0092
:10CE2000AC00BD00BC00A100AB00BB009125922569
:10CE3000932502252425C100C200C000A900632556
:10CE4000512557255D25A200A50010251425342560
:10CE50002C251C2500253C25E300C3005A2554251C
:10CE600069256625602550256C25A400F000D000BA
:10CE7000CA00CB00C8003101CD00CE00CF0018257C
:10CE80000C2588258425A600CC008025D300DF0052
:10CE9000D400D200F500D500B500FE00DE00DA00B7
:10CEA000DB00D900FD00DD00AF00B400AD00B10033
:10CEB0001720BE00B600A700F700B800B000A80019
:10CEC000B700B900B300B200A025A00010000240D6
:10CED000080002400008024000000B002800024049
:10CEE000080002400408024006010C004000024015
:10CEF000080002400808024010020D0058000240DD
:10CF0000080002400C08024016030E0070000240A8
:10CF10000C0002401008024000040F00880002408C
:10CF20000C0002401408024006051000A000024058
:10CF30000C0002401808024010061100B800024020
:10CF40000C0002401C08024016072F00100402408B
:10CF5000080402402008024000083800280402406B
:10CF60000804024024080240060939004004024037
:10CF70000804024028080240100A3A0058040240FF
:10CF8000080402402C080240160B3B0070040240CB
:10CF90000C04024030080240000C3C0088040240AF
:10CFA0000C04024034080240060D4400A004024074
:10CFB0000C04024038080240100E4500B80402403C
:10CFC0000C0402403C080240160F4600010000001D
:10CFD00000000000009600000000000000000000BB
:10CFE0000000000000000000000000000000000041
:10CFF00021A3000825A30008B18C0008E98F0008D0
:10D00000458C00086D8C0008958C00082D8C00085C
:10D01000000000009D90000889900008C59000085D
:10D02000B1900008BD900008A990000895900008F4
:10D0300081900008D190000800000000B591000820
:10D04000A1910008DD910008C9910008D591000860
:10D05000C1910008AD91000899910008E99100087C
:10D06000000000000100000000000000633000002C
:10D070006CD000080000000000000000006A0020E2
:10D08000306C00200000802A00000000AAAAAAAA92
:10D0900000000024FFFF00000000000000A00A00C4
:10D0A0000000000100000000AAAAAAAA00000001D6
:10D0B000FFFF000000000000000000000000AA4682
:10D0C00000000000AAAAAAAA00005544FFFF000021
:10D0D00000000000CCCC0C006A0110000000000031
:10D0E000EAAAAAAA10010000F7FB0000990C0000B0
:10D0F000000000005080420000000000AAAAAAAA76
:10D1000010404100F7FF0000000000700700000021
:10D110000000000000000000AAAAAAAA0000000067
:10D12000FFFF000000000000000000000000000001
:10D1300000000000AAAAAAAA00000000FFFF000049
:10D1400000000000000000000000000000000000DF
:10D15000AAAAAAAA00000000FFFF00000000000029
:10D16000000000000000000000000000AAAAAAAA17
:10D1700000000000FFFF00000000000000000000B1
:10D180000000000000000000AAAAAAAA00000000F7
:10D19000FFFF000000000000000000000000000091
:10D1A00000000000AAAAAAAA00000000FFFF0000D9
:10D1B00000000000000000004172647550696C6F4F
:10D1C000740025424F415244252D424C00255345C1
:10D1D0005249414C25000000020000000000000000
:10D1E000D59300084594000840004000E0840020EA
:10D1F000F084002002000000000000000300000096
:10D20000000000008D9400080000000010000000E5
:10D210000085002000000000010000000000000068
:10D2200060880020010102001DA400082DA3000851
:10D23000C9A30008ADA300084300000040D20008C5
:10D2400009024300020100C0320904000001020289
:10D25000010005240010010524010001042402023C
:10D260000524060001070582030800FF09040100E8
:10D27000020A0000000705010240000007058102C4
:10D2800040000000120000008CD2000812011001C2
:10D290000200004009124157000201020301000090
:10D2A0000403090425424F415244250030313233F2
:10D2B0003435363738394142434445460000000092
:10D2C0000001002000FF010002000000000000300B
:10D2D0000000040008000000000000240000080016
:10D2E000040000000004000000FC00000200000038
:10D2F000000004300080000008000000000000383A
:10D3000000000100010000001F1C1F1E1F1E1F1F28
:10D310001E1F1E1F1F1D1F1E1F1E1F1F1E1F1E1F25
:10D3200000000000E9950008A19800084D99000848
:10D3300040004000988900209889002001000000EA
:10D34000A8890020800000004001000008000000C3
:10D3500000010000001000000800000069646C6516
:10D36000000000006D61696E002C04380404380868
:10D370000C10141C2024252600000000000064046A
:10D380000100040000000000000C001028303400F0
:10D39000E830FF7F010000009B0F0000000000004C
:10D3A00000001A0000000000FE2A0100D204000064
:10D3B000FF000000386C002018650020000000000D
:10D3C00020C90008830400002BC900085004000095
:10D3D00039C90008010000000000000000960000AC
:10D3E0000000080096000000000800000400000093
:10D3F000A0D20008000000000000000000000000B3
:0CD4000000000000000000000000000020
:00000001FF
