:020000040800F2
:1000000000070020F1020008AD4400086544000824
:100010008D4400086544000885440008F302000888
:10002000F3020008F3020008F3020008E97A00086E
:10003000F3020008F3020008F3020008F3020008CC
:10004000F3020008F3020008F3020008F3020008BC
:10005000F3020008F30200083DBD000869BD000876
:1000600095BD0008C1BD0008EDBD0008AD7B0008CE
:10007000D57B0008017C00082D7C0008597C000815
:10008000817C0008AD7C0008F302000831430008C1
:10009000F302000841430008F302000819BE0008FB
:1000A000F3020008F3020008F3020008F30200085C
:1000B000F3020008F3020008F3020008F30200084C
:1000C000F3020008F3020008F3020008F30200083C
:1000D000F3020008F3020008F3020008F30200082C
:1000E0007DBE0008F3020008F3020008F3020008D6
:1000F000F3020008F3020008F3020008D97C0008AC
:10010000F3020008F1BE000819BF0008F30200085E
:10011000F3020008F3020008F3020008F3020008EB
:10012000057D00082D7D0008597D0008857D0008AB
:10013000B17D0008F3020008F3020008F302000892
:10014000F3020008F3020008F3020008F3020008BB
:10015000D97D0008057E0008317E0008F302000802
:10016000F3020008F3020008F3020008F30200089B
:10017000F30200081DBA0008F3020008F3020008A9
:10018000F3020008F302000805BF0008F3020008AC
:10019000F3020008F3020008F3020008F30200086B
:1001A000F3020008F3020008F3020008F30200085B
:1001B000F3020008F3020008F3020008F30200084B
:1001C000F3020008F3020008F3020008F30200083B
:1001D000F302000809BA0008F3020008F30200085D
:1001E000F3020008F3020008F3020008F30200081B
:1001F000F3020008F3020008F3020008F30200080B
:10020000F3020008F3020008F3020008F3020008FA
:10021000F3020008F3020008F3020008F3020008EA
:10022000F3020008F3020008F3020008F3020008DA
:10023000F3020008F3020008F3020008F3020008CA
:10024000F3020008F3020008F3020008F3020008BA
:10025000F3020008F3020008F3020008F3020008AA
:10026000F3020008F3020008F3020008F30200089A
:10027000F3020008F3020008F3020008F30200088A
:10028000F3020008F3020008F3020008F30200087A
:10029000F3020008F3020008F3020008F30200086A
:1002A000F3020008F3020008F3020008F30200085A
:1002B000F3020008F3020008F3020008F30200084A
:1002C000F3020008F3020008F3020008F30200083A
:1002D000F3020008F3020008F3020008F30200082A
:1002E0002D1A0008000000000000000000000000BF
:1002F00002E000F000F8FEE772B6374880F30888A5
:10030000364880F3098836483649086040F20000D4
:10031000CCF200004EF63471CEF200010860BFF35B
:100320004F8FBFF36F8F40F20000C0F2F0004EF627
:100330008851CEF200010860BFF34F8FBFF36F8F7B
:100340004FF00000E1EE100A4EF63C71CEF20001D3
:100350000860062080F31488BFF36F8F0AF0CAFD8F
:1003600009F036FF4FF055301F491B4A91423CBF00
:1003700041F8040BFAE71D49184A91423CBF41F885
:10038000040BFAE71A491B4A1B4B9A423EBF51F82D
:10039000040B42F8040BF8E700201849184A914270
:1003A0003CBF41F8040BFAE70AF0E2FD09F094FFC4
:1003B000144C154DAC4203DA54F8041B8847F9E796
:1003C00000F0C4F9114C124DAC4203DA54F8041B8E
:1003D0008847F9E70AF0CABD000700200023002083
:1003E0000000000808ED00E00001002000070020E8
:1003F00098D30008002300207423002078230020D5
:10040000D8890020E0020008E4020008E4020008A5
:10041000E40200082DE9F04F2DED108AC1F80CD050
:10042000D0F80CD0BDEC108ABDE8F08F002383F328
:1004300011882846A047002009F0ACFCFEE709F02F
:10044000F5FB00DFFEE7000053B94AB9002908BFF9
:1004500000281CBF4FF0FF314FF0FF3000F074B99F
:10046000ADF1080C6DE904CE00F006F8DDF804E00B
:10047000DDE9022304B070472DE9F047089D0446EA
:100480008E46002B4DD18A42944669D9B2FA82F247
:1004900052B101FA02F3C2F1200120FA01F10CFA83
:1004A00002FC41EA030E94404FEA1C48210CBEFBBB
:1004B000F8F61FFA8CF708FB16E341EA034306FB44
:1004C00007F199420AD91CEB030306F1FF3080F0D3
:1004D0001F81994240F21C81023E63445B1AA4B220
:1004E000B3FBF8F008FB103344EA034400FB07F7C2
:1004F000A7420AD91CEB040400F1FF3380F00A8103
:10050000A74240F207816444023840EA0640E41BF7
:1005100000261DB1D4400023C5E900433146BDE8A3
:10052000F0878B4209D9002D00F0EF800026C5E945
:10053000000130463146BDE8F087B3FA83F6002E5D
:100540004AD18B4202D3824200F2F980841A61EBD5
:10055000030301209E46002DE0D0C5E9004EDDE7F3
:1005600002B9FFDEB2FA82F2002A40F09280A1EBDB
:100570000C014FEA1C471FFA8CFE0126200CB1FB30
:10058000F7F307FB131140EA01410EFB03F0884229
:1005900008D91CEB010103F1FF3802D2884200F2B6
:1005A000CB804346091AA4B2B1FBF7F007FB101148
:1005B00044EA01440EFB00FEA64508D91CEB0404E6
:1005C00000F1FF3102D2A64500F2BB800846A4EB41
:1005D0000E0440EA03409CE7C6F12007B34022FA2C
:1005E00007FC4CEA030C20FA07F401FA06F31C435B
:1005F000F9404FEA1C4900FA06F3B1FBF9F8200C68
:100600001FFA8CFE09FB181140EA014108FB0EF0AD
:10061000884202FA06F20BD91CEB010108F1FF3AFD
:1006200080F08880884240F28580A8F10208614409
:10063000091AA4B2B1FBF9F009FB101144EA014117
:1006400000FB0EFE8E4508D91CEB010100F1FF34C2
:100650006CD28E456AD90238614440EA0840A0FB5A
:100660000294A1EB0E01A142C846A64656D353D030
:100670005DB1B3EB080261EB0E0101FA07F722FA54
:1006800006F3F1401F43C5E9007100263146BDE87D
:10069000F087C2F12003D8400CFA02FC21FA03F3E0
:1006A000914001434FEA1C471FFA8CFEB3FBF7F061
:1006B00007FB10360B0C43EA064300FB0EF69E4286
:1006C00004FA02F408D91CEB030300F1FF382FD21F
:1006D0009E422DD9023863449B1B89B2B3FBF7F6C7
:1006E00007FB163341EA034106FB0EF38B4208D9A0
:1006F0001CEB010106F1FF3816D28B4214D9023EE1
:100700006144C91A46EA004638E72E46284605E7FE
:100710000646E3E61846F8E64B45A9D2B9EB0208CF
:1007200064EB0C0E0138A3E74646EAE7204694E75F
:100730004046D1E7D0467BE7023B614432E7304692
:1007400009E76444023842E7704700BFF8B502F099
:100750003BF802F0F3F90AF0ADFA07460AF0C0FBE5
:100760000546C0BB214B9F4235D001339F4235D057
:1007700027F0FF021E4B9A4233D12E4642F21074EC
:10078000F8B200F0ABFF00F0AFFF08B1002426463E
:1007900002F016FC20B10024032000F07DF826466C
:1007A00035B1144B9F4203D000240AF091FB26463A
:1007B00000200AF089FA0EB100F084F802F05CF92A
:1007C00000F0C6FF01F0B6FA08B100F07BF8204651
:1007D00000F036F9F9E72E460024D4E70446012656
:1007E000D1E7064641F28834CDE700BF010007B0EB
:1007F000000008B0263A09B008B501F0B1FFA0F139
:1008000020035842584108BD07B541F212030221A6
:1008100001A8ADF8043001F0C1FF03B05DF804FB9E
:1008200038B5302383F31188174803680BB109F0FA
:1008300095FB0023154A4FF47A71134809F084FBA5
:10084000002383F31188124C236813B12368013B02
:100850002360636813B16368013B63600D4D2B78BF
:1008600033B963687BB9022002F070F83223636009
:100870002B78032B07D163682BB9022002F066F8AE
:100880004FF47A73636038BD782300202108000894
:100890009824002090230020084B187003280CD8BF
:1008A000DFE800F008050208022002F047B8022045
:1008B00002F03AB8024B00225A60704790230020A1
:1008C00098240020F8B502F07BFB30B1544B032292
:1008D0001A700022534B5A60F8BD534B534A1C46C2
:1008E00019680131F8D004339342F9D16268504B52
:1008F0009A42F1D94F4B9B6803F1006303F5003333
:100900009A42E9D20AF0B8FA0AF0CAFA002001F0D5
:1009100081FF0220FFF7C0FF474B0021D3F8E820FA
:10092000C3F8E810D3F81021C3F81011D3F8102140
:10093000D3F8EC20C3F8EC10D3F81421C3F8141149
:10094000D3F81421D3F8F020C3F8F010D3F818210D
:10095000C3F81811D3F81821D3F8802042F00062B0
:10096000C3F88020D3F8802022F00062C3F88020F2
:10097000D3F88020D3F8802042F00072C3F88020A2
:10098000D3F8802022F00072C3F88020D3F88030A2
:1009900072B64FF0E023C3F8084DD4E90004BFF36A
:1009A0004F8FBFF36F8F254AC2F88410BFF34F8F6C
:1009B000536923F480335361BFF34F8FD2F88030F3
:1009C00043F6E076C3F3C905C3F34E335B0103EA94
:1009D000060C29464CEA81770139C2F87472F9D2C3
:1009E000203B13F1200FF2D1BFF34F8FBFF36F8F76
:1009F000BFF34F8FBFF36F8F536923F400335361FD
:100A00000023C2F85032BFF34F8FBFF36F8F3023F4
:100A100083F31188854680F3088820475CE700BF90
:100A200090230020982400200000020820000208E3
:100A3000FFFF0108002300200044025800ED00E001
:100A40002DE9F04F93B0B74B2022FF2100900AA868
:100A50009D6801F0BBFFB44A1378A3B90121B348E4
:100A600011700360302383F3118803680BB109F020
:100A700075FA0023AE4A4FF47A71AC4809F064FA73
:100A8000002383F31188009B13B1AA4B009A1A60CC
:100A9000A94A1378032B03D000231370A54A53608F
:100AA0004FF0000A009CD3465646D146012001F083
:100AB00045FF24B19F4B1B68002B00F02C820020C7
:100AC00001F04EFE0390039B002B01DA00F088FE3C
:100AD000039B002BEDDB012001F026FF039B213B54
:100AE0001F2BE3D801A252F823F000BF6D0B0008C2
:100AF000950B0008290C0008AD0A0008AD0A000893
:100B0000AD0A0008BB0C00088B0E0008A50D0008FC
:100B1000070E00082F0E0008550E0008AD0A000849
:100B2000670E0008AD0A0008D90E00080D0C000879
:100B3000AD0A00081D0F0008790B00080D0C000815
:100B4000AD0A0008070E0008AD0A0008AD0A00084B
:100B5000AD0A0008AD0A0008AD0A0008AD0A000899
:100B6000AD0A0008AD0A0008290C00080220FFF7B2
:100B700043FE002840F0F981009B022105A8BAF14C
:100B8000000F08BF1C4641F21233ADF8143001F0DB
:100B900005FE8BE74FF47A7001F0E2FD071EEBDBF8
:100BA0000220FFF729FE0028E6D0013F052F00F2C2
:100BB000DE81DFE807F0030A0D1013360523042158
:100BC00005A8059301F0EAFD17E004215548F9E76F
:100BD00004215A48F6E704215948F3E74FF01C086E
:100BE000404608F1040801F017FE0421059005A80D
:100BF00001F0D4FDB8F12C0FF2D101204FF0000923
:100C000000FA07F747EA0B0B5FFA8BFB01F02AFFAC
:100C100026B10BF00B030B2B08BF0024FFF7F4FDEC
:100C200044E704214748CDE7002EA5D00BF00B0385
:100C30000B2BA1D10220FFF7DFFD074600289BD038
:100C40000120002601F0E6FD0220FFF725FE1FFA35
:100C500086F8404601F0EEFD0446B0B103994046E7
:100C60000136A1F140025142514101F0FBFD002843
:100C7000EDD1BA46044641F21213022105A83E46C0
:100C8000ADF8143001F08AFD10E725460120FFF78A
:100C900003FE244B9B68AB4207D9284601F0BCFDFC
:100CA000013040F067810435F3E70025224BBA4656
:100CB0003E461D701F4B5D60A8E7002E3FF45CAF01
:100CC0000BF00B030B2B7FF457AF0220FFF7E4FD73
:100CD000322001F045FDB0F10008FFF64DAF18F0ED
:100CE00003077FF449AF0F4A08EB0503926893426C
:100CF0003FF642AFB8F5807F3FF73EAF124BB845A5
:100D0000019323DD4FF47A7001F02AFD0390039ADA
:100D1000002AFFF631AF039A0137019B03F8012B3C
:100D2000EDE700BF0023002094240020782300205A
:100D3000210800089824002090230020042300208C
:100D4000082300200C23002094230020C820FFF754
:100D500053FD074600283FF40FAF1F2D11D8C5F1F2
:100D600020020AAB25F0030084494245184428BFFD
:100D70004246019201F004FE019AFF217F4801F0F2
:100D800025FE4FEAA803C8F387027C492846019351
:100D900001F024FE064600283FF46DAF019B05EBF1
:100DA000830533E70220FFF727FD00283FF4E4AE78
:100DB00001F06AFD00283FF4DFAE0027B846704B13
:100DC0009B68BB4218D91F2F11D80A9B01330ED044
:100DD00027F0030312AA134453F8203C059340461E
:100DE000042205A9043702F0D5F88046E7E7384623
:100DF00001F012FD0590F2E7CDF81480042105A85A
:100E000001F0CCFC02E70023642104A8049301F064
:100E1000BBFC00287FF4B0AE0220FFF7EDFC0028F9
:100E20003FF4AAAE049801F025FD0590E6E7002303
:100E3000642104A8049301F0A7FC00287FF49CAE71
:100E40000220FFF7D9FC00283FF496AE049801F089
:100E500013FDEAE70220FFF7CFFC00283FF48CAE39
:100E600001F022FDE1E70220FFF7C6FC00283FF475
:100E700083AE05A9142001F01DFD0746042104904E
:100E800004A801F08BFC3946B9E7322001F068FC78
:100E9000071EFFF671AEBB077FF46EAE384A07EB54
:100EA0000903926893423FF667AE0220FFF7A4FC65
:100EB00000283FF461AE27F003074F44B9453FF4E3
:100EC000A5AE484609F1040901F0A6FC04210590ED
:100ED00005A801F063FCF1E74FF47A70FFF78CFC92
:100EE00000283FF449AE01F0CFFC002844D00A9B13
:100EF00001330BD008220AA9002001F06FFD002861
:100F00003AD02022FF210AA801F060FDFFF77CFC07
:100F10001C4808F045FF13B0BDE8F08F002E3FF4E9
:100F20002BAE0BF00B030B2B7FF426AE00236421BA
:100F300005A8059301F028FC074600287FF41CAEA5
:100F40000220FFF759FC804600283FF415AEFFF75A
:100F50005BFC41F2883008F023FF059801F0CCFDDE
:100F600046463C4601F07EFDA0E506464EE64FF0C3
:100F7000000901E6BA467EE637467CE69423002067
:100F800000230020A0860100094A49F26900136885
:100F900099B21B0C00FB013344F250611360054B06
:100FA000186882B2000C01FB0200186080B2704722
:100FB000142300201023002070470000002110227D
:100FC00010B5044601F002FD034B03CB20606160C5
:100FD0001868A06010BD00BF00E8F11FF0B5ADF5C6
:100FE0004F7D4FF4C47207460D466CAC002120467D
:100FF00001F0ECFC03F062FA4FF47A72254BB0FB7F
:10100000F2F0186093E80700022384E807000DF56A
:10101000E9702382FFF7D2FF49F60F431E4907A864
:1010200023840BF009FC16230DF2E3220DF12C0CA6
:1010300084F8323107AB1E46083203CE664542F8CB
:10104000080C42F8041C3346F5D130681060204685
:10105000B3880DAE93803146012201F081FD00235B
:1010600080B2E97E0393AB7E029305F119030193ED
:101070000123009305A3D3E90023CDE9046038469A
:1010800003F034FE0DF54F7DF0BD00BF9E6AC42114
:10109000818A46EEA024002070C800082DE9F041A6
:1010A0002C4CDAB080460D46237A5BBB27A9284634
:1010B00001F07AFE0746002842D19DF89D60C82EB7
:1010C0003ED801464FF4A662204601F07FFC4FF463
:1010D000807332460DF19E01C4F8F8314FF400736D
:1010E00004F109002644C4F80C334FF44073C4F8EB
:1010F000203401F045FC9DF89C30777223720BB9C7
:10110000EB7E237206AC8122002127A801F05EFC51
:101110000122214627A801F08DFE002380B2E97E3E
:101120000393AB7E029305F1190301932823CDE9C4
:1011300004400093404605A3D3E9002303F0D6FD05
:101140005AB0BDE8F08100BFAFF300802641727253
:10115000DF25D7B700350020F0B5254E4FF48A754E
:10116000F1B0002405FB006596F8D830D82221465E
:1011700085F8DC303AA885F8E84006AF01F026FC97
:1011800006F1090001F01AFCD5F8E430C2B206F10C
:1011900009018DF8F0000DF1F100CDE93A3401F0CC
:1011A000EFFB394601223AA801F07AFE082380B20B
:1011B000317ACDE9047001270E48CDE9023706F1F6
:1011C000D80301933023009307A3D3E9002303F04E
:1011D0008DFDA04206DD03F071F9C5F8E000384648
:1011E00071B0F0BD2046FBE778F6339F93CACD8DF2
:1011F00000350020B83400202DE9F0411D4D86B0A7
:101200001D4E1E4F284603F09DFD034658B3002493
:10121000DFF86C80ADF814400294CDE90344027B02
:101220008DF8142003AA9968406803C21B6843F034
:101230000043029303F044F982190094384641F1C7
:10124000000302A902F0D2F8A04205DD284603F00F
:101250007DFD88F80040D5E798F80030072B05D8C9
:10126000013388F8003006B0BDE8F081014803F092
:101270006DFDF8E7B834002040420F00383A0020F6
:10128000353A002070B50D4614461E4603F08AFC20
:1012900050B9022E10D1012C0ED112A3D3E9002394
:1012A0000120C5E9002307E0282C10D005D8012C27
:1012B00009D0052C0FD0002070BD302CFBD10BA322
:1012C000D3E90023ECE70BA3D3E90023E8E70BA362
:1012D000D3E90023E4E70BA3D3E90023E0E700BF51
:1012E000AFF30080401DA12026812A0B78F6339FA2
:1012F00093CACD8D9E6AC421818A46EE26417272C0
:10130000DF25D7B7F017304A39059E5638B5054660
:101310000E4C0021013501F0A5FAA4F82C55B4F8C3
:101320002C0501F087FA78B1B4F82C0501F092FA97
:10133000014648B9B4F82C0501F094FAB4F82C35FC
:101340000133A4F82C35EAE738BD00BF0035002092
:10135000F0B589B005460C4616460D494FF4227289
:1013600007A81F4601F0AAFEBDF83C302A460096A9
:1013700004930E9B074803931823CDE9017323467A
:1013800003F056FC07A801F0A3FE09B0F0BD00BFB2
:10139000E8340020B83400200A4B0B4A10B51A601C
:1013A00003F5805393F858203AB95C6D2CB1204670
:1013B00001F096FE204601F0D5FF0448BDE810403C
:1013C00001F08EBE383A0020B0C90008784A0020EB
:1013D0002DE9F04F8FB005460C4600AF03F0E2FB5D
:1013E00000284BD1237E022B1BD1E38A012B18D17D
:1013F00003F064F80646FFF7C7FD03464FF4C870D4
:1014000006F51676DFF8D082B3FBF0F202FB10335C
:1014100016FA83F3C8F80030E37E33B9A74B0022F5
:101420001A703C37BD46BDE8F08F07F12401204615
:1014300001F06EFC0028F4D107F11400FFF7BEFDA7
:1014400097F8264007F1140107F1270022460BF018
:1014500099F90028E2D10F2C08D8984B1C70D8F8C5
:101460000030A3F51673C8F80030DAE797F82410B7
:101470000029D6D0284603F08DFBD2E7E38A282B3B
:1014800033D010D8012B2BD0052BCAD1BFF34F8FEF
:101490008B498C4BCA6802F4E0621343CB60BFF304
:1014A0004F8F00BFFDE7302BBBD1874EE17E327AF4
:1014B0009142B6D1607E3146002291F8DC508542DF
:1014C00000F0AD80013201F58A71042AF5D132684D
:1014D00040F6B831FA328A4294BF32603160A0E7F8
:1014E00021462846FFF77AFD9BE721462846FFF76D
:1014F000D5FD96E7B2F8EC507B6005F103094FEAA1
:1015000099094FEA8902D11DC908A8EBC10300213E
:101510009D46EB46584601F059FA04F1EE012A4681
:101520005846314401F02CFA7B6813B9012001F0D0
:1015300071F996F8D20001F07DF9044630B93072A5
:1015400001F0A2F9204601F065F9B0E0D6F8D42008
:101550003AB996F8D200B6F82C25824201D8FFF7A6
:10156000D5FED6F8D4202A44944208D296F8D20068
:10157000B6F82C250130824201D8FFF7C7FE5FFA8A
:1015800089F25946706801F029FA08B9C54679E030
:10159000726896F8D2002A447260D6F8D42005EB1F
:1015A0000209C6F8D49001F045F9814509D396F8AF
:1015B000D220D6F8D4000132001B86F8D220C6F81B
:1015C000D400FF2D0FD80024347201F05DF92046BD
:1015D00001F020F901F0F4FC3C4B188108B9FFF749
:1015E00071F9C5461DE7BB6896F8D9000AFB03628E
:1015F000FB68D2F8E41082F8E83001F58061C2F8A7
:10160000E030C2F8E410FFF7A7FDFFF7F5FD96F80C
:10161000D920013202F0030286F8D920B6E74FF450
:101620008A7A20460AFB02F505F1EA01314401F00D
:101630006BFCF86000287FF4F4AE0122354485F895
:10164000E82002F03BFFD5F8E020D6ED007A801AC2
:1016500040F6B832B8EE677ADFED1D6A192838BF58
:101660001920904228BF104607EE900AF8EEE77A5C
:1016700067EEA67ADFED176AE7EE267AFCEEE77AE8
:10168000C6ED007A96F8D93071680AFB03F4BB60A6
:10169000321992F8E8505DB1D2F8E430E8468B4256
:1016A0003FF428AF002182F8E810C2F8E010C546E8
:1016B0007368064A9B0A01331381B2E6B1340020F5
:1016C00000ED00E00400FA0500350020A024002011
:1016D000CDCCCC3D6666663FB4340020014B18701B
:1016E000704700BFAC24002038B54FF00054144BB5
:1016F00022689A4222D1607DF8B1124B0025C9229E
:10170000114918701148237D0930C0F8DB5000F8EA
:10171000013C4FF48073C0F8EF314FF40073C0F810
:1017200003334FF44073C0F8173401F029F9E02275
:101730002946204601F04AF9012038BD0020FCE787
:101740009AAD44C5AC2400201600002000350020CE
:1017500037B501F035FC194D0223002218492881C4
:101760006B710123174802F0D1F9002316494FF499
:1017700080520193154B16480093164B03F0E2F983
:10178000154B197811B1124803F004FA02F096FED5
:101790000446FFF7F9FB4FF4C873B0FBF3F202FB0A
:1017A000130304F5167010FA83F00C4B186009F05F
:1017B00097FB08B10F232B8103B030BDA02400207C
:1017C00040420F00383A0020B02400208512000863
:1017D000B8340020D1130008AC240020B434002019
:1017E0002DE9F04F844C2DED028B0FF2F419D9E95D
:1017F00000898FB0FFF700FD07AE00237F4FDFF8B1
:101800001CA20693ADF82430079373609FED768B8E
:101810004FF0000B01250DF10D0203A95B46384680
:101820008DF80C508DF80DB08DED008B02F024FD7D
:101830009DF80C30002B40F09C80204603F0B2F95C
:101840000646002841D16E4F02F038FE3B689842B0
:101850003BD302F033FE8246FFF796FB4FF4C8738A
:10186000B0FBF3F202FB13030AF5167010FA83F0D3
:1018700038600AA8634F97F800B0CBF1100ABBF1AB
:10188000000F14BF33462B465FFA8AFA8DF81830E2
:10189000FFF794FB0AABBAF1060F0DF1190003EB49
:1018A0000B0128BF4FF0060A524601F069F80AF111
:1018B000010206ABD2B2009301922A46524B4CA1D0
:1018C000D1E90001FFF744FD3E7002F0F7FD4F4AF9
:1018D0004F4D1368C31AB3F57A7F29D3106002F015
:1018E000EFFD02460B46204603F03AFA204603F08D
:1018F00059F9E8B12B7A0AAF464E002B14BF0323E7
:101900000223737102F0DAFD4FF47A730122394633
:10191000B0FBF3F03060304601F0D2F93E4B80B2BC
:1019200040F255124946CDE900704046FFF710FDE0
:101930002B7A93B102F0C2FD002607464FF48A7A53
:1019400095F8D900304400F003000AFB005393F8E7
:10195000E82092B30136042EF2D1C82008F020FA14
:101960002B7A002B7FF446AF0FB0BDEC028BBDE8A5
:10197000F08FDAF81430594610220AA883F00803D1
:10198000CAF8143001F022F80DF10E0304AA06A9DA
:10199000384601F04DFF0BAB96E8030083E80300E7
:1019A0009DF824300AA920468DF83430069B0A930E
:1019B000DDE9042303F0A8FB2AE7D3F8E02042B1D5
:1019C0002B68BA1AFA2B38BFFA230533B2EB430F50
:1019D000C0D3FFF7C1FB0028BCD1BEE7AFF3008046
:1019E000F1C6A7C1D068080F000000000000000089
:1019F000401DA12026812A0BB8340020383A00204F
:101A0000B4340020B1340020B0340020303A00203B
:101A100000350020A0240020343A00200010025895
:101A200010B5044601F09EFC204610BD10B50948D3
:101A3000094C01F0A3FF094A002009490AF08EFE73
:101A4000204602F09FFC2046044A0649BDE81040AB
:101A50000AF084BE383A0020E8340020AC6100204F
:101A600099130008B90F0008704700007047000084
:101A7000704700002DE9F04100F580370446164616
:101A80003B7C5BB9C0681030204400F079FFE5680A
:101A90003544B5F5004FE56002D816B1BDE8F081D8
:101AA000DEB905F07F0605F110000021C6F18006C1
:101AB0002044F6B232462E4400F088FFA06804F1BC
:101AC0001008324600F10060414600F5003008F091
:101AD0003FFE30B901233B74E0E74FF40046354642
:101AE000ECE7A26805F11001404632442144A260AF
:101AF000E268521BE26000F043FF0220BDE8F041C3
:101B000000F024BF183000F0E9BC000010B5044616
:101B100001F028FC204610BD10B5044601F022FC5F
:101B2000204610BDC0B2A0F14103052B02D83738C2
:101B3000C0B27047A0F16103052B94BF573830380D
:101B4000F6E7000070B504461546084603220C4926
:101B500000F020FF014688B908346E1C15F9110009
:101B6000FFF7E0FF024616F911000131FFF7DAFF37
:101B7000102940EA021004F8010BEFD170BD00BF3C
:101B800088C800082DE9F04FADF53F7D0746416854
:101B900001222AA805F054FB002840F08780064661
:101BA000824681461125DFF80C81DFF80CB101ABCC
:101BB0004FF4805241462AA805F0A2FC002875D1B6
:101BC000019AB2F5805F71D8002A65D00446019A67
:101BD0009442ECD2282D0FD008DC132D2DD01E2DD1
:101BE00039D0112D13D00134A4B2F0E7322D2DD00D
:101BF000372D2FD02D2DF6D13B68121B08EB040199
:101C000038461B692D259847BDF80440EBE7121BA9
:101C1000022A09D9594608EB040000F0BBFE18B9A6
:101C200002342825A4B2DEE718F804303A2B3DD060
:101C30000A2B1CBFA1461325D5E718F804300A2B40
:101C400034D03A2B04BFA2463225CCE718F8043032
:101C5000202BC8D0264618F804300A2B1AD1AAEB3C
:101C6000090208EB090102A811254F2A28BF4F22BB
:101C70000AF0EAFDA21B08EB060116A84F2A28BFAE
:101C80004F220AF0E1FD3B6816AA02A9DB6838463C
:101C90009847A8E71E25A6E73B68384604491B6914
:101CA000984701200DF53F7DBDE8F08F0020F9E752
:101CB00064C90008084F00208CC8000800F1180112
:101CC00010B5044686B00846019100F0F1FB2046AD
:101CD000FFF758FF60B1019902A800F049FC1022FB
:101CE00004F1080102A80AF04DFDB0FA80F04009A5
:101CF00006B010BD70B504460025EEB2304600F0C7
:101D000099FD58B100213046013500F0ABFD08B90E
:101D1000002070BD022000F019FEEEE72046FFF71C
:101D200031FF0028F4D004F58034207C80F00100DD
:101D3000EFE70000F0B5C9B008F0D4FF02F046FBB1
:101D400018B90025284649B0F0BD69462A4805F073
:101D500099FC00284BD1294C204605F0C3FC2848AB
:101D600005F0C0FC274805F0BDFC2146224805F0DF
:101D700035FD0028E5D1702001F0EEFA064610B1DD
:101D8000214B44600360336830469B6898470546A2
:101D900000282ED01A4F1948394605F01FFD054678
:101DA0000028CED1194801F0D7FA044638B1184BB3
:101DB0004760036000F58033C0E902551D74236855
:101DC00020469B689847054628B10E490C4805F007
:101DD00005FD0028B5D1336830465B6898471CB1D3
:101DE000236820465B68984702F0D8FAAAE70025E6
:101DF000FAE70446EFE700BF90C80008A0C8000853
:101E0000B7C80008CDC80008F0C8000814000100D9
:101E10000CC900082DE9F04FD44A8DB00B68D0F8FA
:101E200004A001931A440368D14E1A44D1F81C90BF
:101E3000DFF8B4C3DFF8B4B3D0E90234634003EA97
:101E40000A03634013444A6802920AEB7363029CDC
:101E5000C84A2244C468224484688AEA04051D40B2
:101E6000654015448A68039203EB3555039CC24ACA
:101E70002244846822448AEA03042C4084EA0A0447
:101E80001444CA6805EBF4340492164483EA05024C
:101E9000224056445A4032440E69059604EBB22261
:101EA000059FB64E3E441E4485EA040313406B4032
:101EB00033444E69069602EB7363069FB04E3E4470
:101EC0002E4484EA02051D40654035448E6907961C
:101ED00003EB3555079FAB4E3E44264482EA03048C
:101EE0002C4054403444A84E4E4405EBF434164480
:101EF00083EA050222405A4032440E6A089604EBF7
:101F0000B222089FA14E3E441E4485EA04031340BA
:101F10006B4033444E6A099602EB7363099F9C4EF3
:101F2000D1F830E03E44D1F83880F3442E4484EABE
:101F300002051D40654035448E6AA6F5244703EB33
:101F400035550A964F3F274482EA03042C405440FB
:101F50003C44CF6A0B9705EBF4340B9E8D4F37440E
:101F6000029E174483EA050222405A403A448A4FAF
:101F7000774404EBB2221F4485EA040313406B400C
:101F80003B444F6BBC4402EB7363654484EA020C30
:101F90000CEA030C8CEA040C6544DFF854C2C44418
:101FA00003EB3555A44482EA03042C4054406444B6
:101FB000D1F83CC0794905EBF4346144114483EA1B
:101FC000050222405A400A44754904EBB2223144CA
:101FD000079E194484EA02032B4063400B44714975
:101FE00002EBF36331440B9E0D4482EA030121406E
:101FF000514029446C4D03EBF1513544019E254479
:1020000083EA010414405C402C44684D01EBB44465
:102010003544069E154481EA04021A404A402A4487
:10202000634D04EB323235440A9E1D4484EA0203B8
:102030000B4063402B445F4D02EBF3633544059E38
:102040000D4482EA03012140514029445A4D03EBDB
:10205000F1516544254483EA010414405C402C445A
:10206000564D01EBB4443544099E154481EA0402FF
:102070001A404A402A44524D04EB32323544049E01
:102080001D4484EA02030B4063402B444D4D02EB98
:10209000F36345440D4482EA030121405140294441
:1020A000494D03EBF1513544089E2C4483EA010568
:1020B00015405D402C44454D01EBB4443544039E2E
:1020C0002A4481EA04051D404D402A44404D04EB5A
:1020D00032323D442B4484EA020593440D4065406E
:1020E0002B443C4D02EBF3633544069E294482EABF
:1020F0000305254055402944374D03EBF1514D442C
:102100002C4483EA010515405D40254401EBB545AB
:1021100081EA050404EA03024A405A44A6F5B82BB2
:10212000089E05EB3232ABF2BE6B54405B44234455
:102130002A4C344402EB33730B9E0C4485EA0201B3
:1021400059402144264C344403EB7151029E2544EE
:1021500082EA03044C402544224C444401EB3545BB
:10216000144483EA01026A40224443E078A46AD717
:10217000EECEBDC156B7C7E8DB702024AF0F7CF5AB
:102180002AC68747134630A8019546FDD89880692E
:10219000AFF7448BBED75C892211906B2108B449FC
:1021A00062251EF640B340C0515A5E26AAC7B6E962
:1021B0005D102FD65314440281E6A1D8C8FBD3E7A3
:1021C000E6CDE121D60737C3870DD5F4ED145A4586
:1021D00005E9E3A9F8A3EFFCD9026F6781F67187DF
:1021E00022619D6D0C38E5FD937198FD8A4C2A8D16
:1021F0008E4379A6934C344405EB7222059E1C4411
:1022000081EA0503534023448F4C344402EB33737B
:102210000A9E0C4485EA0201594021448B4C4C44EF
:1022200003EB7151254482EA03044C402C44884D51
:10223000354401EB3444019E154483EA01026240B7
:102240002A44844D3D4404EB72221D4481EA040378
:1022500053402B44804D354402EB3373049E294494
:1022600084EA02055D4029447C4D354403EB7151FD
:10227000079E254482EA03044C402C44784D3544A3
:1022800001EB3444099E2A4483EA01056540154464
:10229000744A324404EB7525039E134481EA040218
:1022A0006A401A44704B734405EB32720B4484EA63
:1022B0000501514019446D4B634402EB71511C44BC
:1022C00085EA02034B401C44694B334401EB344420
:1022D000019E1D4482EA010363402B44654D04EBDB
:1022E00073233544069E154463EA010262402A4482
:1022F000614D03EBB2624D4462EA040929445F4D2B
:1023000089EA0309454449442C445D4D02EBB1512F
:102310003544049E61EA03081D4488EA02084444E7
:1023200001EB744464EA02034B402B44554D04EB2B
:10233000F323754463EA010E15448EEA040E0EEB96
:102340000502514D03EBB262354462EA040E2944A2
:102350000A9D8EEA030EA5F580164C4D7144A6F633
:10236000833602EBB151264461EA030454403444FD
:10237000029E01EB7444354464EA02061D444E405B
:102380007319089E424D04EBF323354463EA0106BA
:102390001544664072193F4D03EBB262654462EA30
:1023A000040629443C4D5E403144079E02EBB15186
:1023B000354461EA03062C44384D56403D443444CC
:1023C000059E1D4401EB744464EA02034B402B4418
:1023D000334D04EBF32335440B9E154463EA0102AD
:1023E00062402A442F4D03EBB2623544039E0D44F4
:1023F00062EA0401594029442B4D02EBB1513544A6
:102400002A4E254461EA030454402C44099D01EB03
:1024100074442E4464EA02051E4485EA01039D19B2
:1024200003681A440AEB040303EBF52302604360DC
:1024300083681C44C36819448460C1600DB0BDE862
:10244000F08F00BF44EABEA4A9CFDE4B604BBBF6C1
:1024500070BCBFBEC67E9B28FA27A1EA8530EFD4A8
:10246000051D880439D0D4D9E599DBE6F87CA21F94
:102470006556ACC4442229F497FF2A43A72394ABA2
:1024800039A093FCC3595B6592CC0C8FD15D8485D8
:102490004F7EA86FE0E62CFE144301A3A111084E65
:1024A000827E53F735F23ABDBBD2D72A91D386EB61
:1024B000094B036003F18833436003F12943A3F51B
:1024C0009613A3F68B638360A3F18833C360002364
:1024D000C0E90433704700BF012345672DE9F84385
:1024E0001446026905460E46E300C2F3C50800F132
:1024F00018079B18036122BF43690133436112F43B
:10250000FC7F436903EB5473436114D0C8F1400965
:1025100007EB08004C4504D22246BDE8F8430AF018
:1025200063B9403C4A464E440AF05EF94444394699
:102530002846FFF76FFCA04606EB0409B8F13F0FF1
:10254000A9EB08010AD9402238460AF04DF939466C
:102550002846A8F14008FFF75DFCEFE7A1096FF0FE
:102560003F02384602FB014206EB8111D5E700002D
:1025700070B50B6901F1180506460C46C3F3C50397
:10258000EA18501C8022EA54C3F13F02072A1FD8E0
:10259000002100F01BFA29462046FFF73BFC3822B9
:1025A0000021284600F012FA2369294620462365B7
:1025B00063696365FFF72EFC2146102230460AF05E
:1025C00013F9204658220021BDE8704000F0FEB902
:1025D000C3F137020021E5E72DE9F84F4FF47A7394
:1025E00006460D46002402FB03F7DFF85080DFF8B3
:1025F000509098F900305FFA84FA5A1C01D0A34237
:1026000012D159F824002A4631460368D3F820B085
:102610003B46D847854207D1074B012083F800A0ED
:10262000BDE8F88F0124E4E7002CFBD04FF4FA70EA
:1026300007F0B6FB0020F3E74C5F002018230020D2
:102640001C23002000232DE9F0471A460546884642
:102650000120194605F094FC0446802008F096F904
:102660000746002861D0002C5FD03B4E28464FF033
:10267000800A736943F0C0637361D6F8143143F084
:10268000C063C6F8143108F003F805EB080200FB3C
:1026900005F34FF4D06C50434FF03D0E834233D2DC
:1026A0003269520143D4D6F8102151013FD4216838
:1026B00003F100628A602268D7602268C2F804A031
:1026C0002268C2F800C0D4F80090D9F8002042F087
:1026D0000102C9F80020D4F80090D9F8002022F0B7
:1026E0001E02C9F80020D4F80090D9F80020D207C3
:1026F000FBD494F80C90803361680EFA09F20A60FA
:10270000CCE7002008F0A2F8204605F079FC384616
:1027100008F078F9104B5A6942F0C0625A61D3F858
:10272000142142F0C062C3F81421BDE8F0870B4BBE
:102730009A6A42F400729A629A6A42F400429A6279
:1027400061B60026012008F081F8B045D9D9A81952
:10275000013607F0B5FFF8E70020005200ED00E079
:10276000002307B5024601210DF107008DF807305F
:10277000FFF732FF20B19DF8070003B05DF804FBBE
:102780004FF0FF30F9E700000A46042108B5FFF7D3
:1027900023FF80F00100C0B2404208BD074B0A464B
:1027A00030B41978064B53F821400146236820467F
:1027B000DD69044BAC4630BC604700BF4C5F002075
:1027C0001C230020A086010070B5104C0025104E7F
:1027D00007F062FF20803068238883420CD80025F0
:1027E0002088013807F054FF23880544013BB5F5E4
:1027F000802F2380F4D370BD07F04AFF336805446F
:102800000133B5F5003F3360E5D3E8E74E5F0020C4
:10281000085F002008F01AB800F1006000F50030F1
:102820000068704700F10060920000F5003007F08A
:102830008FBF0000054B1A68054B1B889B1A83420B
:1028400002D9104407F024BF00207047085F002021
:102850004E5F0020024B1B68184407F01FBF00BFEB
:10286000085F0020024B1B68184407F029BF00BF17
:10287000085F00200020704700F1FF5000F58F1026
:10288000D0F8000870470000064991F8243033B1B1
:1028900000230822086A81F82430FFF7C3BF012013
:1028A000704700BF0C5F0020014B1868704700BFE5
:1028B0000010005C194B01380322084470B51D68F4
:1028C000174BC5F30B042D0C1E88A6420BD15C6878
:1028D0000A46013C824213460FD214F9016F4EB1F1
:1028E00002F8016BF6E7013A03F10803ECD18142EB
:1028F0000B4602D22C2203F8012B0424094A168825
:10290000AE4204D1984284BF967803F8016B013C33
:1029100002F10402F3D1581A70BD00BF0010005C30
:10292000242300204CC90008022803D1024B4FF495
:1029300000229A61704700BF00100258022802D19D
:10294000014B08229A61704700100258022804D1F6
:10295000024A536983F0080353617047001002581C
:1029600070B504464FF47A764CB1412C254628BF09
:10297000412506FB05F0641B07F012FAF4E770BD71
:10298000002310B5934203D0CC5CC4540133F9E763
:1029900010BD0000013810B510F9013F3BB191F9AD
:1029A00000409C4203D11AB10131013AF4E71AB157
:1029B00091F90020981A10BD1046FCE70346024624
:1029C000D01A12F9011B0029FAD1704702440346BC
:1029D000934202D003F8011BFAE770472DE9F84350
:1029E0001F4D14460746884695F8242052BBDFF851
:1029F00070909CB395F824302BB92022FF214846D3
:102A00002F62FFF7E3FF95F824004146C0F108026A
:102A100005EB8000A24228BF2246D6B29200FFF703
:102A2000AFFF95F82430A41B17441E449044E4B231
:102A3000F6B2082E85F82460DBD1FFF725FF0028C9
:102A4000D7D108E02B6A03EB82038342CFD0FFF794
:102A50001BFF0028CBD10020BDE8F8830120FBE755
:102A60000C5F0020024B1A78024B1A70704700BFAF
:102A70004C5F00201823002038B51A4C1A4D204610
:102A800006F0E2FB2946204606F00AFC2D684FF4CA
:102A90007A70D5F89020D2F8043843F00203C2F8D7
:102AA0000438FFF75DFF1149284606F007FDD5F809
:102AB00090200F4DD2F80438286823F002030D4906
:102AC000A042C2F804384FF4E1330B6001D006F0A5
:102AD00019FB6868A04204D00649BDE8384006F0FA
:102AE00011BB38BD386C002020D2000828D2000865
:102AF0001C230020345F00200C4B70B50C4D0446A5
:102B00001E780C4B55F826209A420DD00A4B002116
:102B100018221846FFF75AFF0460014655F82600B0
:102B2000BDE8704006F0EEBA70BD00BF4C5F0020FB
:102B30001C230020386C0020345F002008B571B6DB
:102B4000054B1988054B1888FFF77CFD02210E20E4
:102B5000FFF778FD61B608BD4E5F0020085F0020DA
:102B60002DE9F3470D46044600219046284640F2E1
:102B70007912FFF72BFF234620220021284604F17B
:102B8000220702F063FA231D022220212846C026D4
:102B900002F05CFA631D03222221284602F056FA55
:102BA000A31D03222521284602F050FA04F1080350
:102BB00010222821284602F049FA04F110030822C5
:102BC0003821284602F042FA04F11103082240217C
:102BD000284602F03BFA04F1120308224821284655
:102BE00002F034FA04F1140320225021284602F0A6
:102BF0002DFA04F1180340227021284602F026FA2B
:102C000004F120030822B021284602F01FFA04F143
:102C100021030822B821284602F018FA3146083666
:102C20003B4608222846013702F010FAB6F5A07F8D
:102C3000F4D194F83230314604F1330A00268DF88D
:102C4000073008220DF10703284602F0FFF99DF82E
:102C500007304FEAC6099E4209F5A47720D394F8BD
:102C60003231502B28BF50238DF80730B8F1000FB8
:102C700008D1394609F24F170DF1070307222846FC
:102C800002F0E4F9002604F233149DF8073007EB54
:102C9000C6019E420DD30731C80802B0BDE8F087D7
:102CA0000AEB0603082239462846013602F0CEF91F
:102CB000CDE7A31908222846013602F0C7F9E4E758
:102CC00013B50446084600212022234601900160E6
:102CD000C0F8031002F0BAF9231D01980222202146
:102CE00002F0B4F9631D01980322222102F0AEF92B
:102CF000A31D01980322252102F0A8F9019804F1EF
:102D000008031022282102F0A1F9072002B010BD0B
:102D1000F7B5047F05460E462CB1838A122B02D9E3
:102D2000012003B0F0BD0023072228460096194673
:102D300002F050F8731C012207210093284600235B
:102D400002F048F8D4B9B31C0522082128460093A4
:102D500023460D2402F03EF8B378102BE0D8374616
:102D6000BB1BB278934210D307342B7FA88AE408A8
:102D7000B3B9844294BF00200120D2E7AB8A082473
:102D8000DB00083BDB08B370E6E7FB1C21460822AA
:102D90002846009300230834013702F01BF8DFE7D0
:102DA000201A18BF0120BCE7F7B5047F05460E4680
:102DB0002CB1838ACA2B02D9012003B0F0BD0023B5
:102DC000082228460096194602F004F8731CD4B96C
:102DD00008220093234610241146284601F0FAFFEA
:102DE0007378C82BE8D801235F1C7278013B9342AB
:102DF00010D307342B7FA88AE408B3B9844294BF68
:102E000000200120D9E7AB8A0824DB00083BDB085F
:102E10007370E5E7F3192146082228460093002342
:102E200001F0D8FF08343B46DEE7201A18BF012026
:102E3000C3E70000F7B50D460446002116462846B4
:102E40008122FFF7C3FD234608220021284602F015
:102E5000FDF894F901206378002AB8BF7F238DF82C
:102E600007309EB90F270DF10703072208212846D6
:102E700002F0ECF8002602349DF8073007EBC6019B
:102E80009E4205D30731C80803B0F0BD0827F1E71B
:102E9000A31908222846013602F0D8F8ECE7000012
:102EA000F7B50E460546002114463046CE22FFF700
:102EB0008DFD2B4628220021304602F0C7F82B7AE0
:102EC000C82B28BFC8238DF807308CB930240DF1EA
:102ED000070308222821304602F0B8F82F467B1B52
:102EE0009DF80720934205D3E01DC00803B0F0BD54
:102EF0002824F3E707F10903214608223046083465
:102F0000013702F0A3F8EAE7F7B5047F05460E465D
:102F100034B1838AB3F5827F02D9012003B0F0BDBA
:102F20000123102200212846009601F053FFDCB94E
:102F3000B31C09221021284600932346192401F0CE
:102F400049FF7388B3F5807FE7D83746BB1B72888B
:102F5000934210D307342B7FA88AE408B3B9844284
:102F600094BF00200120D9E7AB8A1024DB00103B7E
:102F7000DB087380E5E73B1D2146082228460093C5
:102F800000230834013701F025FFDFE7201A18BFBE
:102F90000120C3E730B50A44084D91420DD011F825
:102FA000013B5840082340F30004013B2C4013F040
:102FB000FF0384EA5000F6D1EFE730BD2083B8ED7F
:102FC000F7B5384A6B46106851686A4603C3082350
:102FD0003549364809F0E6FB0446002833D10A2576
:102FE000334A6B46106851686A4603C30823314967
:102FF0002E4809F0D7FB0446002849D00369B3F5F1
:10300000F01F45D8B0F8661040F69C7291423FD14F
:10301000294A024402F15C018B4239D35C3B2349CB
:1030200000209E1AFFF7B6FF04F1640107463246FE
:103030000020FFF7AFFFA3689F4229D1E3689842C1
:1030400008BF002524E00369B3F5F01F27D8418BA2
:1030500040F69C72914220D1174A024402F11001BD
:103060008B4218D3103B114900209D1AFFF792FFA5
:1030700004F1180106462A460020FFF78BFFA368DB
:103080009E4202D1E368984201D00D25A8E70025B1
:10309000284603B0F0BD1025A2E70C25A0E70B25BC
:1030A0009EE700BF5CC90008DCFF1D0000000208AD
:1030B00065C9000890FF1D000800FEF710B50B68F9
:1030C000044608469B6821609847204610BD0000D2
:1030D00010B5044600680368DB689847204610BDB9
:1030E00010B5037C044613B9006807F08BFC20463A
:1030F00010BD00000023BFF35B8FC360BFF35B8F85
:10310000BFF35B8F8360BFF35B8F7047BFF35B8F51
:103110000068BFF35B8F704770B505460C30FFF752
:10312000F5FF044605F108063046FFF7EFFFA04221
:1031300006D96D683046FFF7E9FF2544281A70BDAF
:103140003046FFF7E3FF201AF9E7000070B50546A7
:103150004068A0B105F10C0605F10800FFF7D6FFA5
:1031600004463046FFF7D2FF844204F1FF34304674
:1031700094BF6D680025FFF7C9FF2C44201A70BD6D
:1031800038B50C460546FFF7C7FFA04210D305F13E
:103190000800FFF7BBFF04446868BFF35B8FB4FB14
:1031A000F0F100FB11440120AC60BFF35B8F38BD30
:1031B0000020FCE72DE9F041144607460D46FFF7D5
:1031C000C5FF844228BF0446D4B1B84658F80C6BFA
:1031D0004046FFF79BFF3044286040467E68FFF77B
:1031E00095FF331A9C4203D801206C60BDE8F08142
:1031F000A41B6B603B682044AB60E8600220F5E7ED
:103200002046F3E738B50C460546FFF79FFFA0427E
:1032100010D305F10C00FFF779FF04446868BFF391
:103220005B8FB4FBF0F100FB11440120EC60BFF3B5
:103230005B8F38BD0020FCE72DE9FF4188466946D9
:1032400007466C46FFF7B6FF002506B204EBC6063C
:10325000B4420AD0626808EB050120680834FFF721
:103260008FFB54F8043C1D44F2E729463846FFF72B
:10327000C9FF284604B0BDE8F0810000F8B5054656
:103280000C300F46FFF742FF05F1080604463046B2
:10329000FFF73CFFA042304688BF6C68FFF736FF5F
:1032A000201A386020B12C683046FFF72FFF2044E9
:1032B000F8BD000073B5144606460D46FFF72CFF17
:1032C0008442019028BF0446DCB101A93046FFF7D3
:1032D000D5FF019B33B93268C5E90233C5E9002443
:1032E00001200CE09C42286038BF01940198844280
:1032F0006860F5D93368241A0220AB60EC6002B034
:1033000070BD2046FBE700002DE9FF410F466946EE
:103310006C46FFF7CFFF00B2002604EBC005AC42BD
:1033200009D0D4F80480B81954F8081B4246464422
:10333000FFF726FBF3E7304604B0BDE8F08100005C
:1033400038B50546FFF7E0FF044601462846FFF77B
:1033500017FF204638BD00000121884238BF0846CB
:1033600007F04CBB08B107F04DBB70477047000039
:1033700010B41346026814680022A4465DF8044B9A
:103380006047000000F5805090F869047047000025
:1033900000F5805090F862047047000000F58050FE
:1033A00090F96804704700004E207047302383F383
:1033B000118800F58052D2F8AC34D2F8A804184431
:1033C000D2F8A4341844D2F88C341844D2F89C347F
:1033D0001844D2F898341844002383F311887047B6
:1033E00000F58050C0F86414012070472DE9FF47B4
:1033F0000C4600F580510546BDF8308091F8620416
:1034000098B1D1F888040130C1F88804206886009A
:1034100006D4207B08280BD9667B0EB10F2807D96C
:10342000D1F88C340133C1F88C344FF0FF30A9E06F
:10343000302080F31188E86BD0F8C47017F40017BF
:1034400013D0D1F890040130C1F89004D1F894144D
:10345000002940F09A8021462846CDF8008001F0EE
:103460007DF8002383F311888CE0D0F8C4604FF01E
:103470004809686BC6F3044619FB060920684FEA41
:10348000461A0028B4BF40F0804C4FEA804CC9F87F
:1034900000C02068400044BF4CF00050C9F8000054
:1034A000300694F80CC040EA0C40C9F8040094F8C7
:1034B0000DC0BCF1000F26D040F44010C9F8040044
:1034C000D1F8C0040130C1F8C00405EB0A0101F5D0
:1034D0008351087F40F020000877207BCDE902234C
:1034E00001F094F80330DDE902238010F9B20137CE
:1034F000814210DA04EB810C09EB8101DCF804C095
:10350000C1F808C0F2E705EB0A0101F58351087F15
:103510006CF34510E0E70120E96B04F10C07B040C3
:10352000C1F8D00006F18301204605EB4111C1E945
:10353000002305EB461101F58351083150F804CB07
:10354000B84241F804CBF9D10088AA44088041F27E
:1035500078014AF801600AF5805A08F003019AF8E8
:103560007C0041F0100120F01F0001438AF87C101C
:10357000002181F3118821462846CDF8008000F013
:10358000EDFF012004B0BDE8F087002069E70000EE
:103590002DE9F04700F58056044696F86254002D58
:1035A00040F0048190F82030032B40F094802846AE
:1035B0002B462F465FFA80FC944510DA01EBCC0EC7
:1035C00051F83CC0BCF1000F04DBDEF804C0BCF1D4
:1035D000000F02DB01370130ECE70133FBE730205D
:1035E00080F31188E06BF3B9D0F8803043F0020328
:1035F000C0F880304E23E06B002F6FD1D0F88030C0
:1036000043F00103C0F88030694B6A4A1B6803F13C
:10361000805303F52C539B009342A36340F2B08088
:10362000654800F045FF4D2B42D8DFF884814FEA12
:10363000034EDFF88891D8F800C04EEA8C0EC0F82F
:1036400084E00CF1805000F52C508000606203EBA8
:103650000C00D4F83CC0C3F14E03C8F80000DCF8FD
:10366000800040F03000CCF880004FF0000CD4F81F
:103670002480E6465FFA8CF08242BCDD01EBC00A92
:1036800051F83000002810DBDAF804A0BAF1000F7E
:103690000BDA09EA00400AF07F0A40EA0A0040F02B
:1036A000084048F82E000EF1010E0CF1010CE1E784
:1036B000836923F00103836100F000FF0646E36B9A
:1036C0009B69D90704D500F0F9FE831BFA2BF6D9C4
:1036D000002383F311882846BDE8F087B7EB530F2A
:1036E0003DD2DFF8CCE04FEA074CDEF800304CEA80
:1036F000830CC0F888C003F1805003EB4703002718
:1037000000F52C50CEF80030BC468000A062E06B83
:10371000D0F8803043F00C03C0F88030D4F828E0B3
:10372000FBB29A427FF770AF51F8330001EBC30848
:103730000028D8F8043001DB002B0EDB20F06040BD
:1037400023F0604340F0005043F000434EF83C004B
:103750000EEBCC000CF1010C43600137E0E783690C
:1037600023F00103836100F0A9FE0646E36B9B6929
:10377000DA07ADD500F0A2FE831BFA2BF6D9A7E736
:10378000E26B936923F00103936100F097FE074613
:10379000E36B9B69DB0705D500F090FEC31BFA2B9A
:1037A000F6D995E7012586F8625491E7002592E75E
:1037B000585F0020FCB5004070C900080000FF07FA
:1037C00013B500F580540191606DFFF7BFFC1F2811
:1037D0000AD920220199606DFFF72EFDA0F1200388
:1037E0005842584102B010BD0020FBE708B5302315
:1037F00083F3118800F58050406DFFF77BFC0023B8
:1038000083F3118808BD00000022026082814260BB
:10381000826070470022002310B5C0E90023002316
:1038200004460C3020F8043CFFF7EEFF204610BDA4
:103830002DE9F0479A4688B00746884691463023DE
:1038400083F3118807F580546846FFF7E3FF606D46
:10385000FFF762FC1F282ED920226946606DFFF712
:103860006FFD202827D194F8623423B303AD44467A
:1038700005AB2E46083403CE9E4244F8080C44F8AB
:10388000041C3546F5D130682060B388A380DDE99B
:103890000023C9E90023BDF80830AAF8003000234E
:1038A00083F3118853464A464146384608B0BDE87E
:1038B000F04700F011BE002080F3118808B0BDE889
:1038C000F08700002DE9F84F0646884618220021AF
:1038D00004303546FFF77AF8254B06F5825745F850
:1038E000403B2C4620462034FFF794FFA742F9D1F5
:1038F00006F580544FF4805306F5A4594FF0000AA2
:103900002564002567654FF0000B06F58457E564D4
:10391000C4E91135012384F8503084F85830A7F1F8
:103920001800203747E910ABFFF76EFF47F8285C17
:103930004F45F4D184F86884A4F86A54A4F86C5410
:10394000A4F86E5484F87054A4F87254A4F8745413
:10395000A4F8765484F87854B8F1000F02D00548E2
:1039600000F0A6FD044B3046F363BDE8F88F00BFBE
:10397000B0C9000894C9000800A00040044B10B56D
:10398000197804464A1C1A70FFF79CFF204610BDA8
:10399000555F00202DE9F04300295AD02E4E2F48C4
:1039A000B6FBF1F481428CBF0A201120431EB4FB08
:1039B000F0F700FB1740DDB220B1022B1846F5D816
:1039C000002032E07B1EB3F5806F2ED2C5EBC50818
:1039D0004FF47A7308F103044FEAE40EC4F3C7040A
:1039E0000EF10109281B0EFB033E5FFA80FC59FA19
:1039F00080F0BEFBF0F0B0F5617F18DC83B2601C94
:103A00005CFA80F07843B6FBF0F08142D8D1611EB9
:103A10000F29D5D80CF1FF310729D1D80120138007
:103A200057801071547182F806C0BDE8F08308F128
:103A3000FF34E010C4F3C70400F1010E2D1B00FB9E
:103A400003335FFA85FC5EFA85F5B3FBF5F39BB2B1
:103A5000D5E70846E9E700BF00B4C4043F420F00C1
:103A600030B50D4B05200D4D1C786C438C420ED1AA
:103A700059780120518099785171D97891711979CB
:103A800011715B7903EB83035B00138030BD013858
:103A900003F10603E8D1F9E7F4C9000840420F003A
:103AA00038B540F27772C36B154CC3F8BC200722BF
:103AB000C36BC3F8C8202268C16B930043F4C023D2
:103AC000C1F8A03002F1805302F16C01C56B03F51F
:103AD0002C53EA3289009B00226041F0E061094AE0
:103AE000C362C5F8C01003F5D87103F56A7341636A
:103AF0009342836302D9044800F0DAFC38BD00BF6A
:103B0000585F0020FCB5004070C900082DE9F0475F
:103B100000F580551F4688B0044695F868348946FC
:103B20009046012B04D90026304608B0BDE8F08746
:103B3000A44A52F8231009B942F82300A248C4F855
:103B40001C90017884F82070C9B9302383F3118860
:103B50009E4BD3F8EC2042F48072C3F8EC20D3F8EB
:103B6000942042F48072C3F89420D3F8942022F475
:103B70008072C3F894200123037081F3118895F8B3
:103B800061647EB9302383F311880321132004F08C
:103B9000CBFE0321152004F0C7FE012385F8613414
:103BA00086F31188302383F31188E26B936923F045
:103BB0001003936100F082FC8246E36B9E6916F06D
:103BC000080609D000F07AFCA0EB0A03FA2BF4D91E
:103BD000002686F31188A7E79A6942F001029A61EC
:103BE00000F06CFC8246E36B9A69D00706D400F0C3
:103BF00065FCA0EB0A03FA2BF5D9E9E79A694FF0C7
:103C0000000A42F002029A61E36BC3F854A08AF3FF
:103C10001188686DFFF76EFA202200216846FEF7D2
:103C2000D5FE02A8FFF7F0FD04F583536A460DF1B7
:103C3000180E3344CDF818A094460833BCE80300AE
:103C4000F44543F8080C43F8041C6246F4D1DCF850
:103C5000000020361860B6F5806F9CF804201A71B9
:103C6000DAD1002304F5A352494620460A3285F8EA
:103C7000603485F86334FFF78DFE064690B9E26B39
:103C8000936923F00103936100F018FC0546E36B90
:103C90009B69D9077FF547AF00F010FC431BFA2B57
:103CA000F5D940E795F86E34C5F87C94591E95F81F
:103CB0006F34E26B013B1B0243EA416395F87014D9
:103CC00001390B43B5F86C14013943EA0143D36160
:103CD000B8F1000F36D004F5A35241462046123207
:103CE000FFF7BEFE90B9E26B936923F00103936185
:103CF00000F0E4FB0546E36B9B69DA077FF513AF41
:103D000000F0DCFB431BFA2BF5D90CE795F8772480
:103D1000C5F88084511E95F87824E36B013A1201AE
:103D200042EA012295F8761401390A43B5F8741471
:103D3000013942EA014242F40002DA604FF42062A3
:103D4000E36B9A64E36B4FF000082046C3F8BC8035
:103D5000FFF7A6FE85F869846FF04042E36B1A65B1
:103D60001B4AE36B5A654FF00222E36B9A654FF0F2
:103D7000FF32E36BC3F8E0200322E36B9742DA657E
:103D800014D0E26B936923F00103936100F096FB7A
:103D90000746E36B9B69DB0705D500F08FFBC31B70
:103DA000FA2BF6D9BFE6012385F86234094C0122CB
:103DB0000821204604F03CF94FF40023A3610823B6
:103DC0006383B1E6505F0020545F00200044025836
:103DD00055020002000C02582DE9F04F00F5A557DE
:103DE0008BB00546904699464FF0000B41F2780A99
:103DF0001037EB6BD3F8D83023FA0BF3DC0753D52D
:103E000005EB4B114FEA4B1251440B7918074BD479
:103E100005F58056D6F894340133C6F89434C7E9D2
:103E200000890B79990605EB020148BFD6F8C43426
:103E3000514444BF0133C6F8C4340B7943F008033E
:103E40000B71DB0725D596F8633413B305F583545E
:103E500002A80192FFF7DEFC0834019A05AB144476
:103E600004F1080C2068083454F8041C1A46644510
:103E700003C21346F6D1206802A910602846A28822
:103E80009A800123ADF810302B68CDE902891B6CB4
:103E90009847D6F8B834D6F864040133C6F8B83475
:103EA00010B103681B6998470BF1010BBBF1200FA0
:103EB0009FD10BB0BDE8F08F2DE9F04F0F468DB0CC
:103EC000044600F0FDFA82468946002F5BD1E36B81
:103ED000D3F8A02012F4FE0F03D100200DB0BDE8EE
:103EE000F08FD3F8A420920141BF04F58051D1F89E
:103EF000A8240132C1F8A824D3F8A4205606ECD097
:103F0000D3F8A450E66AC5F305254823E8464FF0E8
:103F1000000B03FB05664046FFF776FC3268510054
:103F20004ABF22F06043C2F38A4343F00043920049
:103F300048BF43F080430093736813F400131BBF22
:103F4000012304F580528DF80D308DF80D301EBF21
:103F5000D2F8C8340133C2F8C834F38803F00F0331
:103F60008DF80C309DF80C0000F050FB5FFA8BF3DD
:103F7000984225D9F2180CA90BF1010B127A0B44C7
:103F800003F82C2CEEE7012FA7D1E36BD3F8B02078
:103F900012F4FE0FA1D0D3F8B420950141BF04F56F
:103FA0008051D1F8A8240132C1F8A824D3F8B42054
:103FB000500692D0D3F8B450266BC5F30525A4E77C
:103FC000EFB9E36BC3F8A85004A807ADFFF722FCD4
:103FD00098E80F0007C52B800023204604A9ADF800
:103FE0001830236804F580541B6CCDE904A9984768
:103FF00058B1D4F8A0340133C4F8A0346EE7012FCF
:10400000E2D1E36BC3F8B850DEE7D4F8A434012062
:104010000133C4F8A43461E72DE9F04105460F46A9
:1040200000F58054012639462846FFF745FF10B1B8
:1040300084F86364F7E7D4F8B834D4F8640401333F
:10404000C4F8B83420B10368BDE8F0411B691847D3
:10405000BDE8F081C36BF0B51A6C12F47F0F2BD062
:104060001B6C00F5805441F278054FF0010CC4F848
:10407000BC340023471900EB43125E012A44117936
:1040800011F0020F15D0490713D4B959C66B0CFAB9
:1040900001F1D6F8CCE011EA0E0F0AD0C6F8D41020
:1040A000117941F004011171D4F89C240132C4F853
:1040B0009C240133202BDED1F0BD000010B5264C2E
:1040C000264B22680AB340B31A6D92050FD54FF400
:1040D00000721A6500F0F4F950EA01020B4602D0B2
:1040E000013861F1000302462068FFF775FE1B4AA4
:1040F000136D9B012AD523684FF0007103F580539F
:104100001165012283F8692420E001221A6510223A
:104110001A654FF480521A6510BD196DC80702D494
:10412000196D490705D50521104619650021FFF7CE
:1041300073FF0A4B1A6DD00602D41A6D510605D5CD
:10414000502201211A652068FFF766FF2068BDE84C
:104150001040FFF77FBF00BF505F002000A000406D
:1041600008B5302383F31188FFF774FF002383F32E
:10417000118808BDC36BD3F8C00010F07C5005D087
:10418000D3F8C40080F40010C0F340507047000022
:1041900008B5302383F3118800F58050406DFEF799
:1041A000BBFF002383F3118843090CBF01200020CB
:1041B00008BD000000F5805393F8692462B1C16B1B
:1041C0008A6922F001028A61D3F8AC240132C3F873
:1041D000AC24002283F86924704700002DE9F743DE
:1041E000302181F31188002500F5835141F2780ECA
:1041F0004FF0010800F5805C00EB4514744426790B
:1042000077071CD4F6061AD58E69D0F83C9008FAC8
:1042100006F6D9F8CC703E4211D04F6801970F686E
:104220009742019F9F410AD2C9F8D460267946F08F
:1042300004062671DCF898440134CCF89844013522
:104240002031202DD8D1002383F3118803B0BDE89D
:10425000F0830000F8B51E4600230F460546137094
:104260001446FFF795FF80F0010038701EB1284614
:10427000FFF780FF2070F8BD2DE9F04F85B099461B
:104280000D468046164691F800B0DDE90EA3029374
:104290001378019300F014F92B7804460F4613B9F4
:1042A0003378002B41D022463B464046FFF796FF2D
:1042B000FFF756FFFFF77EFF4B4632462946FFF7D2
:1042C000C9FF2B7833B1BBF1000F03D0012005B03B
:1042D000BDE8F08F337813B1019B002BF6D108F5C0
:1042E000805303935445029B77EB03031DD2039B3A
:1042F000D3F86404C8B10368AAEB04011B689847AB
:104300004B46324629464046FFF7A4FF2B7813B1AF
:10431000BBF1000FDAD1337813B1019B002BD5D15B
:1043200000F0CEF804460F46DCE70020CFE700009F
:1043300008B50020FFF7C2FEBDE8084003F00CBC42
:1043400008B50120FFF7BAFEBDE8084003F004BC41
:10435000036800211B681847043008B505F0A6FB68
:10436000012008BD10B521B10368BDE810405B68AD
:104370001847043005F06EFB012010BD043005F035
:104380008BBB0000044B10B5044640F8043B05F01D
:104390001FFB204610BD00BF1CCA000810B5084C0A
:1043A00001220849002002F027FF23783BB106488C
:1043B00004F020FE044804F053FE0023237010BDD7
:1043C0005C5F002034CA0008C06200201D482DE94F
:1043D000F041036D2BB901224FF48051503006F0AB
:1043E000A9FC194E33780BB1FFF7D8FF0324174F00
:1043F0004FF00008134D15492846C7F8048004F013
:1044000021FE284604F05AFC48B1013C284604F03D
:1044100027FE14F0FF04EED1204634700FE00C4963
:1044200001220C4802F0E8FE014618B1284604F0CB
:10443000E1FDEAE7084800F011F801203070BDE81E
:10444000F08100BFC06200205C5F00203C230020A0
:1044500034CA0008605F002038CA00080FB400208A
:1044600004B0704700B59BB0EFF30981682268463D
:10447000FEF786FAEFF30583014B9B6BFEE700BF67
:1044800000ED00E008B5FFF7EDFF000000B59BB0C0
:10449000EFF3098168226846FEF772FAEFF30583AD
:1044A000014B5B6BFEE700BF00ED00E0FEE70000A4
:1044B0000FB408B5029805F0F5FBFEE706F0FEBA6A
:1044C00006F0E0BA0139C9B202299EBF00EBC10073
:1044D0000023C0E9013370472DE9F8431E461B88CD
:1044E000054688465B0718D4044600F118094C4578
:1044F00013D063686BB12B682846DB6B9847338811
:10450000C1B2A76843F0040342466068B847083464
:10451000EDE7A368002BEED1F9E70120BDE8F883B1
:1045200073B56C4684E80600014600224E68D5B299
:104530006EB98E685EB900EBC2000135021D94E8C9
:10454000030082E8030001201D7002B070BD01323B
:104550000831032AEAD10020F7E700002DE9F04FE7
:104560002DED028B89B004468B460546BDF8508080
:1045700000F11809002708F0040A9FED228BA945D5
:1045800037D06B680BB9AB6863B1BAF1000F0BD1D0
:1045900023682046DB6B98474346C1B25A46D5E9AB
:1045A0000106B0470835EAE7002FFBD15B4603AAB6
:1045B0000BF1080CADF808708DED008B186808330E
:1045C00053F8041C1746634503C73A46F6D11868EA
:1045D00038609B88BB800127FFF772FF0423ADF88A
:1045E00008302368CDE900011B6C694620469847D6
:1045F000D8E7012009B0BDEC028BBDE8F08F00BF09
:10460000AFF300800000000000000000082817D968
:1046100009280CD00A280CD00B280CD00C280CD060
:104620000D280CD00E2814BF4020302070470C20DD
:1046300070471020704714207047182070472020C2
:10464000704700002DE9F041456A15B94162BDE8A7
:10465000F0814B68AC4623F06047C3F38A464FEACB
:10466000D37EC3F3807816EA230638BF3E462B4636
:104670005A68BEEBD27F22F060440AD0002A18DAD2
:10468000A40CB44217D19D420FD10D60DEE7134652
:10469000EEE7A74207D102F08044C2F380724245A0
:1046A0000BD054B1EFE708D2EDE7CCF800100B6067
:1046B000CDE7B44201D0B442E5D81A689C46002A3E
:1046C000E5D11960C3E700002DE9F047089D01F02E
:1046D000070400EBD1004FF47F494FEAD50822448C
:1046E00005F00705944201D1BDE8F08704F0070703
:1046F00005F0070A111B08EBD50E57453E4613F887
:104700000EC038BF5646C6F108068E4228BF0E4678
:10471000E108415C34443544B94029FA06F721FAEE
:104720000AF1FFB28CEA010147FA0AF739408CEA34
:10473000010C03F80EC0D5E780EA0120082341F2FE
:10474000210201B2013B4000002980B2B8BF5040B5
:1047500013F0FF03F5D1704738B50C468D18A5420C
:1047600000D138BD14F8011BFFF7E6FFF7E70000A2
:1047700042684AB1136881894360438901339BB21F
:104780009942438138BF83811046704770B588B025
:10479000044620220D4668460021FEF717F9204600
:1047A0000495FFF7E5FF024660B16B46054608AE8B
:1047B0001C46083503CCB44245F8080C45F8041CE7
:1047C0002346F5D1104608B070BD0000082817D95F
:1047D00009280CD00A280CD00B280CD00C280CD09F
:1047E0000D280CD00E2814BF4020302070470C201C
:1047F0007047102070471420704718207047202001
:1048000070470000082817D90C280CD910280CD99B
:1048100014280CD918280CD920280CD930288CBF82
:104820000F200E207047092070470A2070470B2088
:1048300070470C2070470D20704700002DE9F843A9
:10484000078C0446072F1ED900254FF6FF73D0E9C9
:104850000298C5F12006A5F1200029FA05F10835D6
:1048600008FA06F628FA00F0314301431846C9B2A7
:10487000FFF762FF402D0346EBD13A46E169BDE800
:10488000F843FFF769BF4FF6FF70BDE8F8830000FB
:1048900010B54B6823B9CA8A63F30902CA8210BDF6
:1048A00004691A681C600361C38A013BC3824A60C1
:1048B000EFE700002DE9F84F1D46CB8A0F468146F1
:1048C000C3F30901924605290B4630D00020AAB255
:1048D00007F11A049EB21FFA80F8042E0FD89045F3
:1048E00003F1010306D30A44FB8A62F309030120A2
:1048F000FB821AE01AF800600130E654EAE79045BE
:10490000F1D2A1F1050B1C237C68BBFBF3F203FB86
:1049100012BB1FFA8BF6002C45D14846FFF728FF43
:10492000044638B978606FF00200BDE8F88F4FF0A8
:104930000008E6E7002606607860ADB24FF0000B95
:10494000454510D90AEB0803221D13F8011B08F195
:1049500001089155B1B21FFA88F81B292BD04545A3
:1049600006F10106F1D8FB8AC3F30902154465F389
:104970000903BCE701321C4692B22368002BF9D12F
:104980006B1F0B441C21B3FBF1F301339BB29A4222
:10499000D3D2BBF1000FD0D14846FFF7E9FE20B9D2
:1049A000C4F800B0BFE70122E7E7C0F800B05E46F8
:1049B00020600446C1E74545D5D94846FFF7D8FEF3
:1049C00008B92060AFE7C0F800B0002620600446B8
:1049D000B6E700002DE9F04F1C46074688462DED4E
:1049E000028B83B05B690192002B00F0A780238CBF
:1049F0002BB1E269002A00F0A180072B35D807F11E
:104A00000C00FFF7B5FE054638B96FF002052846E1
:104A100003B0BDEC028BBDE8F08F14220021FDF73E
:104A2000D5FF228CE16905F10800FDF7A9FF208C74
:104A300048F00041013080B2FFF7E4FEFFF7C6FE08
:104A4000013880B220840130287438466369228C92
:104A50001B782A4403F01F0363F03F03137269605D
:104A60002946FFF7EFFD0125D1E702330722C18A6E
:104A70009BB20633B3FBF2F3828A9BB2521A92B214
:104A80009342C2D84FF0000900F10C034FF0800AA6
:104A90004E464D4608EE103A18EE100AFFF768FE33
:104AA00083460028B1D014220021FDF78FFF002E8D
:104AB0003AD1019B0222ABF808300BF1080E1FFA25
:104AC00082FC218C0CF10100BCF1060F80B201D8F0
:104AD0008E422BD3FFF796FE8E4208BF4FF0400A5E
:104AE000FFF774FE62690138013512781BFA80F114
:104AF000013002F01F022DB242EA491289F0010989
:104B00004AEA020A48F0004281F808A059468BF8A8
:104B100010003846CBF804204FF0000AFFF792FD52
:104B2000238CB342B8D172E70022C6E7E169895D00
:104B300001360EF80210B6B20132C0E76FF001057F
:104B400065E70000F8B515460E4630220021044600
:104B50001F46FDF73BFF069BB5F5001FA76063608E
:104B600004F11000079B34BF6A094FF6FF72E6613B
:104B7000A362002397B29A4206D800230360A7825B
:104B8000E3822383E360F8BD0660013330462036BC
:104B9000F1E7000003781BB94BB2002BC8BF0170CE
:104BA0007047000000787047F8B50C46C9690746A1
:104BB00011B9238C002B37D1257E1F2D34D838789E
:104BC00028BB228C072A2CD8268A36F003032BD147
:104BD0004FF6FF70FFF7C0FD20F0010031024FF6E5
:104BE000FF72400441EA0561400C41EA402523463A
:104BF00029463846FFF7EEFE002807DD6269137884
:104C00000133DBB21F2B88BF00231370F8BD218A4C
:104C10002D0645EA012505432046FFF70FFE024613
:104C2000E5E76FF00300F1E76FF00100EEE7000049
:104C300070B58AB0044616460021282268461D46F3
:104C4000FDF7C4FEBDF8383069462046ADF8103097
:104C50000F9B05939DF840308DF81830119B0793FA
:104C6000BDF84830CDE90265ADF82030FFF79CFF74
:104C70000AB070BD2DE9F041D36905460C461646D1
:104C80000BB9138C5BBB377E1F2F28D895F800809B
:104C9000B8F1000F26D03046FFF7D0FD337821025F
:104CA0000246284641EAC331338A41EA080141EA13
:104CB000076141EA0341334641F08001FFF78AFE74
:104CC00000280ADD3378012B07D17269137801338C
:104CD000DBB21F2B88BF00231370BDE8F0816FF09B
:104CE0000100FAE76FF00300F7E70000F0B58BB0C2
:104CF00004460D4617460021282268461E46FDF749
:104D000065FE9DF84C30294620465A1E53425341B9
:104D10006A468DF800309DF84030ADF81030119B98
:104D200005939DF848308DF81830149B0793BDF813
:104D30005430CDE90276ADF82030FFF79BFF0BB081
:104D4000F0BD0000406A00B104307047436A1A6841
:104D5000426202691A600361C38A013BC3827047E1
:104D60002DE9F041D0F8208014461D46184E4146EA
:104D7000002709B9BDE8F081D1E90223A21A65EB49
:104D80000303964277EB03031ED2036A8B420DD1D5
:104D9000FFF77EFD036A1B68036203690B60C38A29
:104DA0000161013B016AC3828846E2E7FFF770FDBB
:104DB0000B68C8F8003003690B60C38A0161013BCE
:104DC000C382D8F80010D4E788460968D1E700BF4D
:104DD00080841E002DE9F04F8BB00D4614469B4693
:104DE000DDF850908046002800F01881B9F1000FDE
:104DF00000F01481531E3F2B00F21081012A03D1D1
:104E0000BBF1000F40F00A810023CDE90833B8F868
:104E10001430B5EBC30F4FEAC30703D300200BB028
:104E2000BDE8F08F2B199F42D8F80C3036BF7F1B9E
:104E30002746FFB21BB9D8F81030002B7AD0272DA7
:104E40004DD8C5F1280600232946B742009308AB88
:104E5000D8F808002CBFF6B23E46A7EB060A354448
:104E600032465FFA8AFAFFF72FFCB8F8143028218F
:104E700003F10053053BDB000493D8F80C30039397
:104E8000039B13B1BAF1000F2CD1D8F8100040B138
:104E9000BAF1000F05D008AB5246691A0096FFF729
:104EA00013FC38B2002FB9D066070AD00AAB6242B1
:104EB00003EBD40102F0070211F8083C134101F89A
:104EC000083C082C3DD9102C40F2B580202C40F233
:104ED000B780BBF1000F00F09C80082335E0BA4694
:104EE0000026C2E7049BE02B28BFE02306930B4477
:104EF000AB42059315D95A1B0398691A009692453F
:104F000008AB00F1040034BF5246D2B20792FFF75B
:104F1000DBFB079A1644AAEB020A1544F6B25FFAC5
:104F20008AFA049B069A05999B1A0493039B1B68B3
:104F30000393A5E700933A4608AB2946D8F8080042
:104F4000ADE7BBF1000F13D00123B4EBC30F6BD05F
:104F5000082C12D89DF82030621E23FA02F2D507E1
:104F600006D54FF0FF3202FA04F423438DF82030C7
:104F70009DF8203089F8003051E7102C12D8BDF888
:104F80002030621E23FA02F2D10706D54FF0FF321D
:104F900002FA04F42343ADF82030BDF82030A9F81C
:104FA00000303CE7202C0FD80899631E21FA03F348
:104FB000DA0705D54FF0FF3202FA04F40C430894E7
:104FC000089BC9F800302AE7402C2AD0611EC4F1A2
:104FD0002102A4F12103DDE9086526FA01F105FAB1
:104FE00002F225FA03F311431943CB0711D501222D
:104FF000A4F12003C4F1200102FA03F322FA01F123
:10500000A2400B43524263EB430332432B43CDE9AF
:105010000823DDE90823C9E9002300E76FF0010058
:10502000FDE66FF00800FAE6082CA1D9102CB4D9DF
:10503000202CEED8C4E7BBF1000FAED0022384E7EA
:10504000BBF1000FBCD004237FE70000012A30B57C
:10505000144638BF012485B00025402C28BF4024C9
:10506000012ACDE9025518D81B788DF8083063075E
:105070000AD004AB624203EBD40502F0070215F834
:10508000083C934005F8083C034600912246002165
:1050900002A8FFF719FB05B030BD082AE4D9102A91
:1050A00003D81B88ADF80830E1E7202A95BF1B68BC
:1050B000D3E900230293CDE90223D8E710B5CB68EA
:1050C0001BB98B600B618B8210BD04691A681C6070
:1050D0000361C38A013BC382CA60F0E703064CBF89
:1050E000C0F3C0300220704708B50246FFF7F6FF54
:1050F000022806D15306C2F30F2001D100F00300AD
:1051000008BDC2F30740FBE72DE9F04F93B004461A
:105110000D46CDE903230A681046FFF7DFFF02289A
:10512000824614BFC2F306260026002A80F2F881C8
:1051300012F0C04940F0F481097B002900F0F081B1
:10514000022803D02378B34240F0ED81C2F3046318
:1051500010462944069302F07F030593FFF7C4FF2E
:10516000059B002283464FEA8348002348EA0A4809
:1051700048EA4668CE78CDE90823F30948EA0008F2
:10518000029368D0059B024608A920460093534627
:105190006768B847002800F0C981276A4FB94146BF
:1051A00004F10C00FFF7F2FA074690B96FF0020025
:1051B00055E03B6998450DD03F68002FF9D1414635
:1051C00004F10C00FFF7E2FA07460028EED0236A4C
:1051D0003B60276297F817C006F01F08CCF3840CD9
:1051E000ACEB0800A8EB0C031FFA80FE0028B8BF48
:1051F0000EF120001FFA83FEB8BF00B2002B079308
:10520000B8BF0EF12003D7E90221BCBF1BB2079340
:1052100052EA010338D0039B4FF0000CDFF81CE387
:105220009A1A049B63EB010196457CEB01032BD397
:105230006B7B97F81AE0734519D1029B002B78D04D
:10524000012821DC7868F8B9DFF8ECC2944570EBEE
:10525000010316D337E0276A27B96FF00C0013B0AB
:10526000BDE8F08F3B699845B4D03F68F4E7B24899
:1052700090427CEB010301D30020F0E7029B002B5E
:10528000FAD0079B0F2B17DCFA7DB3003946204676
:1052900002F0030203F07C031343FB75FFF7F8FAF7
:1052A0006B7BBB76029B3BB9FB7DC3F3840201326F
:1052B00062F38603FB75D0E76A7BBB7E9A42DBD143
:1052C000029B002B35D0B309022B32D0039B142252
:1052D00000210DA8BB60049BFB60FDF777FB039BDF
:1052E0000AA920460A93049BADF83EB00B932B1DF0
:1052F0008DF840A00C932B7B8DF84180013BDBB2F5
:10530000ADF83C30069B8DF84230059B8DF843305C
:1053100094F82C3083F001038DF84430A36898474B
:10532000FB7DC3F38403013303F01F039B02FB8265
:10533000A2E7FB7DC6F34012B2EBD31F40F0F98029
:10534000C3F38403434540F0FB80029AB6092B7BEC
:10535000002A52D016F0010661D1032B40F2F380EF
:10536000039B394604F10C00BB60049BFB60FB8A85
:1053700066F30903AE1DFB8232462B7B033BDBB297
:10538000FFF798FA00280CDA39462046FFF780FA32
:10539000FB7DC3F38403013303F01F039B02FB82F5
:1053A00004E7AB88DDE908843B834FF6FF73C9F15E
:1053B0002000A9F1200228FA09F109F1080904FAEC
:1053C00000F024FA02F2014318461143C9B2FFF774
:1053D000B3F9B9F1400F0346E9D1B88231462A7BCF
:1053E000033AD2B2FFF7B8F9FB7DB882DA43C2F3D1
:1053F000C01262F3C713FB753EE786B92E1D013B51
:10540000394604F10C00DBB23246FFF753FA0028AC
:10541000BADB2A7B3146B88A013AD2B2E2E7F98A8E
:10542000013BC1F30901DAB204295BD8281D00232E
:1054300007F11B069A4208D910F801CB013306F890
:1054400001C00131DBB20529F4D1039993420A91DD
:1054500038BF043304992CBF002355FA83F30B9112
:1054600007F11B010C9179680E930D91291DFB8AA0
:10547000ADF83EB0C3F309038DF840A08DF841802C
:105480001A44069B8DF84230059BADF83C208DF800
:10549000433094F82C3083F001038DF8443000231E
:1054A000B88A7B602A7B013AFFF756F93B8BB882BA
:1054B000834203D1A3680AA92046984720460AA937
:1054C000FFF7FCFDFB7DBA8AC3F38403013303F0CD
:1054D0001F039B02FB823B8B9A420CBF00206FF0A4
:1054E0001000BCE67B68002BAFD0052001E01C302B
:1054F00033461E68002EFAD1091A2E1D081D1844C5
:1055000001EB090C5FFA89F3BCF11B0F9DD89A429D
:105510009BD916F8013B09F1010900F8013BEFE7BF
:105520006FF009009BE66FF00A0098E66FF00B0041
:1055300095E66FF00D0092E640420F0080841E0059
:105540006FF00E008BE66FF00F0088E60068704782
:1055500003460068596870470B0A017043700B0CD2
:10556000090E8370C1707047110A02700371417097
:10557000110C120E8170C2701A0A42711A0C1B0EA5
:105580008271C37170470000C36A0239023B8B42CB
:1055900083BF4389006C01FB0300002070470000BB
:1055A000C2F307238A76CB760378032B01BF120C54
:1055B0000A75120A4A75704700F10B010022D301E7
:1055C00043EA520310F8012B52FA83F38842DAB20D
:1055D000F5D110467047000010B541780446002010
:1055E000013102464901022A16BFA35C032203EBE4
:1055F000C03302F101021EBF9BB203EB500398B20D
:105600009142F0D810BD000002684AB1134613F869
:10561000011B1F290DD93A29F9D1911C8B4202D0C7
:105620004FF0FF3070471278302AF9D10360002024
:105630007047014B18787047B061002038B50D46AF
:10564000044618B9092000232B6038BD0368002BDD
:10565000F8D01A78002AF5D08188DA889142F1D101
:10566000587804F039FD10F00100EBD12368EBE726
:1056700038B50D4640F25231144602F0B9F9FF2810
:1056800007D9012C0BD9030A022468702B7020461D
:1056900038BD30B1002CFAD001242870F7E700247F
:1056A000F5E70446F3E700002DE9F8430026D0F8BB
:1056B000008005460C468E76836B002B4AD098F806
:1056C0000030042B4BD133463546402720E0B7F558
:1056D000187F80F0C480F90606F1010608BF023782
:1056E000D05B02372BB900F5205292B2B2F5006FB1
:1056F0000DD305F11A01C5F1FF0240EA0340214430
:10570000FFF7B6FF002800F0AA80054400200346FA
:10571000D8F8102092F82310B142D8D8002B40F0CE
:105720009E80002D00F09B8000232544AB766373A0
:10573000D8F81020137903F03701DB0621730BD45E
:1057400002F13800FFF704FFC4E900019389638187
:10575000D3892381BDE8F88300200146F4E7C36CB8
:1057600001335ED1EA6B00232E26551E184615F82C
:10577000011F013020290CD0052908BFE521092887
:1057800004D10B2B9EBFE71801337E73E71801335A
:1057900079730B28EBD1E11800204873A17E002912
:1057A0004BD1002B40D06FF00C0604F10D00082502
:1057B000361B331810F8011B002938D02E298BB264
:1057C0004AD0A3F14101192903D8117B0D4200D021
:1057D00020330373EDE7B9F1000F05D100F5205335
:1057E0009BB2B3F5006F0BD307F11A01C7F1FF02AB
:1057F00040EA09402144FFF73BFF48B1074400203D
:1058000002368146D8F80C30985B0028E3D1384640
:10581000B9F1000F4FF0000218BF002023189A764C
:10582000A0E7B1463746EDE73F23A37601232344A3
:1058300000219976137B03B96373D37A02F11C00BC
:1058400003F03F0323730023FFF780FE20606360B3
:10585000D38A6381138B7CE710250B46B9E73F237E
:105860000125A37660E7000038B50546002435F829
:10587000020B08B9204638BD02F0EEF86308C2B248
:1058800003EBC43312FA83F39AB2C0F3072303EB9A
:10589000520303EBC2339CB2E9E7000037B5C3788B
:1058A00004461BB90025284603B030BD00F14C0169
:1058B000826C01234078019104F034FC054680B9E4
:1058C000A36BE070A06C226BC31A9342EAD2A37858
:1058D0000199022BE6D102440123607804F022FCF6
:1058E000E1E70125DFE7000038B5836C05460C468B
:1058F0008B4210D0FFF7D2FF60B92246012305F199
:105900004C01687804F0EAFB00281CBF4FF0FF341C
:105910000120AC6438BD0020FCE7000038B500234E
:105920000446C3704FF0FF338364FFF7DDFF0028A8
:105930004BD1B4F84A524AF655239D4207D10B2267
:10594000254904F14C0006F01DFF00283FD094F8D3
:105950004C30EB2B03D01833DBB2012B2ED84AF698
:1059600055239D4206D108221C4904F19E0006F0F1
:1059700009FF48B3B4F85730B3F5007F1ED194F84F
:105980005930DBB15A1E1A4218D1B4F85A30ABB1B3
:1059900094F85C30013B012B10D8B4F85D306BB14A
:1059A000B4F85F307F2B06D804F16C00FFF7CEFD12
:1059B000B0F5803F02D3B4F8623053B94AF65520AF
:1059C00085420CBF0220032038BD0420FCE70120E3
:1059D000FAE70020F8E700BF64CA000870CA0008B0
:1059E00002392DE9F04701F007044FF0010A466C37
:1059F00005460AFA04F41746984606EB1136C1F339
:105A0000C809E4B2314628460136FFF76DFF18B1E8
:105A10000120BDE8F087994605EB090292F84C3069
:105A2000234214BF01210021414513D06340013FAF
:105A300082F84C3085F803A0EBD0640014F0FF042A
:105A4000EAD109F1010301244FF00009B3F5007F09
:105A5000E1D1D7E70220DCE701290246F8B50C4680
:105A600040F28C800668F36A8B4240F2878033787C
:105A7000013B032B00F28280DFE803F00229384B60
:105A800004EB5405B16B304601EB5521FFF72CFFB9
:105A900010B14FF0FF30F8BD6F1CC5F30805B16BB6
:105AA0003046354401EB572195F84C50FFF71CFF69
:105AB0000028EED1C7F30807E3073E4496F84C00F0
:105AC00045EA00204CBF0009C0F30B00E3E7B16BCF
:105AD000304601EB1421FFF707FF0028D9D16400FD
:105AE00004F4FF742644B6F84C00D4E7B16B30469A
:105AF00001EBD411FFF7F8FE0028CAD1A40006F18B
:105B00004C0004F4FE742044FFF720FD20F07040A8
:105B1000C1E7D0E90430D57953EA000101D091689A
:105B200001B95DBB9168022DA4EB01010DD1013BD0
:105B3000728940F1FF305B0A43EAC053B3FBF2F3D2
:105B400099421BD81CD0601CA5E7032D02D1936994
:105B50008B42F8D8D3699BB9B16B304601EBD411B5
:105B6000FFF7C2FE002894D1A0004C3600F4FE706E
:105B70003044FFF7EBFC20F000408CE701208AE77F
:105B80006FF0004087E70000F8B5066804460D4650
:105B90003378042B0CBF4FF080524FF400128A422E
:105BA00001D80220F8BDCA06FBD182680163D2B9D0
:105BB000022B13D83389B3EB551FF2D9F36BA363D0
:105BC000A36B6263002BECD003EB55234C36C5F37B
:105BD00008050020A3633544E563E3E7F36BC27176
:105BE000002BE7D01A4677897F02BD42114604D2C6
:105BF0003046FFF7C9FCA063E2E72046FFF72CFF21
:105C0000431C024606D00128CBD9F36A8342C8D987
:105C1000ED1BEAE70120C5E701292DE9F04706461B
:105C20000C46174608D9C36A8B4205D90378022B64
:105C300062D003D8012B22D0022552E0033B012B76
:105C4000FAD8816B01EBD411FFF74EFE0546002810
:105C500047D1A40006F14C0304F4FE741C443378CD
:105C6000042B07D0204627F07047FFF76FFC00F0A9
:105C70007040074339462046FFF76EFC2FE001EBEA
:105C80005108816B01EB5821FFF72EFE054640BB02
:105C900014F0010406F14C0908F1010AC8F30808E0
:105CA00008BFFBB230461FBF19F8083003F00F02DF
:105CB0003B0103F0F00318BF134309F80830012338
:105CC000B16BF37001EB5A21FFF70EFE054640B9A8
:105CD000CAF3080A44B1C7F3071709F80A70012389
:105CE000F3702846BDE8F08719F80A30C7F3032798
:105CF00023F00F031F43F0E7816B01EB1421FFF743
:105D0000F3FD05460028ECD1640006F14C0304F4D1
:105D1000FF741F551919C7F307274F70DFE70000FD
:105D2000F8B504460E461746E3690BB91846F8BDA8
:105D3000012BA6EB0305206814BFAA1C3A46691C78
:105D4000FFF76AFF0028F2D1E369013BE361EBE76B
:105D500001292DE9F84306460C461746056802D886
:105D60000220BDE8F883EB6A8B42F9D97AB9A146E3
:105D700021463046A046FFF76FFE0446B0B92B78A7
:105D8000042B02D1002F43D1F7710020E9E72B78D3
:105D9000042B02D1C379022BE9D04FF0FF323946F0
:105DA0002846FFF739FF0028E1D0DAE70128D7D0ED
:105DB000421C01D10120D4E72B78042B19D1EA6AC7
:105DC000AB69023A93421CD308F10102A2420CD003
:105DD0002B78042B08D10023A2EB09024946284660
:105DE000FFF7FEFD0028BCD1A146EB6AA342BFD855
:105DF000C5E7002241462846FFF70EFF0028DED007
:105E0000AFE70133AB612B7943F001032B71DBE783
:105E1000F3798BB9B468BC4202D10223F371B4E7C1
:105E200021463046FFF718FE012899D9431CC1D0FE
:105E300001348442EFD0A8E7032BA6D1B368BB425C
:105E4000A3D8B2691344BB429FD3E6E770B5C379C8
:105E50000446032B06D181688369CD18A94203D17A
:105E60000023E371002070BD4E1C20683246FFF70E
:105E7000D3FE0028F7D13146F0E700002DE9F743C3
:105E800005460191FFF70AFD0446002849D105F1B6
:105E90004C09019928464FF40072FFF775FB214623
:105EA000A86407464846FCF791FD6C896402B4F586
:105EB000004F28BF4FF40044B4F5007F2FD920468F
:105EC00004F0B2FD804630B122460021640A00266B
:105ED000FCF77CFD09E06408EEE72346BA19414669
:105EE000687804F01FF918B926446B899E42F4D3F0
:105EF000404604F0A9FD6889801B18BF012003B04B
:105F0000BDE8F08301366B899E42F4D20123BA19B1
:105F10004946687804F006F90028F3D0EBE700263C
:105F2000F1E70120EBE70000F8B50446FFF7B6FC07
:105F30000546002842D12378032B37D12779012F3A
:105F400034D104F14C0601464FF400723046FCF7A0
:105F50003DFD55234122722184F84A32AA2304F5DB
:105F60000D7084F84F2084F84B32522384F830129D
:105F700084F84C3084F84D30612384F8311284F871
:105F80004E3084F83332A16984F83222FFF7E4FA04
:105F9000616904F50E70FFF7DFFA626B3B4631462C
:105FA00001326078A26404F0BDF8257100226078A7
:105FB000114604F0DBF8003818BF0120F8BD0000DE
:105FC00000232DE9F0430B6085B00F461546FFF71F
:105FD0001BFB061EC0F2B281804B53F82640002CFA
:105FE00000F0AE813C6005F0FE0523786BB160786F
:105FF00004F072F8C70708D41DB110F0040500D0F2
:106000000A25284605B0BDE8F0830023F0B22370CE
:10601000607004F04DF8C10700F194810DB14207A2
:10602000EED400212046FFF779FC022840F0998049
:106030006E4604F2122304F25221324618461033FF
:10604000FFF784FA42F8040B8B42F7D1002556F88B
:10605000041B00297DD02046FFF760FC012879D879
:106060000128A26C40F0C08004F1570304F18C01B8
:1060700013F8015B002D7BD18B42F9D1B4F8B43019
:10608000B3F5807F74D194F8B830092B70D104F146
:106090009400FFF75DFA4FF0FF33171841F100014C
:1060A000BB4275EB010363D304F1A000FFF74EFA86
:1060B00094F8BA302063012BA37059D194F8B990A9
:1060C00003FA09F91FFA89F36381002B50D0444B7E
:1060D00004F1A800FFF73AFA0646984248D8831C14
:1060E000626304F1A400E362FFF730FA00EB0208F8
:1060F00004F19C00C4F84080FFF728FA10441FFA0E
:1061000089F2A06306FB02F313EB080345EB0502DB
:106110009F4271EB02032BD32E4604F1AC00FFF734
:1061200015FAE06365B96389B34221D9E16B204672
:10613000FFF72AFA81192046FFF7D6FB98B90136F6
:10614000631993F84C30812B14D02035C5F3080522
:10615000E8E703200135042D7FF479AF042807D147
:1061600001E0042801D101254BE701287FF678AF33
:106170000D2546E705F1140004F14C063044FFF705
:10618000E5F901280546F3D9E36A8342F0D961892C
:10619000821E236C02FB01336364A16B204601EB7A
:1061A000D511FFF7A1FB0028DDD105F07F0006EB3C
:1061B0008000FFF7CBF9431C03D00135A842ECD097
:1061C000D6E70425C4E90500064A25700025138892
:1061D000E56101339BB21380E38012E7B4610020D4
:1061E000FDFFFF7FB8610020B4F85730B3F5007FA2
:1061F000BED1B4F8626026B904F17000FFF7A6F9C9
:10620000064694F85C302663591EA3700129AFD866
:1062100094F859506581002DAAD0691E2942A7D152
:10622000B4F85D8018F00F0FA4F80880A0D1B4F87E
:106230005F0018B904F16C00FFF788F9B4F85A1040
:10624000002995D006FB03FE01EB181CF4446045C1
:106250008ED3A0EB0C00A842B0FBF5F388D33E48E8
:10626000834285D84FF6F57083426DD903259F1C74
:10627000114402EB0C03032DE7626263A163236404
:106280004CD1B4F8763053EA08037FF471AFBB0009
:1062900004F17800FFF75AF9E06303F2FF13B6EB5D
:1062A000532FFFF465AF4FF0FF33032DC4E90533DF
:1062B0004FF08003237187D1B4F87C30012B83D158
:1062C000511C2046FFF710FB00287FF47DAFB4F887
:1062D0004A224AF6552320719A427FF475AF1F4B2C
:1062E00004F14C00FFF732F998427FF46DAF03F1EF
:1062F000FF5304F50C70FFF729F903F50053203321
:1063000098427FF461AF04F50D70FFF71FF9A061AB
:1063100004F50E70FFF71AF9606155E7B8F1000F48
:106320003FF426AF7144022D4FEA4703E1631EBFDD
:10633000D91907F0010303EB5103AEE70B2560E623
:106340000C255EE603255CE640F6F575AB428CBF96
:10635000022501258BE700BFF5FFFF0F5252614177
:106360002DE9F84F07460568884649B96E69C6B1F8
:10637000EB6AB34298BF0126AB69A3B9002405E0DC
:10638000FFF76AFB0128044603D801242046BDE834
:10639000F88F421C00F0D280EB6A8342F6D8464662
:1063A000EAE70126E8E72A78EB6A042A40F08380CE
:1063B000A6F1020A023B4FF0010B9A4528BF4FF0AD
:1063C000000AD146696C284601EB1931FFF78CFAB7
:1063D00000283BD109F00703EA6AC9F3C8010BFAA8
:1063E00003F3901EDBB26A184C4609F1010992F8DA
:1063F0004C20814502EA030233BF5B0000234FF4C7
:106400000071DBB228BF9946B2B90234631E033370
:10641000BCD80123214628461A46FFF7E1FA022894
:10642000B3D0012800F08A80B8F1000F13D1022305
:10643000FB710028A9D130E0CA450AD0002BD2D187
:106440000131B1F5007FBDD20123CCE74FF0FF341D
:10645000DCE70024DAE7FB79022B07D1731CA342A7
:10646000E7D0BB68F31ABB610323FB7108F101029B
:10647000FB69A24205D113B10133FB61D9E70223C5
:10648000FBE70BB90123FB61224641463846FFF783
:1064900047FC00284FD10123FB61EA6AAB69023A4D
:1064A0006C6193429CBF03F1FF33AB612B7943F0E6
:1064B00001032B716AE7464514D1741C3846A34288
:1064C00098BF02242146FFF7C7FA01283FF45DAFC9
:1064D000431C33D0E0B16B69012B03D9EA6A9342C4
:1064E00038BF1E4634460134EB6AA34203D8012E5E
:1064F0007FF644AF022421463846FFF7ADFA48B193
:1065000001283FF442AF013018D0B442EBD135E757
:10651000002CE7D04FF0FF3221462846FFF77CFBE6
:1065200048B9B8F1000FB8D0224641462846FFF7D7
:1065300073FB0028B1D001287FF427AF4FF0FF3460
:1065400024E700002DE9F84306680446076B8946F6
:1065500033782037042B0CBF4FF080534FF40013D7
:10656000BB429CBF00238363836B73B1C7F30808EE
:10657000B8F1000F3CD10133416B836339B93389E2
:10658000B3EB571F34D80023A36304200AE07389B8
:10659000013B13EA57232BD1FFF75EFA012805468A
:1065A00002D80220BDE8F883421C01D10120F9E79E
:1065B000F36A834216D8B9F1000FE4D0616B20462C
:1065C000FFF7CEFE0546C8B10128EAD0431CEDD046
:1065D00001463046FFF752FC0028E7D1E37943F04B
:1065E0000403E371294630466563FEF7CDFFA063DF
:1065F0004C36002027634644E663D3E70720D1E703
:10660000F8B50E46002104460768FFF7BDFA98B9B1
:106610000546A16B3846FFF767F968B93A78E36B2E
:10662000042A1B780CD11B060ED5054601212046F5
:10663000FFF788FF0028ECD0042808BF072006E0F9
:10664000E52B01D0002BF0D10135B542EED1F8BDDC
:10665000C16C4B1C2DE9F04104460568066B1FD147
:10666000E5274FF00108A16B2846FFF73DF998B9DF
:106670002A78E36B042A09BF1A781F7002F07F02A0
:106680001A7085F80380236BB3420DD20021204697
:10669000FFF758FF0028E6D0042808BF022003E0D7
:1066A000FFF772FA0028DBD0BDE8F0812DE9F04158
:1066B00005460068A96B0669FFF716F9044620B97C
:1066C000EB6B1A78852A03D002242046BDE8F081BE
:1066D000324603F1200153F8040B8B4242F8040BBD
:1066E000F9D1777801377F01A7F16003B3F5007F17
:1066F000EAD800212846FFF725FF04280446E3D006
:106700000028E2D1A96B2868FFF7EEF804460028BC
:10671000DBD1EB6B1A78C02AD6D106F1200203F147
:10672000200153F8040B8B4242F8040BF9D196F880
:1067300023300F222C33B3FBF2F3B7EB431FC3D349
:106740004FF0400800212846FFF7FCFE04280446CD
:10675000BAD00028B9D1A96B2868FFF7C5F804465C
:106760000028B2D1EB6B1A78C12AADD1B8F5187FE9
:1067700009D206EB080203F1200153F8040B8B4207
:1067800042F8040BF9D108F120084745DAD8B8F5EA
:10679000187F9AD83046FEF71FFF7388834294D043
:1067A00092E700000B68002210B5036004460B6AF4
:1067B00083604B6AC261C37123F0FF03896AC0E939
:1067C0000432C164FFF7E0F920B92046BDE810406B
:1067D000FFF76CBF10BD0000F8B503680546012740
:1067E0001C692046FEF7F8FEA070000A6678E0708B
:1067F0002846E96CFFF7C8F920B1022828BF02201B
:10680000C0B2F8BDA96B2868FFF76EF80028F4D174
:10681000EB6B04F1200254F8041B944243F8041B70
:10682000F9D12B68DF70002EE7D000212846013E09
:10683000FFF788FEE0E700002DE9F8434FF0FF087E
:1068400006460768042445464FF6FF79B16B11B937
:10685000002C73D063E03846FFF746F80446002862
:106860005DD1F06B0378002B6ED03A78042A11D1F9
:10687000852B4DD1336B3046F364FFF717FF044689
:1068800000284CD13B691B7903F03F03B3712046CC
:10689000BDE8F883C27AE52B02F03F02B27143D023
:1068A0002E2B41D022F0200108293DD00F2A40D1C3
:1068B000590637D503F0BF05336B90F80D80F364AC
:1068C000437B434530D1428B72BB03780D21FC687A
:1068D00023F04003DFF874E0013B4B4301211EF835
:1068E00001CB30F80CC009B3FF2B1DD824F813C01E
:1068F0006146013301320D2AF1D10278520605D5E5
:1069000021B1FF2B10D8002224F81320013DEDB255
:1069100000213046FFF716FE0446002896D00023DB
:10692000B363B4E7AB42CBD0FF25F1E7CC45E1D070
:10693000FAE72DB9FEF740FE404501D10024A6E755
:106940004FF0FF33F364A2E70424E8E70CCB000820
:106950002DE9F04F002187B00446D0F80090FFF7F2
:1069600013F9804670B999F80030042B33D1D9F867
:106970000C00FEF779FF07462046FFF75DFF05464E
:1069800020B18046404607B0BDE8F08FD9F81030FE
:106990009A8CBA42F0D193F823B040265D4506D1D7
:1069A000D9F80C3033F81530002BE5D1EAE7F106C1
:1069B000D9F8103008BF0236985B01F04DF8D9F8CD
:1069C0000C30824633F8150001F046F88245D3D1E9
:1069D00002360135E2E74FF0FF0A4FF0FF3B554624
:1069E000C4F84CB0A16B4846FEF77EFF00285CD18E
:1069F000E66B3778002F77D0F27AE52F02F03F036D
:106A0000A37103D0120704D50F2B04D0C4F84CB0E7
:106A10004FE00F2B54D194F84B3058063FD47906F1
:106A200045D5236B07F0BF0796F80DA0E364737B91
:106A300053453ED1738B002B3BD135780121D9F8DA
:106A40000C3005F03F0501930D23013D5D43284BBC
:106A500013F8012BB25A71B3FF2D059329D81046B4
:106A6000049200F0F9FF6B1C03900293019B33F832
:106A7000150000F0F1FF039981421AD1049A029D9A
:106A80001146059B1B4A9342E2D133785A0604D53E
:106A900019B1019B33F815305BB97D1EEDB20021B1
:106AA0002046FFF74FFD00289CD080466AE7BD4294
:106AB000BDD0FF25F3E74FF6FF708242E2D0F8E742
:106AC0002DB93046FEF778FD50453FF45BAF94F8A2
:106AD0004B30DB079AD40B2204F14001304605F01D
:106AE00051FE002892D14DE74FF004084AE700BF5D
:106AF0000CCB000819CB00082DE9F04F90F84BB0F3
:106B000099B004461BF0A00540F068810668F26861
:106B100032F81530002B4AD13378042B40F08780AF
:106B20000F230E352046B5FBF3F5A91CFFF768FDD2
:106B30008146002877D1236B0135A3EB4515E37916
:106B40005A07E56435D523F004032046E371FFF7C7
:106B50007DF950BB4FF0FF32616B2046FFF7E0F844
:106B600018BBA3682BB3214604A8FFF71BFEE0B9AE
:106B700070894FF40071D4E90423E0FB01233069EC
:106B8000C4E904233830FEF7EFFC3069D4E904236C
:106B90002830FEF7E9FCE379326904A843F00103E9
:106BA00082F82130FFF718FE18B181463BE001352D
:106BB000AEE7D6E90354402200212046FBF706FF4A
:106BC0008523012140222370C0234FF0C10C04EB28
:106BD000010884F8203000231E469E46571C04F806
:106BE00002C0F0B2023204F807E021B135F8131008
:106BF00009B10133DBB20F0AA15408F80270023266
:106C0000D706F2D135F813700136002FE6D184F89B
:106C10002330831C28466370FEF726FE84F8240088
:106C2000000A84F82500484619B0BDE8F08F04F149
:106C300040070DF1100A1BF0010F97E807008AE8E2
:106C4000070000F0D38040234FF0010884F84B3058
:106C5000BC46F368B8F1050F9AE80700ACE80300FA
:106C60002CF8022B4FEA12428CF8002059D9981EBA
:106C7000424630F8021F002942D10DF10F0C0721C6
:106C800002F00F0E914612090EF13000392888BF2C
:106C90000EF1370001390CF8010902D0B9F10F0FDC
:106CA000EED818AB7E205A1802F8580C384600224D
:106CB000914206D010F801CB02F1010EBCF1200F79
:106CC00031D104F13F0C072902F1010297BF18AB43
:106CD00020205818013198BF10F8580C072A0CF8DA
:106CE0000200F0D92046FFF733FE8146002878D114
:106CF00008F10108B8F1640FAAD14FF0070992E733
:106D00004FF0100C01F0010E49080EEB4202D303C4
:106D100044BF82F4883282F02102BCF1010CF1D12F
:106D2000A7E74246A9E77246C2E7216B2046A1EBDE
:106D30004511FEF729FF814600287FF474AF4FF616
:106D4000FF783846FEF738FC0190A16B3046FEF71D
:106D5000CBFD814600287FF466AFE36BE9B2019A70
:106D60004FF00D0CD6F80CE05A734FF00F02DFF81D
:106D7000E0A0DA724A1E18730CFB02F28446987681
:106D8000D87640451AF8019B0CF1010C18BF3EF86B
:106D9000120003EB090B18BF013203F809004FEA98
:106DA0001029002808BF4046BCF10D0F8BF8019058
:106DB000E7D1404502D03EF812200AB941F0400127
:106DC0001970012300212046F370FFF7BBFB8146B9
:106DD00000287FF428AF013DB7D11BE04FF0060932
:106DE00021E704287FF41FAF84F84BB01BF0020F9B
:106DF00020461BBF0C350D210125B5FBF1F518BF51
:106E000001352946FFF7FCFB814600287FF40BAFD4
:106E1000013D8AD1A16B3046FEF766FD8146002810
:106E20007FF401AF01462022E06BFBF7CFFDE36B5F
:106E300003CF18605960BA7839889A72198194F82A
:106E40004B30E26B03F0180313730123F370EAE68F
:106E50000CCB000810B504460A463430FEF776FB2A
:106E6000886004F13800FEF773FBC2E9040194F86E
:106E7000213003F00203D3710023D36110BD000061
:106E800003284B8B04BF8A8A43EA024318467047A3
:106E90002DE9F04F0B7899B0044689462F2BD0F896
:106EA00000B001D05C2B09D14A46137891460132DB
:106EB0002F2BFAD05C2BF8D0002301E0DBF81C303C
:106EC000A3600023E3619BF80030042B1ED1A3686C
:106ED000E3B1DBF82030214604A82362DBF824303C
:106EE0006362DBF82830A362FFF75CFC03460028EE
:106EF00054D1DBF8102002F13800FEF727FBC4E97B
:106F0000040392F8213003F00203E37199F8003092
:106F10001F2B00F2358180230021204684F84B305E
:106F200019B0BDE8F04FFEF72FBE49460B788946F1
:106F300001312F2BFAD05C2BF8D01F2B8CBF0025F2
:106F40000425012F2FD113882E2B31D1002322F8B5
:106F5000173004F140029F428CBF2E2120210133C3
:106F60000B2B02F8011BF6D145F02005204684F8D2
:106F70004B50FFF7EDFC94F84B30002800F0E78011
:106F800004280BD1990603F0040240F1DC80002AAA
:106F900000F0F6808023002084F84B3019B0BDE863
:106FA000F08F0425CDE7022F02D153882E2BCAD0B3
:106FB000911E87BB002322F81730002F00F01181AB
:106FC00032F81300194601332028F9D009B92E28C8
:106FD00001D145F00305901E30F817302E2B01D05B
:106FE000013FF9D14FF020334FF0000A6364D046DF
:106FF0002364C4F847300823481C32F8116000901D
:10700000F6B1202E03D02E2E0DD1B84210D045F06F
:1070100003050099F0E731F81730202B01D02E2B13
:10702000C8D1013FC5E79A4505D20099B9423BD185
:107030000B2B30D101E00B2B27D145F003050B239F
:1070400094F84020E52A04BF052284F84020082B4C
:1070500004BF4FEA88085FFA88F808F00C030C2B8D
:1070600003D008F00303032B01D145F00205A80764
:107070003FF57CAF18F0010F18BF45F0100518F070
:10708000040F18BF45F0080570E70099B94202D017
:1070900045F00305D4D84FEA88080B234FF0080ABF
:1070A00000975FFA88F8B4E77F2E15D9304640F292
:1070B0005231CDE9022345F00203019300F098FC20
:1070C00010F0800F0646DDE9022316D000F07F069F
:1070D00046498E5D019D46B331464548CDE90123C1
:1070E00005F09CFBDDE90123F8B9A6F1410189B265
:1070F00019291ED848F0020810E0FF28EAD9591EC5
:107100008A4503D345F003059A4682E704EB0A015A
:10711000000A0AF1010A019D81F8400004EB0A010E
:107120000AF1010A81F8406073E745F003055F2624
:10713000F4E7A6F1610189B219299EBF203E48F00B
:107140000108B6B2EAE7002A08BF052026E75A0779
:107150003FF524AFA379DB0645D59BF80000042852
:1071600035D1A3682146E27923622369DBF8100058
:1071700023F0FF0313436362E36CA362FFF76AFE2D
:1071800023680027DA6819F8010B00283FF409AFDB
:1071900040F25231009200F04BFC054608B31F2824
:1071A000009A7FF6FEAE2F283FF4BFAE5C283FF476
:1071B000BCAE7F2805D801460E4805F02FFB009A8B
:1071C00078B9FF2F0DD022F817500137DBE7216B7C
:1071D0000BF14C03C1F308011944FFF751FEA06005
:1071E000CEE70620DAE60520D8E600BF8CCA000804
:1071F00085CA00087CCA00081FB5CDE9001003A8A5
:1072000014460391FEF700FA002815DB0B4A52F8EA
:1072100020300BB100211970019B0BB100211970B6
:1072200042F820302CB1002201A96846FEF7C8FEC2
:107230000446204604B010BD0B24FAE7B4610020D8
:107240002DE9F04798B0904605460191002800F0DE
:10725000528102F03F0603A901A83246FEF7B0FEB4
:10726000002840F04681039B4FF48C60049303F0A8
:10727000DBFB0746002800F04081039B00F500720D
:107280000199D86004A81A61FFF702FE044620B9EC
:107290009DF95B30002BB8BF062418F01C0F00F0DE
:1072A000CD80002C4CD0042C40D104A8FFF724FC46
:1072B000044600283AD146F00806039B1A78042AAF
:1072C00040F08380186929462B60FFF7C3FD039BBC
:1072D0001E22002118690230FBF778FB039C002175
:1072E0001A2220692630FBF771FB236920221A71CC
:1072F000246903F017FC0146012208342046FEF7FA
:107300002BF9039B04A81B6983F82120FFF764FA7B
:10731000044658B9A96801B302462846FEF718FD8D
:10732000AB68039A0446013B5361B4B1384603F09D
:107330008BFB0CB100232B60204618B0BDE8F08712
:107340009DF8163013F0110F40F0848018F0040FF0
:1073500040F0C98018F0080FAFD1039A3107139994
:10736000936C48BF46F04006E964AB64107804288B
:1073700072D1069B9DF817102B62089B106923F0B1
:10738000FF030B4329466B62179BAB62FFF762FD5D
:10739000DDF80CA00024002205F15008BAF80630F0
:1073A00021464046C5F800A0AB80002385F8306038
:1073B00085F831406C64C5E90E234FF40072FBF789
:1073C00005FBB20653D40024B0E703F0ABFB014643
:1073D000009013980E30FEF7BFF8139800991630FE
:1073E000FEF7BAF8039C13992078FFF749FD202394
:1073F00000228046CB7220461399FEF7D1F8139BEA
:10740000002201211A775A779A77DA77039BD9708D
:10741000B8F1000FA1D0414604A8D3F84890FEF778
:1074200097FC0446002881D149460398FEF75CFA90
:10743000039B044608F1FF30586176E7002C7FF487
:1074400075AF9DF81630DC064FD418F0020F84D0CB
:10745000D80782D5072469E7FFF712FD0023A8604B
:1074600001F11C00FEF772F86B61286190E7D5E925
:10747000046956EA0903A6D0BAF80AA0A9684FEA37
:107480004A2AC5E90E69B24574EB09031BD30024EF
:107490002964002C7FF44AAFC6F30803002B92D076
:1074A000039C2046FEF770F808B3760A0123414694
:1074B00046EAC95682196A64607802F00FFE041E1B
:1074C00018BF012432E72846FEF7C6FAB6EB0A06D3
:1074D000014669F10009012803D9431CD3D10124D5
:1074E000D6E70224D4E7082420E704241EE7022478
:1074F0001CE704461EE709241EE711241CE70000D0
:107500002DE9F04F994685B00023884603A904462B
:10751000C9F800301646FEF791F8054680BB94F88E
:1075200031506DBB94F8303013F00103009300F03C
:10753000A68004F1500AD4E90432D4E90E011B1AE2
:1075400062EB0102B34272F1000238BF1E46BEB1C7
:10755000D4E90E10C1F30803002B40F08280039B96
:107560005A894B0A013A43EAC0531A401BD151EAE7
:10757000000309D1A06801280DD8022584F83150F4
:10758000284605B0BDE8F08F216C20460192FEF739
:1075900063FA019AEFE7431C04D10123009D84F8AC
:1075A0003130EDE72064DDF80CB0216C5846FDF772
:1075B000EBFF0028E1D0B6F5007F02EB000731D3E6
:1075C000BBF80A1002EB5620730A88429BF80100B0
:1075D00088BF8B1A3A464146019302F07FFD00288E
:1075E000DBD194F93020019B002A0BDA606CC01BC0
:1075F000984207D24FF40072514608EB4020FBF747
:10760000BFF9019B5F02D9F80030F61BB8443B4438
:10761000C9F80030D4E90E32DB1942F10002C4E9A6
:107620000E3294E7626CBA421AD094F93030002BD3
:107630000DDA012351469BF8010002F073FD00288A
:10764000ABD194F8303003F07F0384F830300398E6
:1076500001233A465146407802F040FD00289CD173
:107660006764A16B4046C1F30801C1F5007751443E
:10767000B74228BF37463A46FBF782F9C3E70725EA
:107680007EE7000070B596B00E460022019002A978
:1076900001A8FEF795FC0446E0B94FF48C6003F0B6
:1076A000C3F90546D8B1029B00F500720199D86074
:1076B00002A81A61FFF7ECFB044640B99DF953306C
:1076C000002B0ADB1EB1314602A8FDF7EDFF28466C
:1076D00003F0BAF9204616B070BD0624F7E711246E
:1076E000F8E7000070B5B8B00222019003A901A824
:1076F000FEF766FC044608BB039B4FF48C601093B6
:1077000003F092F90546002866D0039B00F500724D
:107710000199D86010A81A61FFF7BAFB044650B966
:107720009DF88B30980655D4190653D49DF84630F1
:10773000DA0706D50724284603F086F9204638B034
:1077400070BD039B04931878042814D104A9186908
:10775000FFF780FB069E9DF84630DB0610D410A88C
:10776000FEF776FF04460028E5D156BB0398FEF7E6
:10777000DBFB0446DFE71F99FFF782FB0646EAE7DB
:10778000039BDA69B242D5D024930021269624A81F
:107790001B78042B01BFDDE90823CDE928239DF8E0
:1077A00017308DF89730FEF7EFF904460028C2D164
:1077B00024A8FFF741F804460028BBD00428BAD11A
:1077C000CDE70246314604A8FEF7C2FA0446002877
:1077D000B1D1CBE70624AEE71124AFE7F0B5BDB0D9
:1077E000CDE900106846FDF70FFF022203A901A8AA
:1077F000FEF7E6FB0446002841D1039B4FF48C6062
:10780000149303F011F90546002800F0EE80039B65
:1078100000F5007214AE0199D8601A613046FFF786
:1078200037FB044640BB9DF89B3013F0A00F40F09F
:10783000D880039B009F1A78042A68D11B6904AC86
:1078400003F1400C1868083353F8041C22466345C2
:1078500003C21446F6D15022314628A8FBF790F80F
:10786000394628A8FFF714FB044600284CD12A9A71
:10787000169B9A4206D00824284603F0E5F82046D5
:107880003DB0F0BD349A209B9A42F4D128A8FFF76E
:1078900033F904460028EFD1039B04AF1B6993F82A
:1078A00001E093F823C09C8C3A46083303CAB242E5
:1078B00043F8080C43F8041C1746F5D1039B28A88D
:1078C0001B6983F801E0039B1A6982F823C01A69D7
:1078D00082F82440240A82F825401A691379D906CF
:1078E0005CBF43F020031371FEF776FF04460028C7
:1078F000C2D13046FEF7ACFE04460028BCD1039846
:10790000FEF712FB0446B7E70428B5D1BEE7239A79
:1079100004AB02F1200C1068083252F8041C1C461B
:10792000624503C42346F6D15022314628A8FBF70E
:1079300027F8394628A8FFF7ABFA044600284CD1AF
:107940002A9A169B9A4296D1349A209B9A4292D1B7
:1079500028A8FFF7D1F8044600288DD137990DF1FA
:107960001D030DF12D0001F10D0253F8044B83426C
:1079700042F8044BF9D11888012710809B78937046
:107980009DF81B30039CDA0658BF43F02003CB72EE
:10799000E770CB7ADB06ACD5169A2A9B9A42A8D020
:1079A0002078FFF76DFA01462046FDF7EDFD014610
:1079B000C8B12046FDF798FF044600287FF45CAF6D
:1079C000039890F86D302E2B93D12A9A00F16C0118
:1079D000FDF7E6FD039BDF708BE704287FF44CAFD7
:1079E000B6E7062448E7022446E7112447E70000EB
:1079F0007F2810B501D880B210BDB0F5803F13D2FA
:107A000040F2523399420FD10849002231F8024B1B
:107A100093B2844203D103F18000C0B2ECE701329B
:107A2000802AF3D11346F6E70020E5E7CCCD000825
:107A30007F280DD940F25233994208D1FF2806D849
:107A400000F10040034B803833F8100070470020ED
:107A5000704700BFCCCD0008B0F5803FF0B522D212
:107A60001F4A83B21F49B0F5805F28BF0A46141D24
:107A700034F8042C2146AAB1934213D334F8025CA3
:107A80002E0AEFB252FA85F5A84222DA082E09D85A
:107A9000DFE806F0050A10121416181A1C00801AE6
:107AA00034F810301846F0BD981A00F001001B1A87
:107AB0009BB2F7E7103BFBE7203BF9E7303BF7E7EA
:107AC0001A3BF5E70833F3E7503BF1E7A3F5E3533F
:107AD000EEE70434002ECBD101EB4702C7E700BF2D
:107AE0001CCB000810CD0008EFF30983054968336B
:107AF0004A6B22F001024A6383F30988002383F36F
:107B00001188704700EF00E0302080F3118862B6E2
:107B10000D4B0E4AD96821F4E0610904090C0A43AF
:107B20000B49DA60D3F8FC2042F08072C3F8FC20E5
:107B3000084AC2F8B01F116841F00101116020220B
:107B4000DA7783F82200704700ED00E00003FA05C1
:107B500055CEACC5001000E0302310B583F311887A
:107B60000E4B5B6813F4006314D0F1EE103AEFF3A0
:107B700009844FF08073683CE361094BDB6B23663B
:107B800084F3098802F046F810B1064BA36110BDDA
:107B9000054BFBE783F31188F9E700BF00ED00E038
:107BA00000EF00E03F0400084204000808B5074B5E
:107BB000074A196801F03D01996053680BB190685C
:107BC0009847BDE80840FFF7C7BF00BF000002406C
:107BD000BC61002008B5084B1968890901F03D0116
:107BE0008A019A60054AD3680BB110699847BDE8CD
:107BF0000840FFF7B1BF00BF00000240BC61002099
:107C000008B5084B1968090C01F03D010A049A6097
:107C1000054A53690BB190699847BDE80840FFF7E2
:107C20009BBF00BF00000240BC61002008B5084BAC
:107C30001968890D01F03D018A059A60054AD369EA
:107C40000BB1106A9847BDE80840FFF785BF00BF39
:107C500000000240BC61002008B5074B074A596884
:107C600001F03D01D960536A0BB1906A9847BDE8B5
:107C70000840FFF771BF00BF00000240BC61002058
:107C800008B5084B5968890901F03D018A01DA609D
:107C9000054AD36A0BB1106B9847BDE80840FFF75F
:107CA0005BBF00BF00000240BC61002008B5084B6C
:107CB0005968090C01F03D010A04DA60054A536B6A
:107CC0000BB1906B9847BDE80840FFF745BF00BF78
:107CD00000000240BC61002008B5084B5968890DBE
:107CE00001F03D018A05DA60054AD36B0BB1106CD7
:107CF0009847BDE80840FFF72FBF00BF00000240D3
:107D0000BC61002008B5074B074A196801F03D0126
:107D10009960536C0BB1906C9847BDE80840FFF731
:107D20001BBF00BF00040240BC61002008B5084B27
:107D30001968890901F03D018A019A60054AD36CEE
:107D40000BB1106D9847BDE80840FFF705BF00BFB5
:107D500000040240BC61002008B5084B1968090CFA
:107D600001F03D010A049A60054A536D0BB1906D14
:107D70009847BDE80840FFF7EFBE00BF000402408F
:107D8000BC61002008B5084B1968890D01F03D0160
:107D90008A059A60054AD36D0BB1106E9847BDE80D
:107DA0000840FFF7D9BE00BF00040240BC610020BC
:107DB00008B5074B074A596801F03D01D960536E79
:107DC0000BB1906E9847BDE80840FFF7C5BE00BFF5
:107DD00000040240BC61002008B5084B59688909BD
:107DE00001F03D018A01DA60054AD36E0BB1106FD4
:107DF0009847BDE80840FFF7AFBE00BF000402404F
:107E0000BC61002008B5084B5968090C01F03D0120
:107E10000A04DA60054A536F0BB1906F9847BDE8CA
:107E20000840FFF799BE00BF00040240BC6100207B
:107E300008B5084B5968890D01F03D018A05DA60E3
:107E4000054AD36F13B1D2F880009847BDE80840C7
:107E5000FFF782BE00040240BC61002000230C49F1
:107E600010B51A460B4C0B6054F82300026001EB6E
:107E7000430004334260402BF6D1074A4FF0FF33F2
:107E80009360D360C2F80834C2F80C3410BD00BF50
:107E9000BC610020CCCE0008000002400F28F8B5DD
:107EA00010D9102810D0112811D0122808D10F2471
:107EB0000720DFF8C8E00126DEF80050A04208D90C
:107EC000002653E00446F4E70F240020F1E70724DE
:107ED000FBE706FA00F73D424AD1264C4FEA001C68
:107EE0003D4304EB00160EEBC000CEF80050C0E995
:107EF0000123FBB273B12048D0F8D83043F001031E
:107F0000C0F8D830D0F8003143F00103C0F8003198
:107F1000D0F8003117F47F4F0ED01748D0F8D83082
:107F200043F00203C0F8D830D0F8003143F0020328
:107F3000C0F80031D0F8003154F80C00036823F089
:107F40001F030360056815F00105FBD104EB0C036A
:107F50003D2493F80CC05F6804FA0CF43C602124C3
:107F60000560446112B1987B00F0DEFC3046F8BD3C
:107F70000130A3E7CCCE000800440258BC610020C9
:107F800010B5302484F31188FFF788FF002383F3B2
:107F9000118810BD10B50446807B00F0DBFC012386
:107FA0001549627B03FA02F20B6823EA0203DAB294
:107FB0000B6072B9114AD2F8D81021F00101C2F851
:107FC000D810D2F8001121F00101C2F80011D2F846
:107FD000002113F47F4F0ED1084BD3F8D82022F0A4
:107FE0000202C3F8D820D3F8002122F00202C3F81D
:107FF0000021D3F8003110BDBC61002000440258BC
:1080000008B5302383F31188FFF7C4FF002383F3FF
:10801000118808BD0023054A19460133102BC2E917
:10802000001102F10802F8D1704700BF4062002041
:108030002DE9F74F02F0030AC2F3C313C2F380091C
:10804000C2F3C108C2F3411E574600224FF00F0B86
:108050000193CB0733D502F00703019C012556009D
:108060009B00BAF1020F05FA02F504FA03FC44681A
:108070000BFA03F324EA05046FEA030344EA090454
:1080800044604FF00304856804FA06F625EA060505
:108090006FEA060445EA08058560C56825EA060515
:1080A00045EA0E05C5601BD1072A13D8056A2B4087
:1080B00043EA0C03036203681C403C430460490824
:1080C00022D04FEA490901324FEA88084FEA8E0E62
:1080D000BF00BEE7456A2B4043EA0C034362EAE770
:1080E0000568072A04EA050444EA0704046005D881
:1080F000046A234043EA0C030362E0E7446A234036
:1081000043EA0C034362DAE703B0BDE8F08F0000F6
:10811000836CC26A8B42506810B506D95A1E4C0057
:1081200002EB4103B3FBF4F3184410BD01F001036B
:108130008A0748BF43F002034A0748BF43F00803D9
:108140000A0748BF43F00403CA0648BF43F01003C0
:108150008A06426B48BF43F02003134343637047D2
:1081600010B5074C204600F061FF064B0022C4E921
:108170001023054BA364054BE363054BE36410BD7B
:10818000C06200200070005200B4C40414630020D8
:1081900014650020C36A0BB9104BC3620379012B2D
:1081A00011D10F4B98420ED10E4BD3F8D42042F48C
:1081B0008032C3F8D420D3F8FC2042F48032C3F8D4
:1081C000FC20D3F8FC30436C00221A65DA621A6096
:1081D0005A605A624FF0FF329A637047CCCF000862
:1081E000C0620020004402580379012B1BD0436C6D
:1081F00000221A65DA621A605A605A624FF0FF3242
:108200009A63094B98420ED1084BD3F8D42022F43C
:108210008032C3F8D420D3F8FC2022F48032C3F893
:10822000FC20D3F8FC307047C062002000440258A4
:1082300010B5446C0649FFF76BFF6060236842F29B
:10824000107043F003032360BDE8104001F0A8BDA7
:10825000801A06000129F8B5466C0B4F09D17568E4
:108260000A493D40FFF754FF054345F480557560CA
:10827000F8BD746806493C40FFF74AFF044344F4E4
:1082800080547460F4E700BF00ECFFFF80F0FA0256
:1082900040787D01436C00225A601A6070470000EC
:1082A000426C0129536823F4404304D0022905D0CD
:1082B00001B95360704743F48043FAE743F4004345
:1082C000F7E70000436C41F480519A60D9605A6B23
:1082D0001206FCD580229A637047000010B541F465
:1082E0008851446CA260E160616B11F04502FBD0E3
:1082F000A26311F0040203D0FFF718FF012010BDA4
:10830000616910461960FAE710B541F48851446C70
:10831000A260E160616B11F04502FBD0A26311F035
:10832000050203D0FFF702FF012010BD616910466E
:108330001960FAE773B5134604460E46302282F3FD
:108340001188426CD26B32B14FF0FF314030019353
:1083500001F032FD019B606C00220265C263C262C3
:10836000456B15F4807504D185F31188012002B0A6
:1083700070BD4FF0FF31816382F31188012E06D961
:108380000C21204602B0BDE87040FFF7BDBF10468B
:10839000EDE7000073B5446C0E4600250192616B59
:1083A000A1632565E562FFF7C1FE012E07D9019B98
:1083B0002A460C2102B0BDE87040FFF7A5BF02B00D
:1083C00070BD000010B541F49851446CA260E160AA
:1083D000616B11F04502FBD0A26311F03F0203D0A4
:1083E000FFF7A4FE012010BD216A10461960E16963
:1083F0005960A16999606169D960F4E72DE9F74393
:1084000004460191006D01A91746984602F0AAFCA6
:10841000064600284AD0626C2046DDF80490556874
:10842000C5F3090501356B00A56CB5FBF3F54FF4F9
:108430007A73B5FBF3F55D43556200F0BDFD50BBAB
:10844000636C4FF0FF3201254146C3F85890204637
:108450001D659A634FF49572DA6342F207029F62D8
:10846000DA62E36C0A9AFFF74FFFA0B9E26C104B97
:1084700011680B407BB929462046FFF75BFF054694
:1084800048B92E463A460199206D02F0A3FC3046C9
:1084900003B0BDE8F0833A460199206D02F09AFCE2
:1084A000E26C01212046FFF775FFF0E70126EEE7B9
:1084B00008E0FFFD2DE9F7431F46436C01924FF49E
:1084C0007A725D6804468846C5F3090501356E0079
:1084D000856CB5FBF6F5B5FBF2F555435D6200F032
:1084E0006BFD20B10125284603B0BDE8F0837E0274
:1084F00001A9206D324602F035FC05460028F1D076
:10850000636C019AD4F84C909A6501221A654FF079
:10851000FF329A634FF49572DA639E62236BDB0637
:108520004B4658BF4FEA4828012F42461BD912211B
:108530002046FFF7E9FEC0B9D9F80020104B1340E0
:108540009BB9636C42F2930239462046DA62E26CD0
:10855000FFF7F0FE804640B932460199206D45464E
:1085600002F038FCBFE71121E2E732460199206DA5
:1085700002F030FCE26C39462046FFF70BFFB2E711
:1085800008E0FFFD2DE9F3411F46436C01924FF4D3
:108590007A725D6804468846C5F3090501356E00A8
:1085A000856CB5FBF6F5B5FBF2F555435D6200F061
:1085B00003FD20B10125284602B0BDE8F0817E020E
:1085C00001A9206D324602F013FC05460028F1D0C7
:1085D000636C019A9A6501221A654FF0FF329A6323
:1085E0004FF48D72DA639E62236BE66CDB063346D2
:1085F00058BF4FEA4828012F424619D91921204671
:10860000FFF782FEB0B932680F4B134093B9636C29
:1086100042F2910239462046DA62E26CFFF78AFEA6
:10862000064638B901993546206D02F01DFCC2E7B7
:108630001821E4E70199206D02F016FCE26C39463E
:108640002046FFF7A7FEB6E708E0FFFD12F0030F94
:108650002DE9F04107460C4615461E4617D00E443C
:10866000B44202D10020BDE8F0810123FA6B21461B
:108670003846FFF71FFF0028F5D128464FF4007257
:10868000F96B05F500750134FAF77AF9E8E7BDE80A
:10869000F041FFF70FBF000012F0030F2DE9F0418A
:1086A00007460C4615461E4617D00E44B44202D16A
:1086B0000020BDE8F08129464FF40072F86B05F503
:1086C0000075FAF75DF90123FA6B21463846FFF78A
:1086D00059FF0028EDD10134E8E7BDE8F041FFF78C
:1086E00051BF000000207047302310B583F311887C
:1086F0000024436C40302146DC6301F06BFB84F3C3
:10870000118810BD026843681143016003B1184726
:1087100070470000024A136843F0C00313607047BB
:108720000078004013B50E4C204600F0DFFC04F149
:10873000140000234FF400720A49009400F07AF903
:10874000094B4FF40072094904F13800009400F01D
:10875000F3F9074A074BC4E9172302B010BD00BF65
:1087600018650020846500201587000884670020B4
:108770000078004000E1F505037C30B5244C002969
:1087800018BF0C46012B11D1224B98420ED1224B1F
:10879000D3F8E82042F08042C3F8E820D3F8102153
:1087A00042F08042C3F81021D3F810312268036EE2
:1087B000C16D03EB52038466B3FBF2F362681504E8
:1087C00042BF23F0070503F0070343EA4503CB60EC
:1087D000A36843F040034B60E36843F001038B6000
:1087E00042F4967343F001030B604FF0FF330B62CA
:1087F000510505D512F0102205D0B2F1805F04D0EA
:1088000080F8643030BD7F23FAE73F23F8E700BFEC
:10881000D4CF000818650020004402582DE9F04725
:10882000C66D05463768F469210734621AD014F022
:10883000080118BF4FF48071E20748BF41F02001E2
:10884000A3074FF0300348BF41F04001600748BF25
:1088500041F0800183F31188281DFFF753FF0023A7
:1088600083F31188E2050AD5302383F311884FF48E
:108870008061281DFFF746FF002383F311884FF026
:1088800030094FF0000A14F0200838D13B0616D505
:108890004FF0300905F1380A200610D589F3118808
:1088A000504600F07DF9002836DA0821281DFFF730
:1088B00029FF27F080033360002383F311887906B2
:1088C00014D5620612D5302383F31188D5E913231A
:1088D0009A4208D12B6C33B127F040071021281D94
:1088E000FFF710FF3760002383F31188E30618D5E4
:1088F000AA6E1369ABB15069BDE8F047184789F318
:108900001188736A284695F86410194000F008FC35
:108910008AF31188F469B6E7B06288F31188F469C4
:10892000BAE7BDE8F0870000090100F160430122C9
:1089300003F56143C9B283F8001300F01F039A40A6
:1089400043099B0003F1604303F56143C3F88021B1
:108950001A60704700F01F0301229A40430900F19A
:1089600060409B0000F5614003F1604303F5614303
:10897000C3F88020C3F88021002380F800337047BB
:10898000F8B51546826804460B46AA4200D28568AF
:10899000A1692669761AB5420BD218462A46F9F71C
:1089A000EFFFA3692B44A3612846A3685B1BA36068
:1089B000F8BD0CD9AF1B18463246F9F7E1FF3A462D
:1089C000E1683044F9F7DCFFE3683B44EBE7184625
:1089D0002A46F9F7D5FFE368E5E70000836893428C
:1089E000F7B50446154600D28568D4E90460361A06
:1089F000B5420BD22A46F9F7C3FF63692B44636182
:108A00002846A3685B1BA36003B0F0BD0DD93246B6
:108A1000AF1B0191F9F7B4FF01993A46E068314480
:108A2000F9F7AEFFE3683B44E9E72A46F9F7A8FF08
:108A3000E368E4E710B50A440024C361029B846044
:108A4000C16002610362C0E90000C0E9051110BD08
:108A500008B5D0E90532934201D1826882B98268B3
:108A6000013282605A1C426119700021D0E904323F
:108A70009A4224BFC368436101F0C6F9002008BDD3
:108A80004FF0FF30FBE7000070B5302304460E4680
:108A900083F31188A568A5B1A368A269013BA3600F
:108AA000531CA36115782269934224BFE368A36134
:108AB000E3690BB120469847002383F311882846C9
:108AC00007E03146204601F08FF90028E2DA85F30D
:108AD000118870BD2DE9F74F04460E46174698469B
:108AE000D0F81C904FF0300A8AF311884FF0000B39
:108AF000154665B12A4631462046FFF741FF034639
:108B000060B94146204601F06FF90028F1D00023FA
:108B100083F31188781B03B0BDE8F08FB9F1000F23
:108B200003D001902046C847019B8BF31188ED1AB2
:108B30001E448AF31188DCE7C160C361009B826038
:108B40000362C0E905111144C0E9000001617047EA
:108B5000F8B504460D461646302383F31188A768FE
:108B6000A7B1A368013BA36063695A1C62611D70D1
:108B7000D4E904329A4224BFE3686361E3690BB12C
:108B800020469847002080F3118807E031462046B0
:108B900001F02AF90028E2DA87F31188F8BD000015
:108BA000D0E9052310B59A4201D182687AB982686A
:108BB0000021013282605A1C82611C7803699A424A
:108BC00024BFC368836101F01FF9204610BD4FF038
:108BD000FF30FBE72DE9F74F04460E46174698464F
:108BE000D0F81C904FF0300A8AF311884FF0000B38
:108BF000154665B12A4631462046FFF7EFFE03468B
:108C000060B94146204601F0EFF80028F1D000237A
:108C100083F31188781B03B0BDE8F08FB9F1000F22
:108C200003D001902046C847019B8BF31188ED1AB1
:108C30001E448AF31188DCE70379052B05BF836A9C
:108C4000002001204B6004BF4FF400730B6070479D
:108C500070B55D1E866A04460D44B54205D9436B66
:108C600043F080034363012070BD06250571FFF7C3
:108C7000EDFC05232371F7E770B55D1E866A044697
:108C80000D44B54205D9436B43F080034363012093
:108C900070BD07250571FFF7FFFC05232371F7E77A
:108CA00038B505790446052D05D108230371FFF772
:108CB00019FD257138BD0120FCE700000323F0B544
:108CC000037185B00446FFF7B3FA0022204611462F
:108CD000FFF7F8FA4FF4D57203AB08212046FFF7EF
:108CE00013FB0246B8B901232363039BC3F3032399
:108CF000012B09D103AB37212046FFF705FB18B93B
:108D0000A44B039A1340ABB120460125FFF7C2FAEA
:108D10000223237137E103AB002237212046FFF7FE
:108D2000F3FA28B99B4A039B1A40002A00F0A78057
:108D300002232363236B03F00F03022B40F0A9806F
:108D40006425954E42F2107001F02AF803AB3246CA
:108D500001212046FFF7C2FA0028D5D1039B002B42
:108D600080F293805A0003D5236B43F010032363F2
:108D7000002204F1080302212046FFF723FB0246EC
:108D80000028C1D104F1380303212046FFF7BCFAC3
:108D90000028B9D104F11805A26B092120462B4601
:108DA000FFF710FB0028AFD102ABA26B07212046D2
:108DB000FFF7AAFA06460028A6D1236B03F00F039B
:108DC000022B40F08F807E227F21284603F0BAFAE2
:108DD000012840F28780E76B42F2107000F0E0FF5C
:108DE00008234FF40072394620460096FFF706FB31
:108DF000002889D1384603F0F3FA236BA06203F010
:108E00000F03022B72D103AB644A06212046FFF701
:108E10007BFA002871D15F49039B1940B1FA81F1B7
:108E200049092046FFF716FA02AB4FF400721021F1
:108E30002046FFF769FA054600287FF465AF554ED6
:108E4000029B33427FF460AF236B13F00E0F03F0ED
:108E50000F0273D0022A7FF457AFE36A1978012911
:108E600000F09480022900F09380002900F08980AE
:108E70004B4F2046FFF714FA03AB3A4676E0114613
:108E800020462263FFF71EFA54E7013D7FF45AAFF4
:108E90003AE7444D6426444A3E4F012B18BF15461D
:108EA00003AB002237212046FFF72EFA00287FF47B
:108EB0002BAF039B3B427FF427AF03AB2A4629210C
:108EC0002046FFF70BFA00287FF41EAF039B002B10
:108ED000FFF648AF013E3FF417AF42F2107000F0CA
:108EE0005FFFDDE7284603F04FFA86E77E227F2109
:108EF0002846E66B03F026FA08B9002191E7002323
:108F000040223146204600930623FFF777FA0028D7
:108F1000F3D1B3895BBA9B07EFD5244B402231468E
:108F2000204600930623FFF769FA0028E5D1317C3B
:108F300001F00F010F3918BF012172E7E36A1978B8
:108F4000F9B101297FF4E0AE2046FFF7A9F903ABA0
:108F5000A26B37212046FFF7D7F900287FF4D4AE63
:108F6000039B33427FF4D0AE03AB0222062120469E
:108F7000FFF7CAF900287FF4C7AE039B33427FF4A2
:108F8000C3AE05232371284605B0F0BD084F70E736
:108F9000084F6EE708E0FFFD0080FFC00001B90345
:108FA0000000B7030080FF5000001080F1FFFF8039
:108FB0000001B7030002B70337B504460C4D01ABFF
:108FC000A26B0D212046FFF79FF978B9019B2B4238
:108FD0000BD1C3F34323042B08D0053B022B04D849
:108FE0004FF47A7000F0DCFEE9E7012003B030BDF9
:108FF00008E0FFFD70B53023054683F3118803793F
:109000000024022B03D184F31188204670BD042371
:10901000037184F311880226FFF7CEFF0446284629
:10902000FFF738F92E71F0E7FFF79AB8044B0360A9
:109030000123037100234363C0E90A33704700BF73
:10904000ECCF000810B53023044683F31188C162C9
:10905000FFF7A0F802230020237180F3118810BDD0
:1090600010B53023044683F31188FFF7BDF80023C1
:109070000122E362227183F3118810BD0268436804
:109080001143016003B11847704700001430FFF727
:1090900021BD00004FF0FF331430FFF71BBD00006F
:1090A0003830FFF797BD00004FF0FF333830FFF73F
:1090B00091BD00001430FFF7E7BC00004FF0FF3116
:1090C0001430FFF7E1BC00003830FFF741BD00006D
:1090D0004FF0FF323830FFF73BBD0000012914BFCD
:1090E0006FF0130000207047FFF71CBB044B0360B8
:1090F00000234360C0E9023301230374704700BFBB
:1091000010D0000810B53023044683F31188FFF710
:1091100033FB02230020237480F3118810BD00006C
:1091200038B5C36904460D461BB904210844FFF74E
:10913000A5FF294604F11400FFF78AFC002806DA8F
:10914000201D4FF40061BDE83840FFF797BF38BDE0
:10915000026843681143016003B11847704700007B
:1091600013B5406B00F58054D4F8A4381A68117810
:10917000042914D1017C022911D119790123128902
:109180008B4013420BD101A94C3003F009F8D4F8FD
:10919000A4480246019B2179206800F0DFF902B063
:1091A00010BD0000143002F08BBF00004FF0FF3301
:1091B000143002F085BF00004C3003F05DB80000B1
:1091C0004FF0FF334C3003F057B80000143002F07A
:1091D00059BF00004FF0FF31143002F053BF0000C0
:1091E0004C3003F029B800004FF0FF324C3003F050
:1091F00023B800000020704710B500F58054D4F863
:10920000A4381A681178042917D1017C022914D1D5
:109210005979012352898B4013420ED1143002F048
:10922000EBFE024648B1D4F8A4484FF4407361798C
:109230002068BDE8104000F07FB910BD406BFFF71B
:10924000DBBF0000704700007FB5124B01250426EC
:10925000044603600023057400F18402436029463C
:10926000C0E902330C4B0290143001934FF4407369
:10927000009602F09DFE094B04F69442294604F143
:109280004C000294CDE900634FF4407302F064FF98
:1092900004B070BD38D000083D920008619100080C
:1092A0000A68302383F311880B790B3342F82300CB
:1092B0004B79133342F823008B7913B10B3342F807
:1092C000230000F58053C3F8A41802230374002080
:1092D00080F311887047000038B5037F044613B14E
:1092E00090F85430ABB90125201D0221FFF730FF63
:1092F00004F114006FF00101257700F091FD04F1F5
:109300004C0084F854506FF00101BDE8384000F083
:1093100087BD38BD10B5012104460430FFF718FFA2
:109320000023237784F8543010BD000038B504467C
:109330000025143002F054FE04F14C00257702F0B1
:1093400023FF201D84F854500121FFF701FF204620
:10935000BDE83840FFF750BF90F8803003F060035D
:10936000202B06D190F881200023212A03D81F2A20
:1093700006D800207047222AFBD1C0E91D3303E044
:10938000034A426707228267C3670120704700BF14
:109390004423002037B500F58055D5F8A4381A6865
:1093A000117804291AD1017C022917D119790123D6
:1093B00012898B40134211D100F14C04204602F077
:1093C000A3FF58B101A9204602F0EAFED5F8A4484F
:1093D0000246019B2179206800F0C0F803B030BD3F
:1093E00001F10B03F0B550F8236085B004460D463B
:1093F000FEB1302383F3118804EB8507301D08216B
:10940000FFF7A6FEFB6806F14C005B691B681BB109
:10941000019002F0D3FE019803A902F0C1FE0246BA
:1094200048B1039B2946204600F098F8002383F3B7
:10943000118805B0F0BDFB685A691268002AF5D0A2
:109440001B8A013B1340F1D104F18002EAE70000DE
:10945000133138B550F82140ECB1302383F3118833
:1094600004F58053D3F8A4281368527903EB8203E0
:10947000DB689B695D6845B104216018FFF768FEF1
:10948000294604F1140002F0C1FD2046FFF7B4FEA6
:10949000002383F3118838BD7047000001F0FEBD42
:1094A00001234022002110B5044600F8303BF9F7B3
:1094B0008DFA0023C4E9013310BD000010B530233C
:1094C000044683F311882422416000210C30F9F70F
:1094D0007DFA204601F004FE02230020237080F371
:1094E000118810BD70B500EB8103054650690E462A
:1094F0001446DA6018B110220021F9F767FAA06962
:1095000018B110220021F9F761FA31462846BDE86A
:10951000704001F0EBBE000083682022002103F0C0
:10952000011310B5044683601030F9F74FFA204656
:10953000BDE8104001F066BFF0B4012500EB8104E6
:1095400047898D40E4683D43A46945812360002339
:10955000A2606360F0BC01F083BF0000F0B401259D
:1095600000EB810407898D40E4683D43646905810F
:1095700023600023A2606360F0BC01F0F9BF00002B
:1095800070B5022300250446242203702946C0F842
:1095900088500C3040F8045CF9F718FA204684F83B
:1095A000705001F037FE63681B6823B129462046DE
:1095B000BDE87040184770BD0378052B10B5044610
:1095C0000AD080F88C300523037043681B680BB108
:1095D000042198470023A36010BD000001780529ED
:1095E00006D190F88C20436802701B6803B11847BD
:1095F0007047000070B590F87030044613B1002336
:1096000080F8703004F18002204601F01FFF63688B
:109610009B68B3B994F8803013F0600535D0002111
:10962000204602F011FA0021204602F001FA636898
:109630001B6813B1062120469847062384F8703032
:1096400070BD204698470028E4D0B4F88630A26F59
:109650009A4288BFA36794F98030A56F002B4FF022
:10966000300380F20381002D00F0F280092284F89B
:10967000702083F3118800212046D4E91D23FFF7D1
:109680006DFF002383F31188DAE794F8812003F05B
:109690007F0343EA022340F20232934200F0C58086
:1096A00021D8B3F5807F48D00DD8012B3FD0022BB5
:1096B00000F09380002BB2D104F18802626702228D
:1096C000A267E367C1E7B3F5817F00F09B80B3F544
:1096D000407FA4D194F88230012BA0D1B4F8883017
:1096E00043F0020332E0B3F5006F4DD017D8B3F565
:1096F000A06F31D0A3F5C063012B90D863682046DA
:1097000094F882205E6894F88310B4F88430B047EF
:10971000002884D0436863670368A3671AE0B3F541
:10972000106F36D040F6024293427FF478AF5C4B24
:1097300063670223A3670023C3E794F88230012BF9
:109740007FF46DAFB4F8883023F00203A4F88830BA
:10975000C4E91D55E56778E7B4F88030B3F5A06F2C
:109760000ED194F88230204684F88A3001F0B0FDA2
:1097700063681B6813B101212046984703232370B7
:109780000023C4E91D339CE704F18B0363670123C5
:10979000C3E72378042B10D1302383F311882046AC
:1097A000FFF7BAFE85F311880321636884F88B50B4
:1097B00021701B680BB12046984794F88230002B2B
:1097C000DED084F88B300423237063681B68002B81
:1097D000D6D0022120469847D2E794F8843020461C
:1097E0001D0603F00F010AD501F022FE012804D066
:1097F00002287FF414AF2B4B9AE72B4B98E701F02C
:1098000009FEF3E794F88230002B7FF408AF94F858
:10981000843013F00F01B3D01A06204602D502F0AF
:109820002BF9ADE702F01CF9AAE794F88230002B7F
:109830007FF4F5AE94F8843013F00F01A0D01B062E
:10984000204602D502F000F99AE702F0F1F897E716
:10985000142284F8702083F311882B462A46294667
:109860002046FFF769FE85F31188E9E65DB1152210
:1098700084F8702083F3118800212046D4E91D2349
:10988000FFF75AFEFDE60B2284F8702083F311885F
:109890002B462A4629462046FFF760FEE3E700BF35
:1098A00068D0000860D0000864D0000838B590F88F
:1098B00070300446002B3ED0063BDAB20F2A34D873
:1098C0000F2B32D8DFE803F0373131082232313143
:1098D0003131313131313737856FB0F886309D42C3
:1098E00014D2C3681B8AB5FBF3F203FB12556DB9A2
:1098F000302383F311882B462A462946FFF72EFE94
:1099000085F311880A2384F870300EE0142384F85C
:109910007030302383F31188002320461A461946FD
:10992000FFF70AFE002383F3118838BDC36F03B12C
:1099300098470023E7E70021204602F085F8002140
:10994000204602F075F863681B6813B106212046B3
:1099500098470623D7E7000010B590F8703004460A
:10996000142B29D017D8062B05D001D81BB110BD58
:10997000093B022BFBD80021204602F065F80021AC
:10998000204602F055F863681B6813B10621204693
:109990009847062319E0152BE9D10B2380F8703086
:1099A000302383F3118800231A461946FFF7D6FDAA
:1099B000002383F31188DAE7C3689B695B68002B97
:1099C000D5D1C36F03B19847002384F87030CEE738
:1099D0000023C0E9000083600361704770B51C4B31
:1099E00005468468DE685CB3B44213D10369013371
:1099F000036170BDA36094F8243083B1062B15D1A8
:109A0000A06A2146D4E9003213605A6000F0C2F81F
:109A1000A36A9C68B368A2689A42EBD306E0D4E9D3
:109A20000032204613605A6000F0C4F828463146E0
:109A300000F0B0F8B5620620BDE8704000F0BCB898
:109A40000369866001330361336BC3603063D0E721
:109A50008869002008B5302383F31188FFF7BEFF23
:109A6000002383F3118808BD0A4B8268DB6832B19A
:109A70009A420CD1036901330361012070470269E6
:109A80008360013202611A6BC2601863F5E700203F
:109A9000704700BF8869002008B5302383F3118820
:109AA000FFF7E2FF002383F3118808BD194BD96843
:109AB00083688B4210B520D1302383F3118802696B
:109AC000013A0261B2B90468C368A0420B631ED0B8
:109AD0004A6B9BB901238A60036103681A680260BC
:109AE00050601A6B8360C2601863184600F062F819
:109AF00000F0B2F8002383F3118810BD1C68A34264
:109B000003D0A468A24238BF2246DB68E1E7826046
:109B1000F0E700BF886900200023826880F82430C5
:109B200083691B6899689142FBD25A68036042605E
:109B300010605860704700000023826880F824306D
:109B400083691B6899689142FBD85A680360426038
:109B5000106058607047000008B50846302383F352
:109B6000118891F82430032B05D0042B0DD02BB98C
:109B700083F3118808BD8B6A00221A604FF0FF330F
:109B80008362FFF7C9FF0023F2E7D1E900321360D7
:109B90005A60F3E7034610B51B68984203D09C68EF
:109BA0008A689442F8D25A680B604A601160596022
:109BB00010BD0000FFF7B0BF064BD96881F8240044
:109BC0001868026853601A600122D86080F8242067
:109BD000F6F720BC886900200C4B30B5DD684B1CC3
:109BE00087B004460FD02B46094A684600F0ACF90E
:109BF0002046FFF7E1FF009B13B1684600F0AEF985
:109C0000A86A07B030BDFFF7D7FFF9E788690020E1
:109C1000599B0008044B1A68DB6890689B6898425F
:109C200094BF00200120704788690020094B10B5BF
:109C30001C68D868226853601A600122DC6084F8CE
:109C40002420FFF779FF01462046BDE81040F6F7D3
:109C5000E1BB00BF88690020044B1A68DB6892688A
:109C60009B689A4201D9FFF7E1BF704788690020DD
:109C700038B50123084C00252370656002F0DEFB37
:109C800002F004FC0549064802F0DAFC02232370C6
:109C900085F3118838BD00BF306C002070D00008FB
:109CA0008869002008B572B6044B586700F0AEFE14
:109CB00001F03EF8024B03221A70FEE7886900208B
:109CC000306C002000F080B9034A516853685B1A79
:109CD0009842FBD8704700BF001000E08B604B63D8
:109CE0000023CA6100F128020B6302230A618B84FE
:109CF0000123886181F8263001F11003C26A4A61AC
:109D00001360C36201F12C030846CB627047000068
:109D1000D0E90131026841F8183CA1F19C033839BF
:109D2000CB60036941F8243C436941F8203C034B74
:109D300041F8043CC3680248FFF7D0BF2D04000877
:109D40008869002008B5FFF7E3FFBDE80840FFF78A
:109D500031BF000038B50E4BDC6804F12C05A06261
:109D6000E06AA8420FD194F826303BB994F8253028
:109D70009B0702BFD4E9043213605A600F20BDE88C
:109D80003840FFF719BF0368E362FFF713FFE7E707
:109D900088690020302383F31188FFF7DBBF0000C0
:109DA00008B50146302383F311880820FFF714FF1C
:109DB000002383F3118808BD054BDB6821B10360E4
:109DC00098620320FFF708BF4FF0FF30704700BFD5
:109DD0008869002003682BB100220260184699624E
:109DE000FFF7E8BE70470000064BDB6839B14268F8
:109DF00018605A60136043600420FFF7EDBE4FF017
:109E0000FF307047886900200368984206D01A68BE
:109E10000260506018469962FFF7CCBE70470000A0
:109E200038B504460D462068844200D138BD036829
:109E300023605C608562FFF7BDFEF4E7036810B540
:109E40009C68A2420CD85C688A600B604C60216000
:109E5000596099688A1A9A604FF0FF33836010BD89
:109E6000121B1B68ECE700000A2938BF0A2170B5F5
:109E700004460D460A26601902F0DAFA02F0C2FA28
:109E8000041BA54203D8751C04462E46F3E70A2E90
:109E900004D90120BDE8704002F018BC70BD00007C
:109EA000F8B5144B0D460A2A4FF00A07D96103F1A1
:109EB0001001826038BF0A224160196914460160AE
:109EC00048601861A81802F0A3FA02F09BFA431B3D
:109ED0000646A34206D37C1C28192746354602F0C5
:109EE000A7FAF2E70A2F04D90120BDE8F84002F0F2
:109EF000EDBBF8BD88690020F8B506460D4602F0B6
:109F000081FA0F4A134653F8107F9F4206D12A4622
:109F100001463046BDE8F840FFF7C2BFD169BB68D3
:109F2000441A2C1928BF2C46A34202D92946FFF710
:109F30009BFF224631460348BDE8F840FFF77EBF4D
:109F40008869002098690020C0E90323002310B429
:109F50005DF8044B4361FFF7CFBF000010B5194C0B
:109F6000236998420DD08168D0E9003213605A60AD
:109F70009A680A449A60002303604FF0FF33A3619C
:109F800010BD0268234643F8102F53600022026080
:109F900022699A4203D1BDE8104002F043BA9368A7
:109FA00081680B44936002F02DFA2269E16992689E
:109FB000441AA242E4D91144BDE81040091AFFF73F
:109FC00053BF00BF886900202DE9F047DFF8BC804F
:109FD00008F110072C4ED8F8105002F013FAD8F8F8
:109FE0001C40AA68031B9A423ED814444FF0000953
:109FF000D5E90032C8F81C4013605A60C5F80090DB
:10A00000D8F81030B34201D102F00CFA89F311886C
:10A01000D5E9033128469847302383F311886B69CB
:10A02000002BD8D002F0EEF96A69A0EB0409824651
:10A030004A450DD2022002F049FB0022D8F8103028
:10A04000B34208D151462846BDE8F047FFF728BF84
:10A05000121A2244F2E712EB09092946384638BFA2
:10A060004A46FFF7EBFEB5E7D8F81030B34208D008
:10A070001444C8F81C00211AA960BDE8F047FFF796
:10A08000F3BEBDE8F08700BF986900208869002012
:10A0900038B502F0B7F9054AD2E90845031B18198B
:10A0A00045F10001C2E9080138BD00BF8869002000
:10A0B00010B560B9074804790368053C9B6818BF70
:10A0C0000124984708B144F00404204610BD01243F
:10A0D000FBE700BFC0620020FFF7EABF2DE9F047B1
:10A0E000884617469A460446B0B90D4E3579052D77
:10A0F00005D003240DE0013D15F0FF050ED03268B8
:10A10000534639463046D2F814904246C847002894
:10A11000F1D12046BDE8F0870424FAE70124F8E7EE
:10A12000C06200202DE9F047884617469A4604464B
:10A13000B0B90D4E3579052D05D003240DE0013D54
:10A1400015F0FF050ED03268534639463046D2F836
:10A1500018904246C8470028F1D12046BDE8F08754
:10A160000424FAE70124F8E7C062002037B50C4662
:10A17000154670B951B101290BD1074869460368EA
:10A180001B6A984710B9019B04462B60204603B018
:10A1900030BD0424FAE700BFC062002000207047F1
:10A1A000FEE70000704700004FF0FF3070470000EE
:10A1B0004B6843608B688360CB68C3600B69436105
:10A1C0004B6903628B6943620B6803607047000050
:10A1D00008B53C4B40F2FF713B48D3F888200A4356
:10A1E000C3F88820D3F8882022F4FF6222F0070207
:10A1F000C3F88820D3F88820D3F8E0200A43C3F8B6
:10A20000E020D3F808210A43C3F808212F4AD3F8E5
:10A2100008311146FFF7CCFF00F5806002F11C0108
:10A22000FFF7C6FF00F5806002F13801FFF7C0FFBD
:10A2300000F5806002F15401FFF7BAFF00F580607D
:10A2400002F17001FFF7B4FF00F5806002F18C01AC
:10A25000FFF7AEFF00F5806002F1A801FFF7A8FF4D
:10A2600000F5806002F1C401FFF7A2FF00F58060F5
:10A2700002F1E001FFF79CFF00F5806002F1FC01B4
:10A28000FFF796FF02F58C7100F58060FFF790FFF5
:10A2900001F08AFC0E4BD3F8902242F00102C3F881
:10A2A0009022D3F8942242F00102C3F894220522AE
:10A2B000C3F898204FF06052C3F89C20054AC3F8B9
:10A2C000A02008BD004402580000025884D00008B5
:10A2D00000ED00E01F00080308B501F055FEFFF790
:10A2E000C7FC104BD3F8DC2042F04002C3F8DC205E
:10A2F000D3F8042122F04002C3F80421D3F804313A
:10A30000094B1A6842F008021A601A6842F0040207
:10A310001A6000F0D1FD00F03DFBBDE8084000F000
:10A32000B5B800BF00440258001802480120704729
:10A33000002070477047000002290CD0032904D088
:10A340000129074818BF00207047032A05D805488F
:10A3500000EBC2007047044870470020704700BF00
:10A3600084D200085423002038D2000870B59AB077
:10A3700005460846144601A900F0C2F801A8F8F7FE
:10A380001DFB431C0022C6B25B001046C5E9003429
:10A3900023700323023404F8013C01ABD1B2023430
:10A3A0008E4201D81AB070BD13F8011B013204F8B7
:10A3B000010C04F8021CF1E708B5302383F311887F
:10A3C0000348FEF7E7FF002383F3118808BD00BFB1
:10A3D000386C002090F8803003F01F02012A07D16A
:10A3E00090F881200B2A03D10023C0E91D3315E02A
:10A3F00003F06003202B08D1B0F884302BB990F81B
:10A400008120212A03D81F2A04D8FEF7A5BF222ABB
:10A41000EBD0FAE7034A426707228267C36701204D
:10A42000704700BF4B23002007B5052917D8DFE888
:10A4300001F0191603191920302383F31188104AEB
:10A4400001210190FFF74EF8019802210D4AFFF714
:10A4500049F80D48FEF76AFF002383F3118803B023
:10A460005DF804FB302383F311880748FEF734FFBF
:10A47000F2E7302383F311880348FEF74BFFEBE745
:10A48000D8D10008FCD10008386C002038B50C4D3C
:10A490000C4C2A460C4904F10800FFF767FF05F150
:10A4A000CA0204F110000949FFF760FF05F5CA72FE
:10A4B00004F118000649BDE83840FFF757BF00BF58
:10A4C0001085002054230020B8D10008C2D1000814
:10A4D000CDD1000870B5044608460D46F8F76EFA6F
:10A4E000C6B22046013403780BB9184670BD324617
:10A4F0002946F8F74FFA0028F3D10120F6E70000CB
:10A500002DE9F84F05460C46F8F758FA2A49C6B225
:10A510002846FFF7DFFF08B10136F6B22749284683
:10A52000FFF7D8FF08B11036F6B2632E0DD8DFF86A
:10A530008890DFF888A0224FDFF88CB0DFF88C809D
:10A540002E7846B92670BDE8F88F29462046BDE82A
:10A55000F84F02F071B9252E2AD107224946284624
:10A56000F8F718FA50B9D8F800300735083444F82D
:10A57000083CD8F8043044F8043CE1E7082251468E
:10A580002846F8F707FA98B9A21C0E4B1978023240
:10A590000909C95D02F8041C13F8011B01F00F0141
:10A5A0005B45C95D02F8031CF0D118340835C7E7D4
:10A5B000013504F8016BC3E7A4D20008CDD100082F
:10A5C000ACD2000800E8F11F0CE8F11F7EC80008BB
:10A5D000BFF34F8F044B1A695107FCD1D3F81021F8
:10A5E0005207F8D1704700BF0020005208B50D4B4C
:10A5F0001B78ABB9FFF7ECFF0B4BDA68D10704D53A
:10A600000A4A5A6002F188325A60D3F80C21D20704
:10A6100006D5064AC3F8042102F18832C3F80421A2
:10A6200008BD00BF6E87002000200052230167454F
:10A6300008B5114B1B78F3B9104B1A69510703D5B4
:10A64000DA6842F04002DA60D3F81021520705D5EB
:10A65000D3F80C2142F04002C3F80C21FFF7B8FFF9
:10A66000064BDA6842F00102DA60D3F80C2142F0BE
:10A670000102C3F80C2108BD6E87002000200052A3
:10A680000F289ABF00F5806040040020704700004A
:10A690004FF4003070470000102070470F2808B5B5
:10A6A0000BD8FFF7EDFF00F500330268013204D14B
:10A6B00004308342F9D1012008BD0020FCE70000EE
:10A6C0000F2838B505463FD8FFF782FF1F4CFFF72C
:10A6D0008DFF4FF0FF3307286361C4F814311DD894
:10A6E0002361FFF775FF030243F02403E360E3688F
:10A6F00043F08003E36023695A07FCD42846FFF740
:10A7000067FFFFF7BDFF4FF4003100F0EDFA284678
:10A71000FFF78EFFBDE83840FFF7C0BFC4F8103127
:10A72000FFF756FFA0F108031B0243F02403C4F80F
:10A730000C31D4F80C3143F08003C4F80C31D4F858
:10A7400010315B07FBD4D9E7002038BD0020005250
:10A750002DE9F84F04460D46104644EA0203DE0692
:10A7600002D00020BDE8F88F20F01F00DFF8D4B041
:10A77000DFF8D4A0FFF73AFF05EB0008454503D109
:10A780000120FFF755FFEDE720222946204601F082
:10A79000F9FF10B920342035F0E7234604F12002F8
:10A7A0001F68791CDDD104339342F9D104F1784359
:10A7B0002048214EB3F5801F204B38BF184603F1C7
:10A7C000F80332BFD946D1461E46FFF701FF0760A6
:10A7D000A4EB050C336805F11C0143F00203336060
:10A7E0002B1FD9F8007017F00507FAD153F8042F82
:10A7F0008B424CF80320F4D1BFF34F8FFFF7E8FEF4
:10A800004FF0FF330360336823F002033360BFF37C
:10A810004F8F0B4BC3F85C42BFF34F8FBFF36F8F6B
:10A8200020222946204601F0ADFF0028B2D038464C
:10A83000A7E700BF142100520C2000521420005240
:10A8400000ED00E0102000521021005210B5084C1D
:10A85000237828B11BB9FFF7C9FE0123237010BD6F
:10A86000002BFCD02070BDE81040FFF7E1BE00BF18
:10A870006E8700202DE9F04F0D4685B0814658B116
:10A8800011F00D0614BF2022082211F008030193D5
:10A8900004D0431E034269D0002435E0002E37D097
:10A8A00009F11F0121F01F094FF00108314F05F098
:10A8B0000403DFF8CCA005EA080BBBF1000F32D08F
:10A8C0007869C0072FD408F101080C37B8F1060FDA
:10A8D000F3D19EB9284D4946A819019201F0F8FD1F
:10A8E0000446002839D12036019AA02EF3D14946DA
:10A8F00001F0EEFD044600282FD1019A49461F4879
:10A9000001F0E6FD044660BB204605B0BDE8F08FCF
:10A910000029C9D101462846029201F0D9FD04461A
:10A92000D8B9029AC0E713B178694107CBD5AC0713
:10A9300002D578698007C6D5019911B178690107F8
:10A94000C1D549460AEB4810CDE9022301F0C0FD0C
:10A950000446DDE902230028B5D04A4600212046FE
:10A9600001E04A460021F8F731F8CDE70246002E13
:10A9700096D199E7C0D20008B087002070870020E8
:10A98000908700200021FFF775BF00000121FFF72D
:10A9900071BF000000231A4670B51A600433B3F586
:10A9A000806FFAD1104D0124104E06EB4410013493
:10A9B0002A6955F80C1F01F077FD062CF5D13725D3
:10A9C0004FF4C0542046FFF7E1FF014628B122466C
:10A9D0000748BDE8704001F067BDC4EBC404013D09
:10A9E0004FEAD404EED170BDC0D200089087002099
:10A9F000708700200421FFF73DBF00004843FFF7A8
:10AA0000C1BF000008B101F0D5BD704738B5054D94
:10AA100000240334696855F80C0B00F077F9122C08
:10AA2000F7D138BDC0D20008B0F5805F10B504463C
:10AA300007D8FFF7DFFF28B92046BDE81040FFF731
:10AA4000A1BF002010BD0000FFF7DCBF70B5AAB1A8
:10AA500040EA010313F01F030FD1094C0144A5681C
:10AA60006D0706D52568A84203D366683544A94218
:10AA700004D903330C34122BF1D10022104670BDDF
:10AA8000C0D2000838B5EFF311859DB9EFF3058406
:10AA9000C4F30804302334B183F31188FFF7F8FAC4
:10AAA00085F3118838BD83F31188FFF7F1FA84F339
:10AAB000118838BDBDE83840FFF7EABA10B5FFF796
:10AAC000E1FF104CC008104A002340EA4170C90859
:10AAD000A0FB04ECA0FB020E1CEB0000A1FB044C4D
:10AAE000A1FB02125B41001943EB0C0011EB0E01BC
:10AAF00042F10002411842F10000090941EA0070E8
:10AB000010BD00BFCFF753E3A59BC42008B5FFF7E6
:10AB1000B9FF034AD2E90032C01842EB010108BD77
:10AB200050880020434BD3E900232DE9F341134320
:10AB30007CD0FFF7EBFF404A00230027F5F784FCA9
:10AB400006460D463D4A0023F5F77EFC00231446D9
:10AB500030462946394AF5F777FC4FF461613C23CA
:10AB6000ADF80170B4FBF1F5B4FBF3F601FB154150
:10AB700003FB16464624B1FBF3F1314BF6B28DF8D8
:10AB8000004098423CD84FF0640C4FF4C87EA307B5
:10AB900004F26C7225D1B2FBFCF30CFB132313BB44
:10ABA000B2FBFEF30EFB1322B2FA82F35B0903F24F
:10ABB0006D18621C8045D2B217D90FB18DF80040D4
:10ABC0000022204C4FF00C0C17460CFB0343D4B270
:10ABD000013213F804C084450CD8A0EB0C00012707
:10ABE000F5E70023E3E70123E1E7A0EB08001446C3
:10ABF0000127CCE70FB18DF80140431C8DF80230DE
:10AC00009DF80100431C9DF800005038400640EAC2
:10AC100043509DF8023040EA034040EA560040EAC3
:10AC2000C52040EA411002B0BDE8F0814FF40410A5
:10AC3000F9E700BF5088002040420F00805101001A
:10AC400090230B0008D300080244074BD2B210B582
:10AC5000904200D110BD441C00B253F8200041F8CE
:10AC6000040BE0B2F4E700BF504000580E4B30B583
:10AC70001C6F240405D41C6F1C671C6F44F4004433
:10AC80001C670A4C02442368D2B243F480732360E9
:10AC9000074B904200D130BD441C51F8045B00B218
:10ACA00043F82050E0B2F4E700440258004802584C
:10ACB0005040005807B5012201A90020FFF7C4FF4A
:10ACC000019803B05DF804FB13B50446FFF7F2FFEB
:10ACD000A04205D0012201A900200194FFF7C6FF80
:10ACE00002B010BD704700000144BFF34F8F064B08
:10ACF000884204D3BFF34F8FBFF36F8F7047C3F801
:10AD00005C022030F4E700BF00ED00E00144BFF337
:10AD10004F8F064B884204D3BFF34F8FBFF36F8F23
:10AD20007047C3F870022030F4E700BF00ED00E088
:10AD30007047000070B5054616460C4601201021EC
:10AD4000FFF75CFE286046733CB1204636B1FFF742
:10AD500051FE2B68186000B19C6070BDFFF716FEB5
:10AD6000F7E70000F8B50F461546044648B905F167
:10AD70001F010126386821F01F01FFF7B5FF30469B
:10AD8000F8BD427B29463868FFF760FE064600287A
:10AD9000EDD13B686360A368AB4210D213B1206869
:10ADA000FFF730FE637B28462BB1FFF723FE2060C0
:10ADB00020B9A060E3E7FFF7E9FDF8E7A5602068A8
:10ADC00005F11F01012621F01F013860FFF78CFFFC
:10ADD0002673D4E710B5044640B10068884205D117
:10ADE000606808B1F7F7CCFD0023237310BD0000A5
:10ADF000F8B50F461446054648B904F11F0101266F
:10AE0000386821F01F01FFF781FF3046F8BD427B13
:10AE100021463868FFF71AFE06460028EDD1AB68D8
:10AE2000A34210D213B12868FFF7ECFD6B7B2046DC
:10AE30002BB1FFF7DFFD286020B9A860E5E7FFF739
:10AE4000A5FDF8E7AC60396819B122462868F7F724
:10AE500097FD286804F11F01012621F01F013860C9
:10AE6000FFF754FF2E73D0E720B103688B4204BF75
:10AE70000023037370470000074B45F255521A60D8
:10AE800003225A6040F2FF729A604CF6CC421A607C
:10AE90000122024B1A707047004800585C8800205D
:10AEA000034B1B781BB1034B4AF6AA221A6070476A
:10AEB0005C88002000480058034B1A681AB9034AFE
:10AEC000D2F8D0241A6070475888002000400258F9
:10AED000024B4FF48032C3F8D02470470040025830
:10AEE00008B5FFF7E9FF024B1868C0F3806008BDA2
:10AEF0005888002070B5BFF34F8FBFF36F8F1A4A89
:10AF00000021C2F85012BFF34F8FBFF36F8F536908
:10AF100043F400335361BFF34F8FBFF36F8FC2F819
:10AF20008410BFF34F8FD2F8803043F6E074C3F340
:10AF3000C900C3F34E335B0103EA0406014646EA47
:10AF400081750139C2F86052F9D2203B13F1200F0C
:10AF5000F2D1BFF34F8F536943F480335361BFF392
:10AF60004F8FBFF36F8F70BD00ED00E0FEE7000074
:10AF7000214B2248224A70B5904237D3214BC11E43
:10AF8000DA1C121A22F003028B4238BF0022002181
:10AF9000F7F71CFD1C4A0023C2F88430BFF34F8F23
:10AFA000D2F8803043F6E074C3F3C900C3F34E33E4
:10AFB0005B0103EA0406014646EA81750139C2F8DD
:10AFC0006C52F9D2203B13F1200FF2D1BFF34F8F17
:10AFD000BFF36F8FBFF34F8FBFF36F8F0023C2F8A4
:10AFE0005032BFF34F8FBFF36F8F70BD53F8041B08
:10AFF00040F8041BC0E700BF0CD40008D88900202B
:10B00000D8890020D889002000ED00E0074BD3F854
:10B01000D81021EA0001C3F8D810D3F8002122EAA1
:10B020000002C3F80021D3F80031704700440258F1
:10B0300070B5D0E9244300224FF0FF359E6804EB41
:10B0400042135101D3F80009002805DAD3F80009AA
:10B0500040F08040C3F80009D3F8000B002805DA5F
:10B06000D3F8000B40F08040C3F8000B01326318A6
:10B070009642C3F80859C3F8085BE0D24FF00113B9
:10B08000C4F81C3870BD0000890141F02001016145
:10B0900003699B06FCD41220FEF716BE10B50A4CBD
:10B0A0002046FEF7FDF9094BC4F89030084BC4F870
:10B0B0009430084C2046FEF7F3F9074BC4F8903063
:10B0C000064BC4F8943010BD608800200000084092
:10B0D00044D30008FC8800200000044050D300083E
:10B0E00070B503780546012B5CD1434BD0F89040F6
:10B0F000984258D1414B0E216520D3F8D82042F018
:10B100000062C3F8D820D3F8002142F00062C3F8EF
:10B110000021D3F80021D3F8802042F00062C3F868
:10B120008020D3F8802022F00062C3F88020D3F87A
:10B130008030FDF7F9FB324BE360324BC4F8003846
:10B140000023D5F89060C4F8003EC02323604FF47C
:10B150000413A3633369002BFCDA01230C20336151
:10B16000FEF7B2FD3369DB07FCD41220FEF7ACFD1D
:10B170003369002BFCDA00262846A660FFF758FF4B
:10B180006B68C4F81068DB68C4F81468C4F81C68FD
:10B1900083BB1D4BA3614FF0FF336361A36843F092
:10B1A0000103A36070BD194B9842C9D1134B4FF0F6
:10B1B0008060D3F8D82042F00072C3F8D820D3F8CA
:10B1C000002142F00072C3F80021D3F80021D3F827
:10B1D000802042F00072C3F88020D3F8802022F053
:10B1E0000072C3F88020D3F88030FFF70FFF0E21E4
:10B1F0004D209EE7064BCDE76088002000440258B2
:10B200004014004003002002003C30C0FC880020B5
:10B21000083C30C0F8B5D0F89040054600214FF00A
:10B2200000662046FFF730FFD5F8941000234FF05A
:10B2300001128F684FF0FF30C4F83438C4F81C286E
:10B2400004EB431201339F42C2F80069C2F8006B5D
:10B25000C2F80809C2F8080BF2D20B68D5F89020A2
:10B26000C5F89830636210231361166916F0100652
:10B27000FBD11220FEF728FDD4F8003823F4FE633A
:10B28000C4F80038A36943F4402343F01003A361DA
:10B290000923C4F81038C4F814380B4BEB604FF096
:10B2A000C043C4F8103B094BC4F8003BC4F8106914
:10B2B000C4F80039D5F8983003F1100243F4801334
:10B2C000C5F89820A362F8BD20D300084080001084
:10B2D000D0F8902090F88A10D2F8003823F4FE635A
:10B2E00043EA0113C2F80038704700002DE9F84323
:10B2F00000EB8103D0F890500C468046DA680FFAD4
:10B3000081F94801166806F00306731E022B05EB4F
:10B3100041134FF0000194BFB604384EC3F8101B20
:10B320004FF0010104F1100398BF06F1805601FAB5
:10B3300003F3916998BF06F5004600293AD0578A71
:10B3400004F15801374349016F50D5F81C180B43DD
:10B350000021C5F81C382B180127C3F81019A74085
:10B360005369611E9BB3138A928B9B08012A88BF85
:10B370005343D8F89820981842EA034301F1400259
:10B380002146C8F89800284605EB82025360FFF773
:10B390007BFE08EB8900C3681B8A43EA8453483468
:10B3A0001E4364012E51D5F81C381F43C5F81C7884
:10B3B000BDE8F88305EB4917D7F8001B21F40041DD
:10B3C000C7F8001BD5F81C1821EA0303C0E704F1F5
:10B3D0003F030B4A2846214605EB83035A60FFF7DB
:10B3E00053FE05EB4910D0F8003923F40043C0F8B0
:10B3F0000039D5F81C3823EA0707D7E7008000108A
:10B4000000040002D0F894201268C0F89820FFF7DA
:10B410000FBE00005831D0F8903049015B5813F44A
:10B42000004004D013F4001F0CBF0220012070471D
:10B430004831D0F8903049015B5813F4004004D0F3
:10B4400013F4001F0CBF02200120704700EB8101A4
:10B45000CB68196A0B6813604B6853607047000033
:10B4600000EB810330B5DD68AA691368D36019B9B0
:10B47000402B84BF402313606B8A1468D0F890205F
:10B480001C4402EB4110013C09B2B4FBF3F46343EA
:10B49000033323F0030343EAC44343F0C043C0F83B
:10B4A000103B2B6803F00303012B0ED1D2F80838B0
:10B4B00002EB411013F4807FD0F8003B14BF43F03F
:10B4C000805343F00053C0F8003B02EB4112D2F826
:10B4D000003B43F00443C2F8003B30BD2DE9F0418E
:10B4E000D0F8906005460C4606EB4113D3F8087B74
:10B4F0003A07C3F8087B08D5D6F814381B0704D5DB
:10B5000000EB8103DB685B689847FA071FD5D6F824
:10B510001438DB071BD505EB8403D968CCB98B69DC
:10B52000488A5A68B2FBF0F600FB16228AB91868FE
:10B53000DA6890420DD2121AC3E90024302383F353
:10B54000118821462846FFF78BFF84F31188BDE858
:10B55000F081012303FA04F26B8923EA02036B8171
:10B56000CB68002BF3D021462846BDE8F0411847B0
:10B5700000EB81034A0170B5DD68D0F890306C694A
:10B580002668E66056BB1A444FF40020C2F8100942
:10B590002A6802F00302012A0AB20ED1D3F8080881
:10B5A00003EB421410F4807FD4F8000914BF40F07C
:10B5B000805040F00050C4F8000903EB4212D2F86A
:10B5C000000940F00440C2F800090122D3F8340811
:10B5D00002FA01F10143C3F8341870BD19B9402EC5
:10B5E00084BF4020206020681A442E8A8419013CC0
:10B5F000B4FBF6F440EAC44040F00050C6E7000057
:10B600002DE9F843D0F8906005460C464F0106EB53
:10B610004113D3F8088918F0010FC3F808891CD02A
:10B62000D6F81038DB0718D500EB8103D3F80CC02F
:10B63000DCF81430D3F800E0DA68964530D2A2EB9B
:10B640000E024FF000091A60C3F80490302383F310
:10B650001188FFF78DFF89F3118818F0800F1DD036
:10B66000D6F834380126A640334217D005EB8403C0
:10B670000134D5F89050D3F80CC0E4B22F44DCF874
:10B68000142005EB0434D2F800E05168714514D35E
:10B69000D5F8343823EA0606C5F83468BDE8F883DF
:10B6A000012303FA01F2038923EA02030381DCF890
:10B6B0000830002BD1D09847CFE7AEEB0103BCF8A0
:10B6C0001000834228BF0346D7F8180980B2B3EBB5
:10B6D000800FE3D89068A0F1040959F8048FC4F8EA
:10B6E0000080A0EB09089844B8F1040FF5D818447D
:10B6F0000B4490605360C8E72DE9F84FD0F89050A4
:10B7000004466E69AB691E4016F480586E6103D022
:10B71000BDE8F84FFDF734BF002E12DAD5F8003E31
:10B720009B0705D0D5F8003E23F00303C5F8003E83
:10B73000D5F80438204623F00103C5F80438FDF796
:10B740004DFF370505D52046FFF772FC2046FDF773
:10B7500033FFB0040CD5D5F8083813F0060FEB68AA
:10B7600023F470530CBF43F4105343F4A053EB6025
:10B7700031071BD56368DB681BB9AB6923F008038D
:10B78000AB612378052B0CD1D5F8003E9A0705D084
:10B79000D5F8003E23F00303C5F8003E2046FDF730
:10B7A0001DFF6368DB680BB120469847F30200F188
:10B7B000BA80B70226D5D4F8909000274FF0010A3E
:10B7C00009EB4712D2F8003B03F44023B3F5802F76
:10B7D00011D1D2F8003B002B0DDA62890AFA07F387
:10B7E00022EA0303638104EB8703DB68DB6813B1A0
:10B7F0003946204698470137D4F89430FFB29B6809
:10B800009F42DDD9F00619D5D4F89000026AC2F340
:10B810000A1702F00F0302F4F012B2F5802F00F0C5
:10B82000CA80B2F5402F09D104EB8303002200F552
:10B830008050DB681B6A974240F0B0803003D5F837
:10B84000185835D5E90303D500212046FFF746FEF9
:10B85000AA0303D501212046FFF740FE6B0303D561
:10B8600002212046FFF73AFE2F0303D5032120468D
:10B87000FFF734FEE80203D504212046FFF72EFE31
:10B88000A90203D505212046FFF728FE6A0203D549
:10B8900006212046FFF722FE2B0203D50721204672
:10B8A000FFF71CFEEF0103D508212046FFF716FE27
:10B8B000700340F1A780E90703D500212046FFF778
:10B8C0009FFEAA0703D501212046FFF799FE6B07CB
:10B8D00003D502212046FFF793FE2F0703D503214E
:10B8E0002046FFF78DFEEE0603D504212046FFF724
:10B8F00087FEA80603D505212046FFF781FE6906CD
:10B9000003D506212046FFF77BFE2A0603D5072133
:10B910002046FFF775FEEB0574D520460821BDE8EB
:10B92000F84FFFF76DBED4F890904FF0000B4FF03A
:10B93000010AD4F894305FFA8BF79B689F423FF678
:10B9400038AF09EB4713D3F8002902F44022B2F5CF
:10B95000802F20D1D3F80029002A1CDAD3F800293F
:10B9600042F09042C3F80029D3F80029002AFBDBFB
:10B970003946D4F89000FFF787FB22890AFA07F3CB
:10B9800022EA0303238104EB8703DB689B6813B17E
:10B990003946204698470BF1010BCAE7910701D1C0
:10B9A000D0F80080072A02F101029CBF03F8018B46
:10B9B0004FEA18283FE704EB830300F58050DA686C
:10B9C000D2F818C0DCF80820DCE9001CA1EB0C0C54
:10B9D00000218F4208D1DB689B699A683A449A60DB
:10B9E0005A683A445A6029E711F0030F01D1D0F8A0
:10B9F00000808C4501F1010184BF02F8018B4FEA00
:10BA00001828E6E7BDE8F88F08B50348FFF774FE8D
:10BA1000BDE80840FCF7A0B86088002008B50348DE
:10BA2000FFF76AFEBDE80840FCF796B8FC880020E6
:10BA3000D0F8903003EB4111D1F8003B43F40013F0
:10BA4000C1F8003B70470000D0F8903003EB411183
:10BA5000D1F8003943F40013C1F8003970470000F1
:10BA6000D0F8903003EB4111D1F8003B23F40013E0
:10BA7000C1F8003B70470000D0F8903003EB411153
:10BA8000D1F8003923F40013C1F8003970470000E1
:10BA9000064BD3F8DC200243C3F8DC20D3F80421A2
:10BAA0001043C3F80401D3F804317047004402582E
:10BAB00008B53C4B4FF0FF31D3F8802062F00042D4
:10BAC000C3F88020D3F8802002F00042C3F8802021
:10BAD000D3F88020D3F88420C3F88410D3F88420CE
:10BAE0000022C3F88420D3F88400D86F40F0FF40D0
:10BAF00040F4FF0040F4DF4040F07F00D867D86F8B
:10BB000020F0FF4020F4FF0020F4DF4020F07F0011
:10BB1000D867D86FD3F888006FEA40506FEA50506A
:10BB2000C3F88800D3F88800C0F30A00C3F888007F
:10BB3000D3F88800D3F89000C3F89010D3F89000A1
:10BB4000C3F89020D3F89000D3F89400C3F8941071
:10BB5000D3F89400C3F89420D3F89400D3F8980055
:10BB6000C3F89810D3F89800C3F89820D3F8980039
:10BB7000D3F88C00C3F88C10D3F88C00C3F88C2059
:10BB8000D3F88C00D3F89C00C3F89C10D3F89C1019
:10BB9000C3F89C20D3F89C30FCF760F9BDE808405E
:10BBA00000F0C2B90044025808B50122534BC3F853
:10BBB0000821534BD3F8F42042F00202C3F8F420DA
:10BBC000D3F81C2142F00202C3F81C210222D3F850
:10BBD0001C314C4BDA605A689104FCD54A4A1A6011
:10BBE00001229A60494ADA6000221A614FF4404209
:10BBF0009A61444B9A699204FCD51A6842F48072A7
:10BC00001A603F4B1A6F12F4407F04D04FF4803219
:10BC10001A6700221A671A6842F001021A60384B4C
:10BC20001A685007FCD500221A611A6912F038020E
:10BC3000FBD1012119604FF0804159605A67344AA5
:10BC4000DA62344A1A611A6842F480321A602C4B64
:10BC50001A689103FCD51A6842F480521A601A6877
:10BC60009204FCD52C4A2D499A6200225A6319632A
:10BC700001F57C01DA6301F2E71199635A64284AFD
:10BC80001A64284ADA621A6842F0A8521A601C4BF9
:10BC90001A6802F02852B2F1285FF9D148229A615D
:10BCA0004FF48862DA6140221A621F4ADA641F4A3E
:10BCB0001A651F4A5A651F4A9A6532231E4A136045
:10BCC000136803F00F03022BFAD10D4A136943F0F6
:10BCD00003031361136903F03803182BFAD14FF0F3
:10BCE0000050FFF7D5FE4FF08040FFF7D1FE4FF038
:10BCF0000040BDE80840FFF7CBBE00BF0080005108
:10BD0000004402580048025800C000F00200000140
:10BD10000000FF0100889008121020006302090152
:10BD2000470E0508DD0BBF012000002000000110B8
:10BD30000910E00000010110002000524FF0B04255
:10BD400008B5D2F8883003F00103C2F8883023B177
:10BD5000044A13680BB150689847BDE80840FBF7E8
:10BD6000FBBE00BF406200204FF0B04208B5D2F8E1
:10BD7000883003F00203C2F8883023B1044A936884
:10BD80000BB1D0689847BDE80840FBF7E5BE00BF9F
:10BD9000406200204FF0B04208B5D2F8883003F07E
:10BDA0000403C2F8883023B1044A13690BB1506907
:10BDB0009847BDE80840FBF7CFBE00BF40620020B7
:10BDC0004FF0B04208B5D2F8883003F00803C2F84B
:10BDD000883023B1044A93690BB1D0699847BDE814
:10BDE0000840FBF7B9BE00BF406200204FF0B042F0
:10BDF00008B5D2F8883003F01003C2F8883023B1B8
:10BE0000044A136A0BB1506A9847BDE80840FBF733
:10BE1000A3BE00BF406200204FF0B04310B5D3F87E
:10BE2000884004F47872C3F88820A30604D5124A27
:10BE3000936A0BB1D06A9847600604D50E4A136B1B
:10BE40000BB1506B9847210604D50B4A936B0BB18D
:10BE5000D06B9847E20504D5074A136C0BB1506CC0
:10BE60009847A30504D5044A936C0BB1D06C98474E
:10BE7000BDE81040FBF770BE406200204FF0B043B9
:10BE800010B5D3F8884004F47C42C3F888206205DA
:10BE900004D5164A136D0BB1506D9847230504D590
:10BEA000124A936D0BB1D06D9847E00404D50F4A48
:10BEB000136E0BB1506E9847A10404D50B4A936ED4
:10BEC0000BB1D06E9847620404D5084A136F0BB1CA
:10BED000506F9847230404D5044A936F0BB1D06F79
:10BEE0009847BDE81040FBF737BE00BF4062002016
:10BEF00008B50348FCF7F8FBBDE80840FBF72CBE8B
:10BF0000C062002008B50348FCF788FCBDE8084083
:10BF1000FBF722BE1865002008B500F009FCBDE85B
:10BF20000840FBF719BE0000062108B50846FCF7DB
:10BF3000FBFC06210720FCF7F7FC06210820FCF794
:10BF4000F3FC06210920FCF7EFFC06210A20FCF790
:10BF5000EBFC06211720FCF7E7FC06212820FCF764
:10BF6000E3FC09217A20FCF7DFFC09213120FCF7F2
:10BF7000DBFC07213220FCF7D7FC0C215220BDE866
:10BF80000840FCF7D1BC000008B5FFF791FDFCF7B5
:10BF900041F8FDF7A9F8FDF747F8FDF77FFAFDF73F
:10BFA00051F9FEF7C7F9BDE8084000F029BA0000D2
:10BFB00030B50433039C0172002104FB0325C160EA
:10BFC000C0E90653049B0363059BC0E90000C0E978
:10BFD0000422C0E90842C0E90A11436330BD0000F1
:10BFE0000022416AC260C0E90411C0E90A226FF070
:10BFF0000101FDF715BF0000D0E90432934201D1E1
:10C00000C2680AB9181D704700207047036919609B
:10C010000021C2680132C260C2691344826993423E
:10C02000036124BF436A0361FDF7EEBE38B50446E1
:10C030000D46E3683BB162690020131D1268A362DC
:10C040001344E36207E0237A33B929462046FDF71B
:10C05000CBFE0028EDDA38BD6FF00100FBE70000F1
:10C06000C368C269013BC360436913448269934258
:10C07000436124BF436A436100238362036B03B1BE
:10C080001847704770B53023044683F31188866AD9
:10C090003EB9FFF7CBFF054618B186F31188284655
:10C0A00070BDA36AE26A13F8015B9342A36202D3F4
:10C0B0002046FFF7D5FF002383F31188EFE7000048
:10C0C0002DE9F84F04460E46174698464FF03009C2
:10C0D00089F311880025AA46D4F828B0BBF1000FD7
:10C0E00009D141462046FFF7A1FF20B18BF311880B
:10C0F0002846BDE8F88FD4E90A12A7EB050B521ABF
:10C10000934528BF9346BBF1400F1BD9334601F13D
:10C11000400251F8040B914243F8040BF9D1A36A91
:10C12000403640354033A362D4E90A239A4202D311
:10C130002046FFF795FF8AF31188BD42D8D289F3D4
:10C140001188C9E730465A46F6F71AFCA36A5E44DE
:10C150005D445B44A362E7E710B5029C04330172BF
:10C1600003FB0421C460C0E906130023C0E90A33BD
:10C17000039B0363049BC0E90000C0E90422C0E9FB
:10C180000842436310BD0000026A6FF00101C26003
:10C19000426AC0E904220022C0E90A22FDF740BE3B
:10C1A000D0E904239A4201D1C26822B9184650F856
:10C1B000043B0B60704700231846FAE7C368002170
:10C1C000C2690133C3604369134482699342436186
:10C1D00024BF436A4361FDF717BE000038B504462B
:10C1E0000D46E3683BB1236900201A1DA262E26993
:10C1F0001344E36207E0237A33B929462046FDF76A
:10C20000F3FD0028EDDA38BD6FF00100FBE7000018
:10C2100003691960C268013AC260C2691344826945
:10C220009342036124BF436A036100238362036B6B
:10C2300003B118477047000070B530230D4604461F
:10C24000114683F31188866A2EB9FFF7C7FF10B134
:10C2500086F3118870BDA36A1D70A36AE26A013378
:10C260009342A36204D3E16920460439FFF7D0FF6B
:10C27000002080F31188EDE72DE9F84F04460D46C4
:10C28000904699464FF0300A8AF311880026B3464B
:10C29000A76A4FB949462046FFF7A0FF20B187F3B0
:10C2A00011883046BDE8F88FD4E90A073A1AA8EB9E
:10C2B0000607974228BF1746402F1BD905F14003B8
:10C2C00055F8042B9D4240F8042BF9D1A36A40365F
:10C2D0004033A362D4E90A239A4204D3E169204699
:10C2E0000439FFF795FF8BF311884645D9D28AF3BD
:10C2F0001188CDE729463A46F6F742FBA36A3D444A
:10C300003E443B44A362E5E7D0E904239A4217D1B7
:10C31000C3689BB1836A8BB1043B9B1A0ED0136038
:10C32000C368013BC360C3691A4483699A420261CE
:10C3300024BF436A036100238362012318467047C8
:10C340000023FBE701F01F03F0B502F01F045609BC
:10C350005A1C0123B6EB511F50F8265003FA02F382
:10C360004FEA511703F1FF333DBF50F82720C4F1C6
:10C370002000134003EA05003BBF03FA00F225FA50
:10C3800004F0E0401043F0BD70B57E227F210546E9
:10C39000FFF7D8FF18B1012819D0002070BD3E2248
:10C3A00049212846FFF7CEFF2F2204463121284697
:10C3B000FFF7C8FF064601345022023653212846B3
:10C3C000B440FFF7BFFF093804FA00F0E6E7302277
:10C3D00045212846FFF7B6FF01308002DEE7000066
:10C3E00090F8D63090F8D7201B0403EB026390F846
:10C3F000D42090F8D500134403EB002070470000D0
:10C4000000F06CB9014B586A704700BF000C004047
:10C41000034B002258631A610222DA60704700BFA2
:10C42000000C0040014B0022DA607047000C004015
:10C43000014B5863704700BF000C0040024B034A99
:10C440001A60034A5A607047B0890020D8890020DA
:10C4500000000220074B494210B55C68201A0840D2
:10C460001968821A8A4203D3A24201D85A6010BDC9
:10C470000020FCE7B089002008B5302383F3118841
:10C48000FFF7E8FF002383F3118808BD0448054B3C
:10C4900003600023C0E901330C30FDF799BA00BFF7
:10C4A000B889002079C40008CB1D083A23F007039F
:10C4B000591A521A10B4D2080024C0E9004384600B
:10C4C0000C301C605A605DF8044BFDF781BA000027
:10C4D0002DE9F74F364FCD1D8846002818BF074677
:10C4E000082A4FEAD50538BF082207F10C003C1D89
:10C4F00091460190FDF7AEFA019809F10701C9F1E3
:10C50000000E2246246864B9FDF7D0FA3B68CBB32D
:10C5100008224946E8009847044698B340E9027863
:10C5200030E004EB010CD4F804A00CEA0E0C0AF184
:10C530000106ACF1080304EBC6069E42E1D9A6EB66
:10C540000C0CB5EBEC0F4FEAEC0BDAD89C421DD289
:10C5500004F10802AB45A3EB02024FEAE20262607B
:10C5600009D9691CED4303EBC1025D4455602568A0
:10C5700043F8315022601C46C3F8048044F8087B1D
:10C58000FDF794FA204603B0BDE8F08FAA45216874
:10C5900002D111602346EEE7013504EBC50344F8F0
:10C5A000351003F10801761AF6105E601360F1E7AA
:10C5B000B889002073B50446A0F1080550F8080CAE
:10C5C00054F8043C061D0C3007330190DB0844F896
:10C5D000043CFDF73FFA334601989E421A6801D0A9
:10C5E000AB4228D20AB1954225D244F8082C54F81F
:10C5F000042C1D60013254F8081C05EBC206B14240
:10C6000006D14E68324444F8042C0A6844F8082CD9
:10C610005E68711C03EBC1018D4207D154F8042CF4
:10C62000013232445A6054F8082C1A6002B0BDE856
:10C630007040FDF73BBA1346CFE70000FEE700006D
:10C6400070B51E4B0025044686B058600E46056343
:10C650008163FBF759FA04F12803A5606563C4E917
:10C660000A3304F11003C4E904334FF0FF33C4E983
:10C670000044C4E90635FFF7C5FE2B46024604F127
:10C680003C012046C4E9082380230D4A6567FDF775
:10C6900025FB7368E0600B4A03620123009280F877
:10C6A00024306846F26801923269CDE90223064BD4
:10C6B000CDE90435FDF746FB06B070BD306C0020B7
:10C6C00064D300085CD300083DC60008024A536BDF
:10C6D00018435063704700BF88690020114BD3F89E
:10C6E000E82042F00802C3F8E820D3F8102142F015
:10C6F0000802C3F810210C4AD3F81031D36B43F071
:10C700000803D363C722094B9A624FF0FF32DA6203
:10C7100000229A615A63DA605A6001225A611A60F3
:10C72000704700BF004402580010005C000C00403D
:10C73000094A08B51169D3680B40D9B29B076FEA63
:10C740000101116107D5302383F31188FDF7BAFA8F
:10C75000002383F3118808BD000C00400B460146FE
:10C76000184600F001B8000010B5054C13462CB176
:10C770000A4601460220AFF3008010BD2046FCE7C8
:10C780000000000010B501390244904201D10020A0
:10C7900005E0037811F8014FA34201D0181B10BD2A
:10C7A0000130F2E72DE9F041A3B1C91A177801442D
:10C7B000044603F1FF3C8C42204601D9002009E0E9
:10C7C0000578BD4204F10104F5D10CEB0405D6183F
:10C7D000A54201D1BDE8F08115F8018D16F801EDF3
:10C7E000F045F5D0E7E70000884210B501EB020400
:10C7F00002D98442234607D8431EA14208D011F82B
:10C80000012B03F8012FF8E7024401468A4200D1C8
:10C8100010BD13F8014D02F8014DF7E7C9B2034608
:10C8200010F8012B1AB18A42F9D118467047002935
:10C8300018BF0023F9E70000034611F8012B03F8A5
:10C84000012B002AF9D1704710B50139034632B1E6
:10C8500011F8014F03F8014B013A002CF7D11A44AB
:10C860000021934200D110BD03F8011BF9E700003D
:10C870006F72672E6172647570696C6F742E4256A8
:10C880004D545F52494F00004D4435002D2D0A0094
:10C890002F6172647570696C6F742E6162696E00CD
:10C8A0002F6172647570696C6F742D76657269663C
:10C8B000792E6162696E002F6172647570696C6FA8
:10C8C000742D666C6173682E6162696E002F6172EF
:10C8D000647570696C6F742D666C61736865642E25
:10C8E0006162696E000000000000000000000000AE
:10C8F000711A00080D1B0008BD1C0008451B00082C
:10C90000051B000800000000000000006D1A000870
:10C91000191B0008F51C0008691A0008751A0008A0
:10C9200053544D333248373F3F3F0053544D333219
:10C93000483733782F3732780053544D33324837E5
:10C9400034332F3735332F373530000001105A007C
:10C9500003105900012058000320560040A2E4F1C2
:10C96000646891060041A3E5F26569920700000042
:10C9700043414E464449666163653A204D65737391
:10C980006167652052414D204F766572666C6F7706
:10C99000210000004261642043414E4966616365A5
:10C9A00020696E6465782E00000000000000000021
:10C9B0000D3B00087133000879420008E13300089C
:10C9C000ED3300083138000891350008A93300081C
:10C9D000AD330008853300086D330008ED370008DB
:10C9E0009133000821450008C54400089D33000824
:10C9F000C137000801040E05054B02020E05054B68
:10CA000004010E05054B05010B04044B0801060348
:10CA1000034600000000000000000000654300081D
:10CA20007D4300085143000859430008B90F00082E
:10CA3000211A00082F000000537563636573736645
:10CA4000756C6C79206D6F756E746564205344430A
:10CA50006172642028736C6F77646F776E3D257503
:10CA6000290A0000EB7690455846415420202000CA
:10CA70004641543332202020000000002A3A3C3E38
:10CA80007C223F7F002B2C3B3D5B5D0043554541A5
:10CA90004141414345454549494941414592924FAC
:10CAA0004F4F5555594F554F9C4F9E9F41494F559C
:10CAB000A5A5A6A7A8A9AAABACADAEAFB0B1B2B3BD
:10CAC000B4414141B8B9BABBBCBDBEBFC0C1C2C30D
:10CAD000C4C54141C8C9CACBCCCDCECFD1D14545C3
:10CAE0004549494949D9DADBDCDD49DF4FE14F4FA0
:10CAF0004F4FE6E8E85555555959EEEFF0F1F2F38E
:10CB0000F4F5F6F7F8F9FAFBFCFDFEFF0103050763
:10CB1000090E10121416181C1E00000061001A03E2
:10CB2000E0001703F8000703FF000100780100018F
:10CB3000300132010601390110014A012E0179014B
:10CB4000060180014D0043028101820182018401BE
:10CB5000840186018701870189018A018B018B018C
:10CB60008D018E018F01900191019101930194013A
:10CB7000F60196019701980198013D029B019C01E5
:10CB80009D0120029F01A001A001A201A201A40118
:10CB9000A401A601A701A701A901AA01AB01AC014B
:10CBA000AC01AE01AF01AF01B101B201B301B301FC
:10CBB000B501B501B701B801B801BA01BB01BC01AB
:10CBC000BC01BE01F701C001C101C201C301C40122
:10CBD000C501C401C701C801C701CA01CB01CA010F
:10CBE000CD011001DD0101008E01DE011201F30112
:10CBF0000300F101F401F401F801280122021201FD
:10CC00003A020900652C3B023B023D02662C3F02C2
:10CC100040024102410246020A01530240008101E2
:10CC20008601550289018A0158028F015A0290013A
:10CC30005C025D025E025F02930161026202940186
:10CC40006402650266026702970196016A02622C1D
:10CC50006C026D026E029C01700271029D017302F2
:10CC600074029F0176027702780279027A027B02CF
:10CC70007C02642C7E027F02A60181028202A9014D
:10CC80008402850286028702AE014402B101B2012C
:10CC900045028D028E028F0290029102B7017B0342
:10CCA0000300FD03FE03FF03AC03040086038803B7
:10CCB00089038A03B1031103C2030200A303A30380
:10CCC000C4030803CC0303008C038E038F03D80333
:10CCD0001801F2030A00F903F303F403F503F60362
:10CCE000F703F703F903FA03FA03300420035004AF
:10CCF0001007600422018A043601C1040E01CF042A
:10CD00000100C004D00444016105260400000000B5
:10CD10007D1D0100632C001E9601A01E5A01001FFC
:10CD20000806101F0606201F0806301F0806401FB1
:10CD30000606511F0700591F521F5B1F541F5D1F1E
:10CD4000561F5F1F601F0806701F0E00BA1FBB1F13
:10CD5000C81FC91FCA1FCB1FDA1FDB1FF81FF91F0F
:10CD6000EA1FEB1FFA1FFB1F801F0806901F080613
:10CD7000A01F0806B01F0400B81FB91FB21FBC1FB8
:10CD8000CC1F0100C31FD01F0206E01F0206E51FD3
:10CD90000100EC1FF31F0100FC1F4E210100322196
:10CDA00070211002842101008321D0241A05302C27
:10CDB0002F04602C0201672C0601752C0201802CC7
:10CDC0006401002D260841FF1A030000C700FC0083
:10CDD000E900E200E400E000E500E700EA00EB0023
:10CDE000E800EF00EE00EC00C400C500C900E6005A
:10CDF000C600F400F600F200FB00F900FF00D600C8
:10CE0000DC00F800A300D800D7009201E100ED009B
:10CE1000F300FA00F100D100AA00BA00BF00AE0092
:10CE2000AC00BD00BC00A100AB00BB009125922569
:10CE3000932502252425C100C200C000A900632556
:10CE4000512557255D25A200A50010251425342560
:10CE50002C251C2500253C25E300C3005A2554251C
:10CE600069256625602550256C25A400F000D000BA
:10CE7000CA00CB00C8003101CD00CE00CF0018257C
:10CE80000C2588258425A600CC008025D300DF0052
:10CE9000D400D200F500D500B500FE00DE00DA00B7
:10CEA000DB00D900FD00DD00AF00B400AD00B10033
:10CEB0001720BE00B600A700F700B800B000A80019
:10CEC000B700B900B300B200A025A00010000240D6
:10CED000080002400008024000000B002800024049
:10CEE000080002400408024006010C004000024015
:10CEF000080002400808024010020D0058000240DD
:10CF0000080002400C08024016030E0070000240A8
:10CF10000C0002401008024000040F00880002408C
:10CF20000C0002401408024006051000A000024058
:10CF30000C0002401808024010061100B800024020
:10CF40000C0002401C08024016072F00100402408B
:10CF5000080402402008024000083800280402406B
:10CF60000804024024080240060939004004024037
:10CF70000804024028080240100A3A0058040240FF
:10CF8000080402402C080240160B3B0070040240CB
:10CF90000C04024030080240000C3C0088040240AF
:10CFA0000C04024034080240060D4400A004024074
:10CFB0000C04024038080240100E4500B80402403C
:10CFC0000C0402403C080240160F4600010000001D
:10CFD00000000000009600000000000000000000BB
:10CFE0000000000000000000000000000000000041
:10CFF0002DA3000831A30008BD8C0008F58F0008A0
:10D00000518C0008798C0008A18C0008398C00082C
:10D0100000000000A990000895900008D190000839
:10D02000BD900008C9900008B5900008A1900008C4
:10D030008D900008DD90000800000000C1910008FC
:10D04000AD910008E9910008D5910008E191000830
:10D05000CD910008B9910008A5910008F59100084C
:10D06000000000000100000000000000633000002C
:10D070006CD000080000000000000000006A0020E2
:10D08000306C00200000802A00000000AAAAAAAA92
:10D0900000000024FFFF00000000000000A00A00C4
:10D0A0000000000100000000AAAAAAAA00000001D6
:10D0B000FFFF000000000000000000000000AA4682
:10D0C00000000000AAAAAAAA00005544FFFF000021
:10D0D00000000000CCCC0C006A0110000000000031
:10D0E000EAAAAAAA10010000F7FB0000990C0000B0
:10D0F000000000005080420000000000AAAAAAAA76
:10D1000010404100F7FF0000000000700700000021
:10D110000000000000000000AAAAAAAA0000000067
:10D12000FFFF000000000000000000000000000001
:10D1300000000000AAAAAAAA00000000FFFF000049
:10D1400000000000000000000000000000000000DF
:10D15000AAAAAAAA00000000FFFF00000000000029
:10D16000000000000000000000000000AAAAAAAA17
:10D1700000000000FFFF00000000000000000000B1
:10D180000000000000000000AAAAAAAA00000000F7
:10D19000FFFF000000000000000000000000000091
:10D1A00000000000AAAAAAAA00000000FFFF0000D9
:10D1B00000000000000000004172647550696C6F4F
:10D1C000740025424F415244252D424C00255345C1
:10D1D0005249414C25000000020000000000000000
:10D1E000E19300085194000840004000E0840020D2
:10D1F000F084002002000000000000000300000096
:10D2000000000000999400080000000010000000D9
:10D210000085002000000000010000000000000068
:10D22000608800200101020029A4000839A3000839
:10D23000D5A30008B9A300084300000040D20008AD
:10D2400009024300020100C0320904000001020289
:10D25000010005240010010524010001042402023C
:10D260000524060001070582030800FF09040100E8
:10D27000020A0000000705010240000007058102C4
:10D2800040000000120000008CD2000812011001C2
:10D290000200004009124157000201020301000090
:10D2A0000403090425424F415244250030313233F2
:10D2B0003435363738394142434445460000000092
:10D2C0000001002000FF010002000000000000300B
:10D2D0000000040008000000000000240000080016
:10D2E000040000000004000000FC00000200000038
:10D2F000000004300080000008000000000000383A
:10D3000000000100010000001F1C1F1E1F1E1F1F28
:10D310001E1F1E1F1F1D1F1E1F1E1F1F1E1F1E1F25
:10D3200000000000F5950008AD9800085999000824
:10D3300040004000988900209889002001000000EA
:10D34000A8890020800000004001000008000000C3
:10D3500000010000001000000800000069646C6516
:10D36000000000006D61696E002C04380404380868
:10D370000C10141C2024252600000000000064046A
:10D380000100040000000000000C001028303400F0
:10D39000E830FF7F010000009C0F0000000000004B
:10D3A00000001A0000000000FE2A0100D204000064
:10D3B000FF000000386C002018650020000000000D
:10D3C00020C90008830400002BC900085004000095
:10D3D00039C90008010000000000000000960000AC
:10D3E0000000080096000000000800000400000093
:10D3F000A0D20008000000000000000000000000B3
:0CD4000000000000000000000000000020
:00000001FF
