:020000040800F2
:1000000000070020F1020008954400084D44000854
:10001000754400084D4400086D440008F3020008D0
:10002000F3020008F3020008F3020008D17A000886
:10003000F3020008F3020008F3020008F3020008CC
:10004000F3020008F3020008F3020008F3020008BC
:10005000F3020008F302000831BC00085DBC000890
:1000600089BC0008B5BC0008E1BC0008957B00080D
:10007000BD7B0008E97B0008157C0008417C000876
:10008000697C0008957C0008F30200081943000809
:10009000F302000829430008F30200080DBD000820
:1000A000F3020008F3020008F3020008F30200085C
:1000B000F3020008F3020008F3020008F30200084C
:1000C000F3020008F3020008F3020008F30200083C
:1000D000F3020008F3020008F3020008F30200082C
:1000E00071BD0008F3020008F3020008F3020008E3
:1000F000F3020008F3020008F3020008C17C0008C4
:10010000F3020008E5BD00080DBE0008F302000878
:10011000F3020008F3020008F3020008F3020008EB
:10012000ED7C0008157D0008417D00086D7D00080C
:10013000997D0008F3020008F3020008F3020008AA
:10014000F3020008F3020008F3020008F3020008BB
:10015000C17D0008ED7D0008197E0008F30200084B
:10016000F3020008F3020008F3020008F30200089B
:10017000F302000811B90008F3020008F3020008B6
:10018000F3020008F3020008F9BD0008F3020008BA
:10019000F3020008F3020008F3020008F30200086B
:1001A000F3020008F3020008F3020008F30200085B
:1001B000F3020008F3020008F3020008F30200084B
:1001C000F3020008F3020008F3020008F30200083B
:1001D000F3020008FDB80008F3020008F30200086B
:1001E000F3020008F3020008F3020008F30200081B
:1001F000F3020008F3020008F3020008F30200080B
:10020000F3020008F3020008F3020008F3020008FA
:10021000F3020008F3020008F3020008F3020008EA
:10022000F3020008F3020008F3020008F3020008DA
:10023000F3020008F3020008F3020008F3020008CA
:10024000F3020008F3020008F3020008F3020008BA
:10025000F3020008F3020008F3020008F3020008AA
:10026000F3020008F3020008F3020008F30200089A
:10027000F3020008F3020008F3020008F30200088A
:10028000F3020008F3020008F3020008F30200087A
:10029000F3020008F3020008F3020008F30200086A
:1002A000F3020008F3020008F3020008F30200085A
:1002B000F3020008F3020008F3020008F30200084A
:1002C000F3020008F3020008F3020008F30200083A
:1002D000F3020008F3020008F3020008F30200082A
:1002E0002D1A0008000000000000000000000000BF
:1002F00002E000F000F8FEE772B6374880F30888A5
:10030000364880F3098836483649086040F20000D4
:10031000CCF200004EF63471CEF200010860BFF35B
:100320004F8FBFF36F8F40F20000C0F2F0004EF627
:100330008851CEF200010860BFF34F8FBFF36F8F7B
:100340004FF00000E1EE100A4EF63C71CEF20001D3
:100350000860062080F31488BFF36F8F0AF044FD15
:1003600009F0ACFE4FF055301F491B4A91423CBF8B
:1003700041F8040BFAE71D49184A91423CBF41F885
:10038000040BFAE71A491B4A1B4B9A423EBF51F82D
:10039000040B42F8040BF8E700201849184A914270
:1003A0003CBF41F8040BFAE70AF05CFD09F00AFFD4
:1003B000144C154DAC4203DA54F8041B8847F9E796
:1003C00000F0C4F9114C124DAC4203DA54F8041B8E
:1003D0008847F9E70AF044BD000700200023002009
:1003E0000000000808ED00E00001002000070020E8
:1003F000B0D20008002300207423002078230020BE
:10040000D8890020E0020008E4020008E4020008A5
:10041000E40200082DE9F04F2DED108AC1F80CD050
:10042000D0F80CD0BDEC108ABDE8F08F002383F328
:1004300011882846A047002009F022FCFEE709F0B9
:100440006BFB00DFFEE7000053B94AB9002908BF83
:1004500000281CBF4FF0FF314FF0FF3000F074B99F
:10046000ADF1080C6DE904CE00F006F8DDF804E00B
:10047000DDE9022304B070472DE9F047089D0446EA
:100480008E46002B4DD18A42944669D9B2FA82F247
:1004900052B101FA02F3C2F1200120FA01F10CFA83
:1004A00002FC41EA030E94404FEA1C48210CBEFBBB
:1004B000F8F61FFA8CF708FB16E341EA034306FB44
:1004C00007F199420AD91CEB030306F1FF3080F0D3
:1004D0001F81994240F21C81023E63445B1AA4B220
:1004E000B3FBF8F008FB103344EA034400FB07F7C2
:1004F000A7420AD91CEB040400F1FF3380F00A8103
:10050000A74240F207816444023840EA0640E41BF7
:1005100000261DB1D4400023C5E900433146BDE8A3
:10052000F0878B4209D9002D00F0EF800026C5E945
:10053000000130463146BDE8F087B3FA83F6002E5D
:100540004AD18B4202D3824200F2F980841A61EBD5
:10055000030301209E46002DE0D0C5E9004EDDE7F3
:1005600002B9FFDEB2FA82F2002A40F09280A1EBDB
:100570000C014FEA1C471FFA8CFE0126200CB1FB30
:10058000F7F307FB131140EA01410EFB03F0884229
:1005900008D91CEB010103F1FF3802D2884200F2B6
:1005A000CB804346091AA4B2B1FBF7F007FB101148
:1005B00044EA01440EFB00FEA64508D91CEB0404E6
:1005C00000F1FF3102D2A64500F2BB800846A4EB41
:1005D0000E0440EA03409CE7C6F12007B34022FA2C
:1005E00007FC4CEA030C20FA07F401FA06F31C435B
:1005F000F9404FEA1C4900FA06F3B1FBF9F8200C68
:100600001FFA8CFE09FB181140EA014108FB0EF0AD
:10061000884202FA06F20BD91CEB010108F1FF3AFD
:1006200080F08880884240F28580A8F10208614409
:10063000091AA4B2B1FBF9F009FB101144EA014117
:1006400000FB0EFE8E4508D91CEB010100F1FF34C2
:100650006CD28E456AD90238614440EA0840A0FB5A
:100660000294A1EB0E01A142C846A64656D353D030
:100670005DB1B3EB080261EB0E0101FA07F722FA54
:1006800006F3F1401F43C5E9007100263146BDE87D
:10069000F087C2F12003D8400CFA02FC21FA03F3E0
:1006A000914001434FEA1C471FFA8CFEB3FBF7F061
:1006B00007FB10360B0C43EA064300FB0EF69E4286
:1006C00004FA02F408D91CEB030300F1FF382FD21F
:1006D0009E422DD9023863449B1B89B2B3FBF7F6C7
:1006E00007FB163341EA034106FB0EF38B4208D9A0
:1006F0001CEB010106F1FF3816D28B4214D9023EE1
:100700006144C91A46EA004638E72E46284605E7FE
:100710000646E3E61846F8E64B45A9D2B9EB0208CF
:1007200064EB0C0E0138A3E74646EAE7204694E75F
:100730004046D1E7D0467BE7023B614432E7304692
:1007400009E76444023842E7704700BFF8B502F099
:100750003BF802F0F3F90AF027FA07460AF03AFBF1
:100760000546C0BB214B9F4235D001339F4235D057
:1007700027F0FF021E4B9A4233D12E4642F21074EC
:10078000F8B200F0ABFF00F0AFFF08B1002426463E
:1007900002F016FC20B10024032000F07DF826466C
:1007A00035B1144B9F4203D000240AF00BFB2646C0
:1007B00000200AF003FA0EB100F084F802F05CF9B0
:1007C00000F0C6FF01F0B6FA08B100F07BF8204651
:1007D00000F036F9F9E72E460024D4E70446012656
:1007E000D1E7064641F28834CDE700BF010007B0EB
:1007F000000008B0263A09B008B501F0B1FFA0F139
:1008000020035842584108BD07B541F212030221A6
:1008100001A8ADF8043001F0C1FF03B05DF804FB9E
:1008200038B5302383F31188174803680BB109F0FA
:100830000BFB0023154A4FF47A71134809F0FAFABA
:10084000002383F31188124C236813B12368013B02
:100850002360636813B16368013B63600D4D2B78BF
:1008600033B963687BB9022002F070F83223636009
:100870002B78032B07D163682BB9022002F066F8AE
:100880004FF47A73636038BD782300202108000894
:100890009824002090230020084B187003280CD8BF
:1008A000DFE800F008050208022002F047B8022045
:1008B00002F03AB8024B00225A60704790230020A1
:1008C00098240020F8B502F07BFB30B1544B032292
:1008D0001A700022534B5A60F8BD534B534A1C46C2
:1008E00019680131F8D004339342F9D16268504B52
:1008F0009A42F1D94F4B9B6803F1006303F5003333
:100900009A42E9D20AF032FA0AF044FA002001F0E1
:1009100081FF0220FFF7C0FF474B0021D3F8E820FA
:10092000C3F8E810D3F81021C3F81011D3F8102140
:10093000D3F8EC20C3F8EC10D3F81421C3F8141149
:10094000D3F81421D3F8F020C3F8F010D3F818210D
:10095000C3F81811D3F81821D3F8802042F00062B0
:10096000C3F88020D3F8802022F00062C3F88020F2
:10097000D3F88020D3F8802042F00072C3F88020A2
:10098000D3F8802022F00072C3F88020D3F88030A2
:1009900072B64FF0E023C3F8084DD4E90004BFF36A
:1009A0004F8FBFF36F8F254AC2F88410BFF34F8F6C
:1009B000536923F480335361BFF34F8FD2F88030F3
:1009C00043F6E076C3F3C905C3F34E335B0103EA94
:1009D000060C29464CEA81770139C2F87472F9D2C3
:1009E000203B13F1200FF2D1BFF34F8FBFF36F8F76
:1009F000BFF34F8FBFF36F8F536923F400335361FD
:100A00000023C2F85032BFF34F8FBFF36F8F3023F4
:100A100083F31188854680F3088820475CE700BF90
:100A200090230020982400200000020820000208E3
:100A3000FFFF0108002300200044025800ED00E001
:100A40002DE9F04F93B0B74B2022FF2100900AA868
:100A50009D6801F0BBFFB44A1378A3B90121B348E4
:100A600011700360302383F3118803680BB109F020
:100A7000EBF90023AE4A4FF47A71AC4809F0DAF989
:100A8000002383F31188009B13B1AA4B009A1A60CC
:100A9000A94A1378032B03D000231370A54A53608F
:100AA0004FF0000A009CD3465646D146012001F083
:100AB00045FF24B19F4B1B68002B00F02C820020C7
:100AC00001F04EFE0390039B002B01DA00F088FE3C
:100AD000039B002BEDDB012001F026FF039B213B54
:100AE0001F2BE3D801A252F823F000BF6D0B0008C2
:100AF000950B0008290C0008AD0A0008AD0A000893
:100B0000AD0A0008BB0C00088B0E0008A50D0008FC
:100B1000070E00082F0E0008550E0008AD0A000849
:100B2000670E0008AD0A0008D90E00080D0C000879
:100B3000AD0A00081D0F0008790B00080D0C000815
:100B4000AD0A0008070E0008AD0A0008AD0A00084B
:100B5000AD0A0008AD0A0008AD0A0008AD0A000899
:100B6000AD0A0008AD0A0008290C00080220FFF7B2
:100B700043FE002840F0F981009B022105A8BAF14C
:100B8000000F08BF1C4641F21233ADF8143001F0DB
:100B900005FE8BE74FF47A7001F0E2FD071EEBDBF8
:100BA0000220FFF729FE0028E6D0013F052F00F2C2
:100BB000DE81DFE807F0030A0D1013360523042158
:100BC00005A8059301F0EAFD17E004215548F9E76F
:100BD00004215A48F6E704215948F3E74FF01C086E
:100BE000404608F1040801F017FE0421059005A80D
:100BF00001F0D4FDB8F12C0FF2D101204FF0000923
:100C000000FA07F747EA0B0B5FFA8BFB01F02AFFAC
:100C100026B10BF00B030B2B08BF0024FFF7F4FDEC
:100C200044E704214748CDE7002EA5D00BF00B0385
:100C30000B2BA1D10220FFF7DFFD074600289BD038
:100C40000120002601F0E6FD0220FFF725FE1FFA35
:100C500086F8404601F0EEFD0446B0B103994046E7
:100C60000136A1F140025142514101F0FBFD002843
:100C7000EDD1BA46044641F21213022105A83E46C0
:100C8000ADF8143001F08AFD10E725460120FFF78A
:100C900003FE244B9B68AB4207D9284601F0BCFDFC
:100CA000013040F067810435F3E70025224BBA4656
:100CB0003E461D701F4B5D60A8E7002E3FF45CAF01
:100CC0000BF00B030B2B7FF457AF0220FFF7E4FD73
:100CD000322001F045FDB0F10008FFF64DAF18F0ED
:100CE00003077FF449AF0F4A08EB0503926893426C
:100CF0003FF642AFB8F5807F3FF73EAF124BB845A5
:100D0000019323DD4FF47A7001F02AFD0390039ADA
:100D1000002AFFF631AF039A0137019B03F8012B3C
:100D2000EDE700BF0023002094240020782300205A
:100D3000210800089824002090230020042300208C
:100D4000082300200C23002094230020C820FFF754
:100D500053FD074600283FF40FAF1F2D11D8C5F1F2
:100D600020020AAB25F0030084494245184428BFFD
:100D70004246019201F004FE019AFF217F4801F0F2
:100D800025FE4FEAA803C8F387027C492846019351
:100D900001F024FE064600283FF46DAF019B05EBF1
:100DA000830533E70220FFF727FD00283FF4E4AE78
:100DB00001F06AFD00283FF4DFAE0027B846704B13
:100DC0009B68BB4218D91F2F11D80A9B01330ED044
:100DD00027F0030312AA134453F8203C059340461E
:100DE000042205A9043702F0D5F88046E7E7384623
:100DF00001F012FD0590F2E7CDF81480042105A85A
:100E000001F0CCFC02E70023642104A8049301F064
:100E1000BBFC00287FF4B0AE0220FFF7EDFC0028F9
:100E20003FF4AAAE049801F025FD0590E6E7002303
:100E3000642104A8049301F0A7FC00287FF49CAE71
:100E40000220FFF7D9FC00283FF496AE049801F089
:100E500013FDEAE70220FFF7CFFC00283FF48CAE39
:100E600001F022FDE1E70220FFF7C6FC00283FF475
:100E700083AE05A9142001F01DFD0746042104904E
:100E800004A801F08BFC3946B9E7322001F068FC78
:100E9000071EFFF671AEBB077FF46EAE384A07EB54
:100EA0000903926893423FF667AE0220FFF7A4FC65
:100EB00000283FF461AE27F003074F44B9453FF4E3
:100EC000A5AE484609F1040901F0A6FC04210590ED
:100ED00005A801F063FCF1E74FF47A70FFF78CFC92
:100EE00000283FF449AE01F0CFFC002844D00A9B13
:100EF00001330BD008220AA9002001F06FFD002861
:100F00003AD02022FF210AA801F060FDFFF77CFC07
:100F10001C4808F0BBFE13B0BDE8F08F002E3FF474
:100F20002BAE0BF00B030B2B7FF426AE00236421BA
:100F300005A8059301F028FC074600287FF41CAEA5
:100F40000220FFF759FC804600283FF415AEFFF75A
:100F50005BFC41F2883008F099FE059801F0CCFD69
:100F600046463C4601F07EFDA0E506464EE64FF0C3
:100F7000000901E6BA467EE637467CE69423002067
:100F800000230020A0860100094A49F26900136885
:100F900099B21B0C00FB013344F250611360054B06
:100FA000186882B2000C01FB0200186080B2704722
:100FB000142300201023002070470000002110227D
:100FC00010B5044601F002FD034B03CB20606160C5
:100FD0001868A06010BD00BF00E8F11FF0B5ADF5C6
:100FE0004F7D4FF4C47207460D466CAC002120467D
:100FF00001F0ECFC03F056FA4FF47A72254BB0FB8B
:10100000F2F0186093E80700022384E807000DF56A
:10101000E9702382FFF7D2FF49F60F531E4906A855
:1010200023840BF091FB1A230DF2E3220DF1300C17
:1010300084F8323106AB1E46083203CE664542F8CC
:10104000080C42F8041C3346F5D133880DAE204617
:1010500031461380012201F083FD002380B2E97E36
:101060000393AB7E029305F11903019301230093CF
:1010700006A3D3E90023CDE90460384603F02AFE35
:101080000DF54F7DF0BD00BFAFF300809E6AC42117
:10109000818A46EEA024002080C700082DE9F04197
:1010A0002C4CDAB080460D46237A5BBB27A9284634
:1010B00001F07AFE0746002842D19DF89D60C82EB7
:1010C0003ED801464FF4A662204601F07FFC4FF463
:1010D000807332460DF19E01C4F8F8314FF400736D
:1010E00004F109002644C4F80C334FF44073C4F8EB
:1010F000203401F045FC9DF89C30777223720BB9C7
:10110000EB7E237206AC8122002127A801F05EFC51
:101110000122214627A801F08DFE002380B2E97E3E
:101120000393AB7E029305F1190301932823CDE9C4
:1011300004400093404605A3D3E9002303F0CAFD11
:101140005AB0BDE8F08100BFAFF300802641727253
:10115000DF25D7B700350020F0B5254E4FF48A754E
:10116000F1B0002405FB006596F8D830D82221465E
:1011700085F8DC303AA885F8E84006AF01F026FC97
:1011800006F1090001F01AFCD5F8E430C2B206F10C
:1011900009018DF8F0000DF1F100CDE93A3401F0CC
:1011A000EFFB394601223AA801F07AFE082380B20B
:1011B000317ACDE9047001270E48CDE9023706F1F6
:1011C000D80301933023009307A3D3E9002303F04E
:1011D00081FDA04206DD03F065F9C5F8E000384660
:1011E00071B0F0BD2046FBE778F6339F93CACD8DF2
:1011F00000350020B83400202DE9F0411D4D86B0A7
:101200001D4E1E4F284603F091FD034658B300249F
:10121000DFF86C80ADF814400294CDE90344027B02
:101220008DF8142003AA9968406803C21B6843F034
:101230000043029303F038F982190094384641F1D3
:10124000000302A902F0D2F8A04205DD284603F00F
:1012500071FD88F80040D5E798F80030072B05D8D5
:10126000013388F8003006B0BDE8F081014803F092
:1012700061FDF8E7B834002040420F00383A002002
:10128000353A002070B50D4614461E4603F07EFC2C
:1012900050B9022E10D1012C0ED112A3D3E9002394
:1012A0000120C5E9002307E0282C10D005D8012C27
:1012B00009D0052C0FD0002070BD302CFBD10BA322
:1012C000D3E90023ECE70BA3D3E90023E8E70BA362
:1012D000D3E90023E4E70BA3D3E90023E0E700BF51
:1012E000AFF30080401DA12026812A0B78F6339FA2
:1012F00093CACD8D9E6AC421818A46EE26417272C0
:10130000DF25D7B7F017304A39059E5638B5054660
:101310000E4C0021013501F0A5FAA4F82C55B4F8C3
:101320002C0501F087FA78B1B4F82C0501F092FA97
:10133000014648B9B4F82C0501F094FAB4F82C35FC
:101340000133A4F82C35EAE738BD00BF0035002092
:10135000F0B589B005460C4616460D494FF4227289
:1013600007A81F4601F0AAFEBDF83C302A460096A9
:1013700004930E9B074803931823CDE9017323467A
:1013800003F04AFC07A801F0A3FE09B0F0BD00BFBE
:10139000E8340020B83400200A4B0B4A10B51A601C
:1013A00003F5805393F858203AB95C6D2CB1204670
:1013B00001F096FE204601F0D5FF0448BDE810403C
:1013C00001F08EBE383A0020C4C80008784A0020D8
:1013D0002DE9F04F8FB005460C4600AF03F0D6FB69
:1013E00000284BD1237E022B1BD1E38A012B18D17D
:1013F00003F058F80646FFF7C7FD03464FF4C870E0
:1014000006F51676DFF8D082B3FBF0F202FB10335C
:1014100016FA83F3C8F80030E37E33B9A74B0022F5
:101420001A703C37BD46BDE8F08F07F12401204615
:1014300001F06EFC0028F4D107F11400FFF7BEFDA7
:1014400097F8264007F1140107F1270022460BF018
:1014500021F90028E2D10F2C08D8984B1C70D8F83D
:101460000030A3F51673C8F80030DAE797F82410B7
:101470000029D6D0284603F081FBD2E7E38A282B47
:1014800033D010D8012B2BD0052BCAD1BFF34F8FEF
:101490008B498C4BCA6802F4E0621343CB60BFF304
:1014A0004F8F00BFFDE7302BBBD1874EE17E327AF4
:1014B0009142B6D1607E3146002291F8DC508542DF
:1014C00000F0AD80013201F58A71042AF5D132684D
:1014D00040F6B831FA328A4294BF32603160A0E7F8
:1014E00021462846FFF77AFD9BE721462846FFF76D
:1014F000D5FD96E7B2F8EC507B6005F103094FEAA1
:1015000099094FEA8902D11DC908A8EBC10300213E
:101510009D46EB46584601F059FA04F1EE012A4681
:101520005846314401F02CFA7B6813B9012001F0D0
:1015300071F996F8D20001F07DF9044630B93072A5
:1015400001F0A2F9204601F065F9B0E0D6F8D42008
:101550003AB996F8D200B6F82C25824201D8FFF7A6
:10156000D5FED6F8D4202A44944208D296F8D20068
:10157000B6F82C250130824201D8FFF7C7FE5FFA8A
:1015800089F25946706801F029FA08B9C54679E030
:10159000726896F8D2002A447260D6F8D42005EB1F
:1015A0000209C6F8D49001F045F9814509D396F8AF
:1015B000D220D6F8D4000132001B86F8D220C6F81B
:1015C000D400FF2D0FD80024347201F05DF92046BD
:1015D00001F020F901F0F4FC3C4B188108B9FFF749
:1015E00071F9C5461DE7BB6896F8D9000AFB03628E
:1015F000FB68D2F8E41082F8E83001F58061C2F8A7
:10160000E030C2F8E410FFF7A7FDFFF7F5FD96F80C
:10161000D920013202F0030286F8D920B6E74FF450
:101620008A7A20460AFB02F505F1EA01314401F00D
:101630006BFCF86000287FF4F4AE0122354485F895
:10164000E82002F02FFFD5F8E020D6ED007A801ACE
:1016500040F6B832B8EE677ADFED1D6A192838BF58
:101660001920904228BF104607EE900AF8EEE77A5C
:1016700067EEA67ADFED176AE7EE267AFCEEE77AE8
:10168000C6ED007A96F8D93071680AFB03F4BB60A6
:10169000321992F8E8505DB1D2F8E430E8468B4256
:1016A0003FF428AF002182F8E810C2F8E010C546E8
:1016B0007368064A9B0A01331381B2E6B1340020F5
:1016C00000ED00E00400FA0500350020A024002011
:1016D000CDCCCC3D6666663FB4340020014B18701B
:1016E000704700BFAC24002038B54FF00054144BB5
:1016F00022689A4222D1607DF8B1124B0025C9229E
:10170000114918701148237D0930C0F8DB5000F8EA
:10171000013C4FF48073C0F8EF314FF40073C0F810
:1017200003334FF44073C0F8173401F029F9E02275
:101730002946204601F04AF9012038BD0020FCE787
:101740009AAD44C5AC2400201600002000350020CE
:1017500037B501F035FC194D0223002218492881C4
:101760006B710123174802F0D1F9002316494FF499
:1017700080520193154B16480093164B03F0D6F98F
:10178000154B197811B1124803F0F8F902F08AFEEE
:101790000446FFF7F9FB4FF4C873B0FBF3F202FB0A
:1017A000130304F5167010FA83F00C4B186009F05F
:1017B00011FB08B10F232B8103B030BDA024002002
:1017C00040420F00383A0020B02400208512000863
:1017D000B8340020D1130008AC240020B434002019
:1017E0002DE9F04F844C2DED028B0FF2F419D9E95D
:1017F00000898FB0FFF700FD07AE00237F4FDFF8B1
:101800001CA20693ADF82430079373609FED768B8E
:101810004FF0000B01250DF10D0203A95B46384680
:101820008DF80C508DF80DB08DED008B02F018FD89
:101830009DF80C30002B40F09C80204603F0A6F968
:101840000646002841D16E4F02F02CFE3B689842BC
:101850003BD302F027FE8246FFF796FB4FF4C87396
:10186000B0FBF3F202FB13030AF5167010FA83F0D3
:1018700038600AA8634F97F800B0CBF1100ABBF1AB
:10188000000F14BF33462B465FFA8AFA8DF81830E2
:10189000FFF794FB0AABBAF1060F0DF1190003EB49
:1018A0000B0128BF4FF0060A524601F069F80AF111
:1018B000010206ABD2B2009301922A46524B4CA1D0
:1018C000D1E90001FFF744FD3E7002F0EBFD4F4A05
:1018D0004F4D1368C31AB3F57A7F29D3106002F015
:1018E000E3FD02460B46204603F02EFA204603F0A5
:1018F0004DF9E8B12B7A0AAF464E002B14BF0323F3
:101900000223737102F0CEFD4FF47A73012239463F
:10191000B0FBF3F03060304601F0D2F93E4B80B2BC
:1019200040F255124946CDE900704046FFF710FDE0
:101930002B7A93B102F0B6FD002607464FF48A7A5F
:1019400095F8D900304400F003000AFB005393F8E7
:10195000E82092B30136042EF2D1C82008F096F99F
:101960002B7A002B7FF446AF0FB0BDEC028BBDE8A5
:10197000F08FDAF81430594610220AA883F00803D1
:10198000CAF8143001F022F80DF10E0304AA06A9DA
:10199000384601F04DFF0BAB96E8030083E80300E7
:1019A0009DF824300AA920468DF83430069B0A930E
:1019B000DDE9042303F09CFB2AE7D3F8E02042B1E1
:1019C0002B68BA1AFA2B38BFFA230533B2EB430F50
:1019D000C0D3FFF7C1FB0028BCD1BEE7AFF3008046
:1019E000F1C6A7C1D068080F000000000000000089
:1019F000401DA12026812A0BB8340020383A00204F
:101A0000B4340020B1340020B0340020303A00203B
:101A100000350020A0240020343A00200010025895
:101A200010B5044601F09EFC204610BD10B50948D3
:101A3000094C01F0A3FF094A002009490AF016FEEB
:101A4000204602F093FC2046044A0649BDE81040B7
:101A50000AF00CBE383A0020E8340020AC610020C7
:101A600099130008B90F0008704700007047000084
:101A7000704700002DE9F04100F580370446164616
:101A80003B7C5BB9C0681030204400F079FFE5680A
:101A90003544B5F5004FE56002D816B1BDE8F081D8
:101AA000DEB905F07F0605F110000021C6F18006C1
:101AB0002044F6B232462E4400F088FFA06804F1BC
:101AC0001008324600F10060414600F5003008F091
:101AD000B9FD30B901233B74E0E74FF400463546C9
:101AE000ECE7A26805F11001404632442144A260AF
:101AF000E268521BE26000F043FF0220BDE8F041C3
:101B000000F024BF183000F0E9BC000010B5044616
:101B100001F028FC204610BD10B5044601F022FC5F
:101B2000204610BDC0B2A0F14103052B02D83738C2
:101B3000C0B27047A0F16103052B94BF573830380D
:101B4000F6E7000070B504461546084603220C4926
:101B500000F020FF014688B908346E1C15F9110009
:101B6000FFF7E0FF024616F911000131FFF7DAFF37
:101B7000102940EA021004F8010BEFD170BD00BF3C
:101B80009CC700082DE9F04FADF53F7D0746416841
:101B900001222AA805F048FB002840F0878006466D
:101BA000824681461125DFF80C81DFF80CB101ABCC
:101BB0004FF4805241462AA805F096FC002875D1C2
:101BC000019AB2F5805F71D8002A65D00446019A67
:101BD0009442ECD2282D0FD008DC132D2DD01E2DD1
:101BE00039D0112D13D00134A4B2F0E7322D2DD00D
:101BF000372D2FD02D2DF6D13B68121B08EB040199
:101C000038461B692D259847BDF80440EBE7121BA9
:101C1000022A09D9594608EB040000F0BBFE18B9A6
:101C200002342825A4B2DEE718F804303A2B3DD060
:101C30000A2B1CBFA1461325D5E718F804300A2B40
:101C400034D03A2B04BFA2463225CCE718F8043032
:101C5000202BC8D0264618F804300A2B1AD1AAEB3C
:101C6000090208EB090102A811254F2A28BF4F22BB
:101C70000AF072FDA21B08EB060116A84F2A28BF26
:101C80004F220AF069FD3B6816AA02A9DB683846B4
:101C90009847A8E71E25A6E73B68384604491B6914
:101CA000984701200DF53F7DBDE8F08F0020F9E752
:101CB00078C80008084F0020A0C7000800F11801EC
:101CC00010B5044686B00846019100F0F1FB2046AD
:101CD000FFF758FF60B1019902A800F049FC1022FB
:101CE00004F1080102A80AF0D5FCB0FA80F040091E
:101CF00006B010BD70B504460025EEB2304600F0C7
:101D000099FD58B100213046013500F0ABFD08B90E
:101D1000002070BD022000F019FEEEE72046FFF71C
:101D200031FF0028F4D004F58034207C80F00100DD
:101D3000EFE70000F0B5C9B008F04EFF02F03AFB43
:101D400018B90025284649B0F0BD69462A4805F073
:101D50008DFC00284BD1294C204605F0B7FC2848C3
:101D600005F0B4FC274805F0B1FC2146224805F0F7
:101D700029FD0028E5D1702001F0EEFA064610B1E9
:101D8000214B44600360336830469B6898470546A2
:101D900000282ED01A4F1948394605F013FD054684
:101DA0000028CED1194801F0D7FA044638B1184BB3
:101DB0004760036000F58033C0E902551D74236855
:101DC00020469B689847054628B10E490C4805F007
:101DD000F9FC0028B5D1336830465B6898471CB1E0
:101DE000236820465B68984702F0CCFAAAE70025F2
:101DF000FAE70446EFE700BFA4C70008B4C700082D
:101E0000CBC70008E1C7000804C80008140001009F
:101E100020C800082DE9F04FD44A8DB00B68D0F8E7
:101E200004A001931A440368D14E1A44D1F81C90BF
:101E3000DFF8B4C3DFF8B4B3D0E90234634003EA97
:101E40000A03634013444A6802920AEB7363029CDC
:101E5000C84A2244C468224484688AEA04051D40B2
:101E6000654015448A68039203EB3555039CC24ACA
:101E70002244846822448AEA03042C4084EA0A0447
:101E80001444CA6805EBF4340492164483EA05024C
:101E9000224056445A4032440E69059604EBB22261
:101EA000059FB64E3E441E4485EA040313406B4032
:101EB00033444E69069602EB7363069FB04E3E4470
:101EC0002E4484EA02051D40654035448E6907961C
:101ED00003EB3555079FAB4E3E44264482EA03048C
:101EE0002C4054403444A84E4E4405EBF434164480
:101EF00083EA050222405A4032440E6A089604EBF7
:101F0000B222089FA14E3E441E4485EA04031340BA
:101F10006B4033444E6A099602EB7363099F9C4EF3
:101F2000D1F830E03E44D1F83880F3442E4484EABE
:101F300002051D40654035448E6AA6F5244703EB33
:101F400035550A964F3F274482EA03042C405440FB
:101F50003C44CF6A0B9705EBF4340B9E8D4F37440E
:101F6000029E174483EA050222405A403A448A4FAF
:101F7000774404EBB2221F4485EA040313406B400C
:101F80003B444F6BBC4402EB7363654484EA020C30
:101F90000CEA030C8CEA040C6544DFF854C2C44418
:101FA00003EB3555A44482EA03042C4054406444B6
:101FB000D1F83CC0794905EBF4346144114483EA1B
:101FC000050222405A400A44754904EBB2223144CA
:101FD000079E194484EA02032B4063400B44714975
:101FE00002EBF36331440B9E0D4482EA030121406E
:101FF000514029446C4D03EBF1513544019E254479
:1020000083EA010414405C402C44684D01EBB44465
:102010003544069E154481EA04021A404A402A4487
:10202000634D04EB323235440A9E1D4484EA0203B8
:102030000B4063402B445F4D02EBF3633544059E38
:102040000D4482EA03012140514029445A4D03EBDB
:10205000F1516544254483EA010414405C402C445A
:10206000564D01EBB4443544099E154481EA0402FF
:102070001A404A402A44524D04EB32323544049E01
:102080001D4484EA02030B4063402B444D4D02EB98
:10209000F36345440D4482EA030121405140294441
:1020A000494D03EBF1513544089E2C4483EA010568
:1020B00015405D402C44454D01EBB4443544039E2E
:1020C0002A4481EA04051D404D402A44404D04EB5A
:1020D00032323D442B4484EA020593440D4065406E
:1020E0002B443C4D02EBF3633544069E294482EABF
:1020F0000305254055402944374D03EBF1514D442C
:102100002C4483EA010515405D40254401EBB545AB
:1021100081EA050404EA03024A405A44A6F5B82BB2
:10212000089E05EB3232ABF2BE6B54405B44234455
:102130002A4C344402EB33730B9E0C4485EA0201B3
:1021400059402144264C344403EB7151029E2544EE
:1021500082EA03044C402544224C444401EB3545BB
:10216000144483EA01026A40224443E078A46AD717
:10217000EECEBDC156B7C7E8DB702024AF0F7CF5AB
:102180002AC68747134630A8019546FDD89880692E
:10219000AFF7448BBED75C892211906B2108B449FC
:1021A00062251EF640B340C0515A5E26AAC7B6E962
:1021B0005D102FD65314440281E6A1D8C8FBD3E7A3
:1021C000E6CDE121D60737C3870DD5F4ED145A4586
:1021D00005E9E3A9F8A3EFFCD9026F6781F67187DF
:1021E00022619D6D0C38E5FD937198FD8A4C2A8D16
:1021F0008E4379A6934C344405EB7222059E1C4411
:1022000081EA0503534023448F4C344402EB33737B
:102210000A9E0C4485EA0201594021448B4C4C44EF
:1022200003EB7151254482EA03044C402C44884D51
:10223000354401EB3444019E154483EA01026240B7
:102240002A44844D3D4404EB72221D4481EA040378
:1022500053402B44804D354402EB3373049E294494
:1022600084EA02055D4029447C4D354403EB7151FD
:10227000079E254482EA03044C402C44784D3544A3
:1022800001EB3444099E2A4483EA01056540154464
:10229000744A324404EB7525039E134481EA040218
:1022A0006A401A44704B734405EB32720B4484EA63
:1022B0000501514019446D4B634402EB71511C44BC
:1022C00085EA02034B401C44694B334401EB344420
:1022D000019E1D4482EA010363402B44654D04EBDB
:1022E00073233544069E154463EA010262402A4482
:1022F000614D03EBB2624D4462EA040929445F4D2B
:1023000089EA0309454449442C445D4D02EBB1512F
:102310003544049E61EA03081D4488EA02084444E7
:1023200001EB744464EA02034B402B44554D04EB2B
:10233000F323754463EA010E15448EEA040E0EEB96
:102340000502514D03EBB262354462EA040E2944A2
:102350000A9D8EEA030EA5F580164C4D7144A6F633
:10236000833602EBB151264461EA030454403444FD
:10237000029E01EB7444354464EA02061D444E405B
:102380007319089E424D04EBF323354463EA0106BA
:102390001544664072193F4D03EBB262654462EA30
:1023A000040629443C4D5E403144079E02EBB15186
:1023B000354461EA03062C44384D56403D443444CC
:1023C000059E1D4401EB744464EA02034B402B4418
:1023D000334D04EBF32335440B9E154463EA0102AD
:1023E00062402A442F4D03EBB2623544039E0D44F4
:1023F00062EA0401594029442B4D02EBB1513544A6
:102400002A4E254461EA030454402C44099D01EB03
:1024100074442E4464EA02051E4485EA01039D19B2
:1024200003681A440AEB040303EBF52302604360DC
:1024300083681C44C36819448460C1600DB0BDE862
:10244000F08F00BF44EABEA4A9CFDE4B604BBBF6C1
:1024500070BCBFBEC67E9B28FA27A1EA8530EFD4A8
:10246000051D880439D0D4D9E599DBE6F87CA21F94
:102470006556ACC4442229F497FF2A43A72394ABA2
:1024800039A093FCC3595B6592CC0C8FD15D8485D8
:102490004F7EA86FE0E62CFE144301A3A111084E65
:1024A000827E53F735F23ABDBBD2D72A91D386EB61
:1024B000094B036003F18833436003F12943A3F51B
:1024C0009613A3F68B638360A3F18833C360002364
:1024D000C0E90433704700BF012345672DE9F84385
:1024E0001446026905460E46E300C2F3C50800F132
:1024F00018079B18036122BF43690133436112F43B
:10250000FC7F436903EB5473436114D0C8F1400965
:1025100007EB08004C4504D22246BDE8F8430AF018
:10252000EBB8403C4A464E440AF0E6F8444439468B
:102530002846FFF76FFCA04606EB0409B8F13F0FF1
:10254000A9EB08010AD9402238460AF0D5F83946E5
:102550002846A8F14008FFF75DFCEFE7A1096FF0FE
:102560003F02384602FB014206EB8111D5E700002D
:1025700070B50B6901F1180506460C46C3F3C50397
:10258000EA18501C8022EA54C3F13F02072A1FD8E0
:10259000002100F01BFA29462046FFF73BFC3822B9
:1025A0000021284600F012FA2369294620462365B7
:1025B00063696365FFF72EFC2146102230460AF05E
:1025C0009BF8204658220021BDE8704000F0FEB97B
:1025D000C3F137020021E5E72DE9F84F4FF47A7394
:1025E00006460D46002402FB03F7DFF85080DFF8B3
:1025F000509098F900305FFA84FA5A1C01D0A34237
:1026000012D159F824002A4631460368D3F820B085
:102610003B46D847854207D1074B012083F800A0ED
:10262000BDE8F88F0124E4E7002CFBD04FF4FA70EA
:1026300007F02CFB0020F3E74C5F0020182300205C
:102640001C23002000232DE9F0471A460546884642
:102650000120194605F088FC0446802008F010F996
:102660000746002861D0002C5FD03B4E28464FF033
:10267000800A736943F0C0637361D6F8143143F084
:10268000C063C6F8143107F07DFF05EB080200FBBC
:1026900005F34FF4D06C50434FF03D0E834233D2DC
:1026A0003269520143D4D6F8102151013FD4216838
:1026B00003F100628A602268D7602268C2F804A031
:1026C0002268C2F800C0D4F80090D9F8002042F087
:1026D0000102C9F80020D4F80090D9F8002022F0B7
:1026E0001E02C9F80020D4F80090D9F80020D207C3
:1026F000FBD494F80C90803361680EFA09F20A60FA
:10270000CCE7002008F01CF8204605F06DFC3846A8
:1027100008F0F2F8104B5A6942F0C0625A61D3F8DF
:10272000142142F0C062C3F81421BDE8F0870B4BBE
:102730009A6A42F400729A629A6A42F400429A6279
:1027400061B60026012007F0FBFFB045D9D9A819D2
:10275000013607F02FFFF8E70020005200ED00E0FF
:10276000002307B5024601210DF107008DF807305F
:10277000FFF732FF20B19DF8070003B05DF804FBBE
:102780004FF0FF30F9E700000A46042108B5FFF7D3
:1027900023FF80F00100C0B2404208BD074B0A464B
:1027A00030B41978064B53F821400146236820467F
:1027B000DD69044BAC4630BC604700BF4C5F002075
:1027C0001C230020A086010070B5104C0025104E7F
:1027D00007F0DCFE20803068238883420CD8002577
:1027E0002088013807F0CEFE23880544013BB5F56B
:1027F000802F2380F4D370BD07F0C4FE33680544F6
:102800000133B5F5003F3360E5D3E8E74E5F0020C4
:10281000085F002007F094BF00F1006000F5003071
:102820000068704700F10060920000F5003007F08A
:1028300009BF0000054B1A68054B1B889B1A834291
:1028400002D9104407F09EBE00207047085F0020A8
:102850004E5F0020024B1B68184407F099BE00BF72
:10286000085F0020024B1B68184407F0A3BE00BF9E
:10287000085F00200020704700F1FF5000F58F1026
:10288000D0F8000870470000064991F8243033B1B1
:1028900000230822086A81F82430FFF7C3BF012013
:1028A000704700BF0C5F0020014B1868704700BFE5
:1028B0000010005C194B01380322084470B51D68F4
:1028C000174BC5F30B042D0C1E88A6420BD15C6878
:1028D0000A46013C824213460FD214F9016F4EB1F1
:1028E00002F8016BF6E7013A03F10803ECD18142EB
:1028F0000B4602D22C2203F8012B0424094A168825
:10290000AE4204D1984284BF967803F8016B013C33
:1029100002F10402F3D1581A70BD00BF0010005C30
:102920002423002060C80008022803D1024B4FF482
:1029300000229A61704700BF00100258022802D19D
:10294000014B08229A61704700100258022804D1F6
:10295000024A536983F0080353617047001002581C
:1029600070B504464FF47A764CB1412C254628BF09
:10297000412506FB05F0641B07F088F9F4E770BDFC
:10298000002310B5934203D0CC5CC4540133F9E763
:1029900010BD0000013810B510F9013F3BB191F9AD
:1029A00000409C4203D11AB10131013AF4E71AB157
:1029B00091F90020981A10BD1046FCE70346024624
:1029C000D01A12F9011B0029FAD1704702440346BC
:1029D000934202D003F8011BFAE770472DE9F84350
:1029E0001F4D14460746884695F8242052BBDFF851
:1029F00070909CB395F824302BB92022FF214846D3
:102A00002F62FFF7E3FF95F824004146C0F108026A
:102A100005EB8000A24228BF2246D6B29200FFF703
:102A2000AFFF95F82430A41B17441E449044E4B231
:102A3000F6B2082E85F82460DBD1FFF725FF0028C9
:102A4000D7D108E02B6A03EB82038342CFD0FFF794
:102A50001BFF0028CBD10020BDE8F8830120FBE755
:102A60000C5F0020024B1A78024B1A70704700BFAF
:102A70004C5F00201823002038B51A4C1A4D204610
:102A800006F058FB2946204606F080FB2D684FF4DF
:102A90007A70D5F89020D2F8043843F00203C2F8D7
:102AA0000438FFF75DFF1149284606F07DFCD5F894
:102AB00090200F4DD2F80438286823F002030D4906
:102AC000A042C2F804384FF496430B6001D006F0E0
:102AD0008FFA6868A04204D00649BDE8384006F085
:102AE00087BA38BDB86B002034D100083CD100084B
:102AF0001C230020345F00200C4B70B50C4D0446A5
:102B00001E780C4B55F826209A420DD00A4B002116
:102B100018221846FFF75AFF0460014655F82600B0
:102B2000BDE8704006F064BA70BD00BF4C5F002085
:102B30001C230020B86B0020345F002008B571B65C
:102B4000054B1988054B1888FFF77CFD02210E20E4
:102B5000FFF778FD61B608BD4E5F0020085F0020DA
:102B60002DE9F3470D46044600219046284640F2E1
:102B70007912FFF72BFF234620220021284604F17B
:102B8000220702F057FA231D022220212846C026E0
:102B900002F050FA631D03222221284602F04AFA6D
:102BA000A31D03222521284602F044FA04F108035C
:102BB00010222821284602F03DFA04F110030822D1
:102BC0003821284602F036FA04F111030822402188
:102BD000284602F02FFA04F1120308224821284661
:102BE00002F028FA04F1140320225021284602F0B2
:102BF00021FA04F1180340227021284602F01AFA43
:102C000004F120030822B021284602F013FA04F14F
:102C100021030822B821284602F00CFA3146083672
:102C20003B4608222846013702F004FAB6F5A07F99
:102C3000F4D194F83230314604F1330A00268DF88D
:102C4000073008220DF10703284602F0F3F99DF83A
:102C500007304FEAC6099E4209F5A47720D394F8BD
:102C60003231502B28BF50238DF80730B8F1000FB8
:102C700008D1394609F24F170DF1070307222846FC
:102C800002F0D8F9002604F233149DF8073007EB60
:102C9000C6019E420DD30731C80802B0BDE8F087D7
:102CA0000AEB0603082239462846013602F0C2F92B
:102CB000CDE7A31908222846013602F0BBF9E4E764
:102CC00013B50446084600212022234601900160E6
:102CD000C0F8031002F0AEF9231D01980222202152
:102CE00002F0A8F9631D01980322222102F0A2F943
:102CF000A31D01980322252102F09CF9019804F1FB
:102D000008031022282102F095F9072002B010BD17
:102D1000F7B5047F05460E462CB1838A122B02D9E3
:102D2000012003B0F0BD0023072228460096194673
:102D300002F044F8731C0122072100932846002367
:102D400002F03CF8D4B9B31C0522082128460093B0
:102D500023460D2402F032F8B378102BE0D8374622
:102D6000BB1BB278934210D307342B7FA88AE408A8
:102D7000B3B9844294BF00200120D2E7AB8A082473
:102D8000DB00083BDB08B370E6E7FB1C21460822AA
:102D90002846009300230834013702F00FF8DFE7DC
:102DA000201A18BF0120BCE7F7B5047F05460E4680
:102DB0002CB1838ACA2B02D9012003B0F0BD0023B5
:102DC000082228460096194601F0F8FF731CD4B972
:102DD00008220093234610241146284601F0EEFFF6
:102DE0007378C82BE8D801235F1C7278013B9342AB
:102DF00010D307342B7FA88AE408B3B9844294BF68
:102E000000200120D9E7AB8A0824DB00083BDB085F
:102E10007370E5E7F3192146082228460093002342
:102E200001F0CCFF08343B46DEE7201A18BF012032
:102E3000C3E70000F7B50D460446002116462846B4
:102E40008122FFF7C3FD234608220021284602F015
:102E5000F1F894F901206378002AB8BF7F238DF838
:102E600007309EB90F270DF10703072208212846D6
:102E700002F0E0F8002602349DF8073007EBC601A7
:102E80009E4205D30731C80803B0F0BD0827F1E71B
:102E9000A31908222846013602F0CCF8ECE700001E
:102EA000F7B50E460546002114463046CE22FFF700
:102EB0008DFD2B4628220021304602F0BBF82B7AEC
:102EC000C82B28BFC8238DF807308CB930240DF1EA
:102ED000070308222821304602F0ACF82F467B1B5E
:102EE0009DF80720934205D3E01DC00803B0F0BD54
:102EF0002824F3E707F10903214608223046083465
:102F0000013702F097F8EAE7F7B5047F05460E4669
:102F100034B1838AB3F5827F02D9012003B0F0BDBA
:102F20000123102200212846009601F047FFDCB95A
:102F3000B31C09221021284600932346192401F0CE
:102F40003DFF7388B3F5807FE7D83746BB1B728897
:102F5000934210D307342B7FA88AE408B3B9844284
:102F600094BF00200120D9E7AB8A1024DB00103B7E
:102F7000DB087380E5E73B1D2146082228460093C5
:102F800000230834013701F019FFDFE7201A18BFCA
:102F90000120C3E730B50A44084D91420DD011F825
:102FA000013B5840082340F30004013B2C4013F040
:102FB000FF0384EA5000F6D1EFE730BD2083B8ED7F
:102FC000F7B5384A6B46106851686A4603C3082350
:102FD0003549364809F06EFB0446002833D10A25EE
:102FE000334A6B46106851686A4603C30823314967
:102FF0002E4809F05FFB0446002849D00369B3F569
:10300000F01F45D8B0F8661040F69D7291423FD14E
:10301000294A024402F15C018B4239D35C3B2349CB
:1030200000209E1AFFF7B6FF04F1640107463246FE
:103030000020FFF7AFFFA3689F4229D1E3689842C1
:1030400008BF002524E00369B3F5F01F27D8418BA2
:1030500040F69D72914220D1174A024402F11001BC
:103060008B4218D3103B114900209D1AFFF792FFA5
:1030700004F1180106462A460020FFF78BFFA368DB
:103080009E4202D1E368984201D00D25A8E70025B1
:10309000284603B0F0BD1025A2E70C25A0E70B25BC
:1030A0009EE700BF70C80008DCFF1D00000002089A
:1030B00079C8000890FF1D000800FEF710B50B68E6
:1030C000044608469B6821609847204610BD0000D2
:1030D00010B5044600680368DB689847204610BDB9
:1030E00010B5037C044613B9006807F005FC2046C0
:1030F00010BD00000023BFF35B8FC360BFF35B8F85
:10310000BFF35B8F8360BFF35B8F7047BFF35B8F51
:103110000068BFF35B8F704770B505460C30FFF752
:10312000F5FF044605F108063046FFF7EFFFA04221
:1031300006D96D683046FFF7E9FF2544281A70BDAF
:103140003046FFF7E3FF201AF9E7000070B50546A7
:103150004068A0B105F10C0605F10800FFF7D6FFA5
:1031600004463046FFF7D2FF844204F1FF34304674
:1031700094BF6D680025FFF7C9FF2C44201A70BD6D
:1031800038B50C460546FFF7C7FFA04210D305F13E
:103190000800FFF7BBFF04446868BFF35B8FB4FB14
:1031A000F0F100FB11440120AC60BFF35B8F38BD30
:1031B0000020FCE72DE9F041144607460D46FFF7D5
:1031C000C5FF844228BF0446D4B1B84658F80C6BFA
:1031D0004046FFF79BFF3044286040467E68FFF77B
:1031E00095FF331A9C4203D801206C60BDE8F08142
:1031F000A41B6B603B682044AB60E8600220F5E7ED
:103200002046F3E738B50C460546FFF79FFFA0427E
:1032100010D305F10C00FFF779FF04446868BFF391
:103220005B8FB4FBF0F100FB11440120EC60BFF3B5
:103230005B8F38BD0020FCE72DE9FF4188466946D9
:1032400007466C46FFF7B6FF002506B204EBC6063C
:10325000B4420AD0626808EB050120680834FFF721
:103260008FFB54F8043C1D44F2E729463846FFF72B
:10327000C9FF284604B0BDE8F0810000F8B5054656
:103280000C300F46FFF742FF05F1080604463046B2
:10329000FFF73CFFA042304688BF6C68FFF736FF5F
:1032A000201A386020B12C683046FFF72FFF2044E9
:1032B000F8BD000073B5144606460D46FFF72CFF17
:1032C0008442019028BF0446DCB101A93046FFF7D3
:1032D000D5FF019B33B93268C5E90233C5E9002443
:1032E00001200CE09C42286038BF01940198844280
:1032F0006860F5D93368241A0220AB60EC6002B034
:1033000070BD2046FBE700002DE9FF410F466946EE
:103310006C46FFF7CFFF00B2002604EBC005AC42BD
:1033200009D0D4F80480B81954F8081B4246464422
:10333000FFF726FBF3E7304604B0BDE8F08100005C
:1033400038B50546FFF7E0FF044601462846FFF77B
:1033500017FF204638BD00000121884238BF0846CB
:1033600007F0C6BA08B107F0C7BA70477047000047
:1033700010B41346026814680022A4465DF8044B9A
:103380006047000000F5805090F869047047000025
:1033900000F5805090F862047047000000F58050FE
:1033A00090F96804704700004E207047302383F383
:1033B000118800F58052D2F8AC34D2F8A804184431
:1033C000D2F8A4341844D2F88C341844D2F89C347F
:1033D0001844D2F898341844002383F311887047B6
:1033E00000F58050C0F86414012070472DE9FF47B4
:1033F0000C4600F580510546BDF8308091F8620416
:1034000098B1D1F888040130C1F88804206886009A
:1034100006D4207B08280BD9667B0EB10F2807D96C
:10342000D1F88C340133C1F88C344FF0FF30A9E06F
:10343000302080F31188E86BD0F8C47017F40017BF
:1034400013D0D1F890040130C1F89004D1F894144D
:10345000002940F09A8021462846CDF8008001F0EE
:1034600071F8002383F311888CE0D0F8C4604FF02A
:103470004809686BC6F3044619FB060920684FEA41
:10348000461A0028B4BF40F0804C4FEA804CC9F87F
:1034900000C02068400044BF4CF00050C9F8000054
:1034A000300694F80CC040EA0C40C9F8040094F8C7
:1034B0000DC0BCF1000F26D040F44010C9F8040044
:1034C000D1F8C0040130C1F8C00405EB0A0101F5D0
:1034D0008351087F40F020000877207BCDE902234C
:1034E00001F088F80330DDE902238010F9B20137DA
:1034F000814210DA04EB810C09EB8101DCF804C095
:10350000C1F808C0F2E705EB0A0101F58351087F15
:103510006CF34510E0E70120E96B04F10C07B040C3
:10352000C1F8D00006F18301204605EB4111C1E945
:10353000002305EB461101F58351083150F804CB07
:10354000B84241F804CBF9D10088AA44088041F27E
:1035500078014AF801600AF5805A08F003019AF8E8
:103560007C0041F0100120F01F0001438AF87C101C
:10357000002181F3118821462846CDF8008000F013
:10358000E1FF012004B0BDE8F087002069E70000FA
:103590002DE9F04700F58056044696F86254002D58
:1035A00040F0048190F82030032B40F094802846AE
:1035B0002B462F465FFA80FC944510DA01EBCC0EC7
:1035C00051F83CC0BCF1000F04DBDEF804C0BCF1D4
:1035D000000F02DB01370130ECE70133FBE730205D
:1035E00080F31188E06BF3B9D0F8803043F0020328
:1035F000C0F880304E23E06B002F6FD1D0F88030C0
:1036000043F00103C0F88030694B6A4A1B6803F13C
:10361000805303F52C539B009342A36340F2B08088
:10362000654800F039FF4D2B42D8DFF884814FEA1E
:10363000034EDFF88891D8F800C04EEA8C0EC0F82F
:1036400084E00CF1805000F52C508000606203EBA8
:103650000C00D4F83CC0C3F14E03C8F80000DCF8FD
:10366000800040F03000CCF880004FF0000CD4F81F
:103670002480E6465FFA8CF08242BCDD01EBC00A92
:1036800051F83000002810DBDAF804A0BAF1000F7E
:103690000BDA09EA00400AF07F0A40EA0A0040F02B
:1036A000084048F82E000EF1010E0CF1010CE1E784
:1036B000836923F00103836100F0F4FE0646E36BA7
:1036C0009B69D90704D500F0EDFE831BFA2BF6D9D0
:1036D000002383F311882846BDE8F087B7EB530F2A
:1036E0003DD2DFF8CCE04FEA074CDEF800304CEA80
:1036F000830CC0F888C003F1805003EB4703002718
:1037000000F52C50CEF80030BC468000A062E06B83
:10371000D0F8803043F00C03C0F88030D4F828E0B3
:10372000FBB29A427FF770AF51F8330001EBC30848
:103730000028D8F8043001DB002B0EDB20F06040BD
:1037400023F0604340F0005043F000434EF83C004B
:103750000EEBCC000CF1010C43600137E0E783690C
:1037600023F00103836100F09DFE0646E36B9B6935
:10377000DA07ADD500F096FE831BFA2BF6D9A7E742
:10378000E26B936923F00103936100F08BFE07461F
:10379000E36B9B69DB0705D500F084FEC31BFA2BA6
:1037A000F6D995E7012586F8625491E7002592E75E
:1037B000585F0020FCB5004084C800080000FF07E7
:1037C00013B500F580540191606DFFF7BFFC1F2811
:1037D0000AD920220199606DFFF72EFDA0F1200388
:1037E0005842584102B010BD0020FBE708B5302315
:1037F00083F3118800F58050406DFFF77BFC0023B8
:1038000083F3118808BD00000022026082814260BB
:10381000826070470022002310B5C0E90023002316
:1038200004460C3020F8043CFFF7EEFF204610BDA4
:103830002DE9F0479A4688B00746884691463023DE
:1038400083F3118807F580546846FFF7E3FF606D46
:10385000FFF762FC1F282ED920226946606DFFF712
:103860006FFD202827D194F8623423B303AD44467A
:1038700005AB2E46083403CE9E4244F8080C44F8AB
:10388000041C3546F5D130682060B388A380DDE99B
:103890000023C9E90023BDF80830AAF8003000234E
:1038A00083F3118853464A464146384608B0BDE87E
:1038B000F04700F005BE002080F3118808B0BDE895
:1038C000F08700002DE9F84F0646884618220021AF
:1038D00004303546FFF77AF8254B06F5825745F850
:1038E000403B2C4620462034FFF794FFA742F9D1F5
:1038F00006F580544FF4805306F5A4594FF0000AA2
:103900002564002567654FF0000B06F58457E564D4
:10391000C4E91135012384F8503084F85830A7F1F8
:103920001800203747E910ABFFF76EFF47F8285C17
:103930004F45F4D184F86884A4F86A54A4F86C5410
:10394000A4F86E5484F87054A4F87254A4F8745413
:10395000A4F8765484F87854B8F1000F02D00548E2
:1039600000F09AFD044B3046F363BDE8F88F00BFCA
:10397000C4C80008A8C8000800A00040044B10B547
:10398000197804464A1C1A70FFF79CFF204610BDA8
:10399000555F00202DE9F04300295AD02E4E2F48C4
:1039A000B6FBF1F481428CBF0A201120431EB4FB08
:1039B000F0F700FB1740DDB220B1022B1846F5D816
:1039C000002032E07B1EB3F5806F2ED2C5EBC50818
:1039D0004FF47A7308F103044FEAE40EC4F3C7040A
:1039E0000EF10109281B0EFB033E5FFA80FC59FA19
:1039F00080F0BEFBF0F0B0F5617F18DC83B2601C94
:103A00005CFA80F07843B6FBF0F08142D8D1611EB9
:103A10000F29D5D80CF1FF310729D1D80120138007
:103A200057801071547182F806C0BDE8F08308F128
:103A3000FF34E010C4F3C70400F1010E2D1B00FB9E
:103A400003335FFA85FC5EFA85F5B3FBF5F39BB2B1
:103A5000D5E70846E9E700BF00B4C4043F420F00C1
:103A600030B50D4B05200D4D1C786C438C420ED1AA
:103A700059780120518099785171D97891711979CB
:103A800011715B7903EB83035B00138030BD013858
:103A900003F10603E8D1F9E708C9000840420F0026
:103AA00038B540F27772C36B154CC3F8BC200722BF
:103AB000C36BC3F8C8202268C16B930043F4C023D2
:103AC000C1F8A03002F1805302F16C01C56B03F51F
:103AD0002C53EA3289009B00226041F0E061094AE0
:103AE000C362C5F8C01003F5D87103F56A7341636A
:103AF0009342836302D9044800F0CEFC38BD00BF76
:103B0000585F0020FCB5004084C800082DE9F0474C
:103B100000F580551F4688B0044695F868348946FC
:103B20009046012B04D90026304608B0BDE8F08746
:103B30009F4A52F8231009B942F823009D48C4F85F
:103B40001C90017884F82070C9B9302383F3118860
:103B5000994BD3F8EC2042F48072C3F8EC20D3F8F0
:103B6000942042F48072C3F89420D3F8942022F475
:103B70008072C3F894200123037081F3118895F8B3
:103B800061647EB9302383F311880321132004F08C
:103B900041FE0321152004F03DFE012385F8613428
:103BA00086F31188302383F31188E26B936923F045
:103BB0001003936100F076FC8246E36B9E6916F079
:103BC000080609D000F06EFCA0EB0A03FA2BF4D92A
:103BD000002686F31188A7E79A6942F001029A61EC
:103BE00000F060FC8246E36B9A69D00706D400F0CF
:103BF00059FCA0EB0A03FA2BF5D9E9E79A694FF0D3
:103C0000000A42F002029A61E36BC3F854A08AF3FF
:103C10001188686DFFF76EFA202200216846FEF7D2
:103C2000D5FE02A8FFF7F0FD04F583536A460DF1B7
:103C3000180E3344CDF818A094460833BCE80300AE
:103C4000F44543F8080C43F8041C6246F4D1DCF850
:103C5000000020361860B6F5806F9CF804201A71B9
:103C6000DAD1002304F5A352494620460A3285F8EA
:103C7000603485F86334FFF78DFE064690B9E26B39
:103C8000936923F00103936100F00CFC0546E36B9C
:103C90009B69D9077FF547AF00F004FC431BFA2B63
:103CA000F5D940E795F86E34C5F87C94591E95F81F
:103CB0006F34E26B013B1B0243EA416395F87014D9
:103CC00001390B43B5F86C14013943EA0143D36160
:103CD000B8F1000F36D004F5A35241462046123207
:103CE000FFF7BEFE90B9E26B936923F00103936185
:103CF00000F0D8FB0546E36B9B69DA077FF513AF4D
:103D000000F0D0FB431BFA2BF5D90CE795F877248C
:103D1000C5F88084511E95F87824E36B013A1201AE
:103D200042EA012295F8761401390A43B5F8741471
:103D3000013942EA014242F40002DA604FF42062A3
:103D4000E36B9A64E36B4FF000082046C3F8BC8035
:103D5000FFF7A6FE85F869846FF04042E36B1A65B1
:103D6000164AE36B5A654FF00222E36B9A654FF0F7
:103D7000FF32E36BC3F8E0200322E36B9742DA657E
:103D80003FF4D2AEE26B936923F00103936100F03C
:103D900089FB0746E36B9B69DB0705D500F082FBD7
:103DA000C31BFA2BF6D9BEE6012385F86234BBE6C5
:103DB000505F0020545F002000440258550200026A
:103DC0002DE9F04F00F5A5578BB005469046994672
:103DD0004FF0000B41F2780A1037EB6BD3F8D83074
:103DE00023FA0BF3DC0753D505EB4B114FEA4B12CB
:103DF00051440B7918074BD405F58056D6F8943406
:103E00000133C6F89434C7E900890B79990605EBAC
:103E1000020148BFD6F8C434514444BF0133C6F848
:103E2000C4340B7943F008030B71DB0725D596F8F2
:103E3000633413B305F5835402A80192FFF7EAFC3B
:103E40000834019A05AB144404F1080C20680834C6
:103E500054F8041C1A46644503C21346F6D1206880
:103E600002A910602846A2889A800123ADF810307C
:103E70002B68CDE902891B6C9847D6F8B834D6F880
:103E800064040133C6F8B83410B103681B6998475D
:103E90000BF1010BBBF1200F9FD10BB0BDE8F08FF0
:103EA0002DE9F04F0F468DB0044600F0FDFA824632
:103EB0008946002F5BD1E36BD3F8A02012F4FE0FEC
:103EC00003D100200DB0BDE8F08FD3F8A4209201FB
:103ED00041BF04F58051D1F8A8240132C1F8A824CB
:103EE000D3F8A4205606ECD0D3F8A450E66AC5F364
:103EF00005254823E8464FF0000B03FB05664046C6
:103F0000FFF782FC326851004ABF22F06043C2F3DF
:103F10008A4343F00043920048BF43F0804300933C
:103F2000736813F400131BBF012304F580528DF84E
:103F30000D308DF80D301EBFD2F8C8340133C2F8F1
:103F4000C834F38803F00F038DF80C309DF80C0093
:103F500000F050FB5FFA8BF3984225D9F2180CA9B8
:103F60000BF1010B127A0B4403F82C2CEEE7012F16
:103F7000A7D1E36BD3F8B02012F4FE0FA1D0D3F891
:103F8000B420950141BF04F58051D1F8A824013235
:103F9000C1F8A824D3F8B420500692D0D3F8B45076
:103FA000266BC5F30525A4E7EFB9E36BC3F8A8506A
:103FB00004A807ADFFF72EFC98E80F0007C52B807B
:103FC0000023204604A9ADF81830236804F5805476
:103FD0001B6CCDE904A9984758B1D4F8A03401333B
:103FE000C4F8A0346EE7012FE2D1E36BC3F8B850F8
:103FF000DEE7D4F8A43401200133C4F8A43461E727
:104000002DE9F04105460F4600F58054012639465A
:104010002846FFF745FF10B184F86364F7E7D4F84A
:10402000B834D4F864040133C4F8B83420B1036858
:10403000BDE8F0411B691847BDE8F081C36BF0B5DE
:104040001A6C12F47F0F2BD01B6C00F5805441F2D8
:1040500078054FF0010CC4F8BC340023471900EB7D
:1040600043125E012A44117911F0020F15D049075D
:1040700013D4B959C66B0CFA01F1D6F8CCE011EAA9
:104080000E0F0AD0C6F8D410117941F00401117155
:10409000D4F89C240132C4F89C240133202BDED1B7
:1040A000F0BD000010B5264C264B22680AB340B381
:1040B0001A6D92050FD54FF400721A6500F0F4F9ED
:1040C00050EA01020B4602D0013861F100030246BA
:1040D0002068FFF775FE1B4A136D9B012AD52368E4
:1040E0004FF0007103F580531165012283F86924B4
:1040F00020E001221A6510221A654FF480521A65D9
:1041000010BD196DC80702D4196D490705D50521E1
:10411000104619650021FFF773FF0A4B1A6DD00690
:1041200002D41A6D510605D5502201211A65206866
:10413000FFF766FF2068BDE81040FFF77FBF00BFB4
:10414000505F002000A0004008B5302383F31188A1
:10415000FFF774FF002383F3118808BDC36BD3F806
:10416000C00010F07C5005D0D3F8C40080F40010DB
:10417000C0F340507047000008B5302383F3118826
:1041800000F58050406DFEF7C7FF002383F31188D0
:1041900043090CBF0120002008BD000000F580533A
:1041A00093F8692462B1C16B8A6922F001028A61C5
:1041B000D3F8AC240132C3F8AC24002283F869247C
:1041C000704700002DE9F743302181F31188002565
:1041D00000F5835141F2780E4FF0010800F5805C44
:1041E00000EB45147444267977071CD4F6061AD5DB
:1041F0008E69D0F83C9008FA06F6D9F8CC703E42A9
:1042000011D04F6801970F689742019F9F410AD2D2
:10421000C9F8D460267946F004062671DCF8984483
:104220000134CCF8984401352031202DD8D1002319
:1042300083F3118803B0BDE8F0830000F8B51E4693
:1042400000230F46054613701446FFF795FF80F0D4
:10425000010038701EB12846FFF780FF2070F8BDBE
:104260002DE9F04F85B099460D468046164691F8E7
:1042700000B0DDE90EA302931378019300F014F966
:104280002B7804460F4613B93378002B41D02246D1
:104290003B464046FFF796FFFFF756FFFFF77EFFCE
:1042A0004B4632462946FFF7C9FF2B7833B1BBF1A5
:1042B000000F03D0012005B0BDE8F08F337813B1B3
:1042C000019B002BF6D108F5805303935445029BC4
:1042D00077EB03031DD2039BD3F86404C8B10368D2
:1042E000AAEB04011B6898474B46324629464046D4
:1042F000FFF7A4FF2B7813B1BBF1000FDAD13378AD
:1043000013B1019B002BD5D100F0CEF804460F4627
:10431000DCE70020CFE7000008B50020FFF7C2FE71
:10432000BDE8084003F00CBC08B50120FFF7BAFE59
:10433000BDE8084003F004BC036800211B6818476F
:10434000043008B505F028FB012008BD10B521B1E7
:104350000368BDE810405B681847043005F0F0FAC8
:10436000012010BD043005F00DBB0000044B10B55A
:10437000044640F8043B05F0A1FA204610BD00BFFA
:1043800030C9000810B5084C01220849002002F08D
:1043900027FF23783BB1064804F0A2FD044804F04F
:1043A000D5FD0023237010BD5C5F002048C90008C4
:1043B000406200201D482DE9F041036D2BB9012218
:1043C0004FF48051503006F02FFC194E33780BB16A
:1043D000FFF7D8FF0324174F4FF00008134D15497E
:1043E0002846C7F8048004F0A3FD284604F0DCFB4F
:1043F00048B1013C284604F0A9FD14F0FF04EED1B9
:10440000204634700FE00C4901220C4802F0E8FE0F
:10441000014618B1284604F063FDEAE7084800F0B9
:1044200011F801203070BDE8F08100BF406200202B
:104430005C5F00203C23002048C90008605F00202A
:104440004CC900080FB4002004B0704700B59BB001
:10445000EFF3098168226846FEF792FAEFF30583CD
:10446000014B9B6BFEE700BF00ED00E008B5FFF7D6
:10447000EDFF000000B59BB0EFF3098168226846AC
:10448000FEF77EFAEFF30583014B5B6BFEE700BF9F
:1044900000ED00E0FEE700000FB408B5029805F05B
:1044A00077FBFEE706F084BA06F066BA0139C9B2B6
:1044B00002299EBF00EBC1000023C0E90133704711
:1044C0002DE9F8431E461B88054688465B0718D42D
:1044D000044600F118094C4513D063686BB12B6892
:1044E0002846DB6B98473388C1B2A76843F00403C2
:1044F00042466068B8470834EDE7A368002BEED168
:10450000F9E70120BDE8F88373B56C4684E806003E
:10451000014600224E68D5B26EB98E685EB900EBD6
:10452000C2000135021D94E8030082E80300012067
:104530001D7002B070BD01320831032AEAD100209B
:10454000F7E700002DE9F04F2DED028B89B004460E
:104550008B460546BDF8508000F11809002708F089
:10456000040A9FED228BA94537D06B680BB9AB6865
:1045700063B1BAF1000F0BD123682046DB6B98477B
:104580004346C1B25A46D5E90106B0470835EAE7C5
:10459000002FFBD15B4603AA0BF1080CADF80870A5
:1045A0008DED008B1868083353F8041C17466345DB
:1045B00003C73A46F6D1186838609B88BB8001274C
:1045C000FFF772FF0423ADF808302368CDE900013E
:1045D0001B6C694620469847D8E7012009B0BDEC1E
:1045E000028BBDE8F08F00BFAFF300800000000039
:1045F00000000000082817D909280CD00A280CD080
:104600000B280CD00C280CD00D280CD00E2814BF71
:104610004020302070470C20704710207047142035
:104620007047182070472020704700002DE9F041A6
:10463000456A15B94162BDE8F0814B68AC4623F08C
:104640006047C3F38A464FEAD37EC3F3807816EA05
:10465000230638BF3E462B465A68BEEBD27F22F077
:1046600060440AD0002A18DAA40CB44217D19D4243
:104670000FD10D60DEE71346EEE7A74207D102F047
:104680008044C2F3807242450BD054B1EFE708D2A8
:10469000EDE7CCF800100B60CDE7B44201D0B44296
:1046A000E5D81A689C46002AE5D11960C3E70000E6
:1046B0002DE9F047089D01F0070400EBD1004FF40D
:1046C0007F494FEAD508224405F00705944201D1FD
:1046D000BDE8F08704F0070705F0070A111B08EB97
:1046E000D50E57453E4613F80EC038BF5646C6F1A4
:1046F00008068E4228BF0E46E108415C344435442A
:10470000B94029FA06F721FA0AF1FFB28CEA010151
:1047100047FA0AF739408CEA010C03F80EC0D5E7D6
:1047200080EA0120082341F2210201B2013B40004E
:10473000002980B2B8BF504013F0FF03F5D1704795
:1047400038B50C468D18A54200D138BD14F8011BB0
:10475000FFF7E6FFF7E7000042684AB11368818976
:104760004360438901339BB29942438138BF8381BF
:104770001046704770B588B0044620220D46684642
:104780000021FEF723F920460495FFF7E5FF0246D6
:1047900060B16B46054608AE1C46083503CCB442F2
:1047A00045F8080C45F8041C2346F5D1104608B01E
:1047B00070BD0000082817D909280CD00A280CD091
:1047C0000B280CD00C280CD00D280CD00E2814BFB0
:1047D0004020302070470C20704710207047142074
:1047E000704718207047202070470000082817D90C
:1047F0000C280CD910280CD914280CD918280CD93D
:1048000020280CD930288CBF0F200E20704709209B
:1048100070470A2070470B2070470C2070470D200E
:10482000704700002DE9F843078C0446072F1ED976
:1048300000254FF6FF73D0E90298C5F12006A5F1D7
:10484000200029FA05F1083508FA06F628FA00F0E2
:10485000314301431846C9B2FFF762FF402D0346BA
:10486000EBD13A46E169BDE8F843FFF769BF4FF67F
:10487000FF70BDE8F883000010B54B6823B9CA8A01
:1048800063F30902CA8210BD04691A681C600361DF
:10489000C38A013BC3824A60EFE700002DE9F84F6D
:1048A0001D46CB8A0F468146C3F30901924605296E
:1048B0000B4630D00020AAB207F11A049EB21FFAAC
:1048C00080F8042E0FD8904503F1010306D30A4463
:1048D000FB8A62F309030120FB821AE01AF80060E8
:1048E0000130E654EAE79045F1D2A1F1050B1C2313
:1048F0007C68BBFBF3F203FB12BB1FFA8BF6002CA8
:1049000045D14846FFF728FF044638B978606FF074
:104910000200BDE8F88F4FF00008E6E700260660C9
:104920007860ADB24FF0000B454510D90AEB080393
:10493000221D13F8011B08F101089155B1B21FFAAD
:1049400088F81B292BD0454506F10106F1D8FB8AD2
:10495000C3F30902154465F30903BCE701321C46A1
:1049600092B22368002BF9D16B1F0B441C21B3FBBF
:10497000F1F301339BB29A42D3D2BBF1000FD0D1F5
:104980004846FFF7E9FE20B9C4F800B0BFE70122AE
:10499000E7E7C0F800B05E4620600446C1E7454541
:1049A000D5D94846FFF7D8FE08B92060AFE7C0F870
:1049B00000B0002620600446B6E700002DE9F04F65
:1049C0001C46074688462DED028B83B05B69019239
:1049D000002B00F0A780238C2BB1E269002A00F0A5
:1049E000A180072B35D807F10C00FFF7B5FE05466F
:1049F00038B96FF00205284603B0BDEC028BBDE864
:104A0000F08F14220021FDF7E1FF228CE16905F10E
:104A10000800FDF7B5FF208C48F00041013080B25E
:104A2000FFF7E4FEFFF7C6FE013880B220840130B4
:104A3000287438466369228C1B782A4403F01F03CC
:104A400063F03F03137269602946FFF7EFFD01250C
:104A5000D1E702330722C18A9BB20633B3FBF2F3DC
:104A6000828A9BB2521A92B29342C2D84FF0000986
:104A700000F10C034FF0800A4E464D4608EE103A06
:104A800018EE100AFFF768FE83460028B1D0142202
:104A90000021FDF79BFF002E3AD1019B0222ABF8CB
:104AA00008300BF1080E1FFA82FC218C0CF101007A
:104AB000BCF1060F80B201D88E422BD3FFF796FED1
:104AC0008E4208BF4FF0400AFFF774FE626901385A
:104AD000013512781BFA80F1013002F01F022DB26D
:104AE00042EA491289F001094AEA020A48F0004202
:104AF00081F808A059468BF810003846CBF80420FE
:104B00004FF0000AFFF792FD238CB342B8D172E751
:104B10000022C6E7E169895D01360EF80210B6B2DF
:104B20000132C0E76FF0010565E70000F8B51546F2
:104B30000E463022002104461F46FDF747FF069B24
:104B4000B5F5001FA760636004F11000079B34BF38
:104B50006A094FF6FF72E661A362002397B29A4298
:104B600006D800230360A782E3822383E360F8BDB5
:104B70000660013330462036F1E7000003781BB9A8
:104B80004BB2002BC8BF017070470000007870471F
:104B9000F8B50C46C969074611B9238C002B37D1EB
:104BA000257E1F2D34D8387828BB228C072A2CD894
:104BB000268A36F003032BD14FF6FF70FFF7C0FDB6
:104BC00020F0010031024FF6FF72400441EA056116
:104BD000400C41EA4025234629463846FFF7EEFEC1
:104BE000002807DD626913780133DBB21F2B88BF11
:104BF00000231370F8BD218A2D0645EA01250543DF
:104C00002046FFF70FFE0246E5E76FF00300F1E7ED
:104C10006FF00100EEE7000070B58AB0044616465A
:104C20000021282268461D46FDF7D0FEBDF8383029
:104C300069462046ADF810300F9B05939DF8403033
:104C40008DF81830119B0793BDF84830CDE9026507
:104C5000ADF82030FFF79CFF0AB070BD2DE9F041A0
:104C6000D36905460C4616460BB9138C5BBB377EE1
:104C70001F2F28D895F80080B8F1000F26D03046B5
:104C8000FFF7D0FD337821020246284641EAC331BE
:104C9000338A41EA080141EA076141EA03413346A8
:104CA00041F08001FFF78AFE00280ADD3378012BEE
:104CB00007D1726913780133DBB21F2B88BF002341
:104CC0001370BDE8F0816FF00100FAE76FF00300A8
:104CD000F7E70000F0B58BB004460D4617460021FB
:104CE000282268461E46FDF771FE9DF84C30294685
:104CF00020465A1E534253416A468DF800309DF8B3
:104D00004030ADF81030119B05939DF848308DF878
:104D10001830149B0793BDF85430CDE90276ADF8F6
:104D20002030FFF79BFF0BB0F0BD0000406A00B1E0
:104D300004307047436A1A68426202691A6003616C
:104D4000C38A013BC38270472DE9F041D0F820802F
:104D500014461D46184E4146002709B9BDE8F081AA
:104D6000D1E90223A21A65EB0303964277EB030312
:104D70001ED2036A8B420DD1FFF77EFD036A1B68CA
:104D8000036203690B60C38A0161013B016AC3824C
:104D90008846E2E7FFF770FD0B68C8F8003003694A
:104DA0000B60C38A0161013BC382D8F80010D4E7CD
:104DB00088460968D1E700BF80841E002DE9F04FC6
:104DC0008BB00D4614469B46DDF850908046002877
:104DD00000F01881B9F1000F00F01481531E3F2B31
:104DE00000F21081012A03D1BBF1000F40F00A81CB
:104DF0000023CDE90833B8F81430B5EBC30F4FEA00
:104E0000C30703D300200BB0BDE8F08F2B199F42DE
:104E1000D8F80C3036BF7F1B2746FFB21BB9D8F835
:104E20001030002B7AD0272D4DD8C5F1280600234D
:104E30002946B742009308ABD8F808002CBFF6B259
:104E40003E46A7EB060A354432465FFA8AFAFFF778
:104E50002FFCB8F81430282103F10053053BDB0088
:104E60000493D8F80C300393039B13B1BAF1000FED
:104E70002CD1D8F8100040B1BAF1000F05D008AB22
:104E80005246691A0096FFF713FC38B2002FB9D0CA
:104E900066070AD00AAB624203EBD40102F00702B4
:104EA00011F8083C134101F8083C082C3DD9102C9E
:104EB00040F2B580202C40F2B780BBF1000F00F02B
:104EC0009C80082335E0BA460026C2E7049BE02B0D
:104ED00028BFE02306930B44AB42059315D95A1B18
:104EE0000398691A0096924508AB00F1040034BF9C
:104EF0005246D2B20792FFF7DBFB079A1644AAEBA1
:104F0000020A1544F6B25FFA8AFA049B069A0599DA
:104F10009B1A0493039B1B680393A5E700933A46EF
:104F200008AB2946D8F80800ADE7BBF1000F13D055
:104F30000123B4EBC30F6BD0082C12D89DF820309E
:104F4000621E23FA02F2D50706D54FF0FF3202FAAD
:104F500004F423438DF820309DF8203089F8003088
:104F600051E7102C12D8BDF82030621E23FA02F24D
:104F7000D10706D54FF0FF3202FA04F42343ADF80F
:104F80002030BDF82030A9F800303CE7202C0FD8A5
:104F90000899631E21FA03F3DA0705D54FF0FF32B3
:104FA00002FA04F40C430894089BC9F800302AE77D
:104FB000402C2AD0611EC4F12102A4F12103DDE9B5
:104FC000086526FA01F105FA02F225FA03F3114306
:104FD0001943CB0711D50122A4F12003C4F120010C
:104FE00002FA03F322FA01F1A2400B43524263EBAF
:104FF000430332432B43CDE90823DDE90823C9E904
:10500000002300E76FF00100FDE66FF00800FAE60C
:10501000082CA1D9102CB4D9202CEED8C4E7BBF1B0
:10502000000FAED0022384E7BBF1000FBCD00423F5
:105030007FE70000012A30B5144638BF012485B04F
:105040000025402C28BF4024012ACDE9025518D85C
:105050001B788DF8083063070AD004AB624203EB7B
:10506000D40502F0070215F8083C934005F8083C07
:10507000034600912246002102A8FFF719FB05B064
:1050800030BD082AE4D9102A03D81B88ADF80830AF
:10509000E1E7202A95BF1B68D3E900230293CDE9FD
:1050A0000223D8E710B5CB681BB98B600B618B82EC
:1050B00010BD04691A681C600361C38A013BC38286
:1050C000CA60F0E703064CBFC0F3C030022070474F
:1050D00008B50246FFF7F6FF022806D15306C2F3D1
:1050E0000F2001D100F0030008BDC2F30740FBE729
:1050F0002DE9F04F93B004460D46CDE903230A682D
:105100001046FFF7DFFF0228824614BFC2F30626CF
:105110000026002A80F2F88112F0C04940F0F481A4
:10512000097B002900F0F081022803D02378B342E4
:1051300040F0ED81C2F3046310462944069302F067
:105140007F030593FFF7C4FF059B002283464FEAC8
:105150008348002348EA0A4848EA4668CE78CDE901
:105160000823F30948EA0008029368D0059B024629
:1051700008A92046009353466768B847002800F006
:10518000C981276A4FB9414604F10C00FFF7F2FAD2
:10519000074690B96FF0020055E03B6998450DD085
:1051A0003F68002FF9D1414604F10C00FFF7E2FA05
:1051B00007460028EED0236A3B60276297F817C0A5
:1051C00006F01F08CCF3840CACEB0800A8EB0C0332
:1051D0001FFA80FE0028B8BF0EF120001FFA83FEE0
:1051E000B8BF00B2002B0793B8BF0EF12003D7E978
:1051F0000221BCBF1BB2079352EA010338D0039BC4
:105200004FF0000CDFF81CE39A1A049B63EB0101DA
:1052100096457CEB01032BD36B7B97F81AE0734523
:1052200019D1029B002B78D0012821DC7868F8B9CD
:10523000DFF8ECC2944570EB010316D337E0276A20
:1052400027B96FF00C0013B0BDE8F08F3B699845AB
:10525000B4D03F68F4E7B24890427CEB010301D33D
:105260000020F0E7029B002BFAD0079B0F2B17DCE6
:10527000FA7DB3003946204602F0030203F07C03B6
:105280001343FB75FFF7F8FA6B7BBB76029B3BB9C8
:10529000FB7DC3F38402013262F38603FB75D0E722
:1052A0006A7BBB7E9A42DBD1029B002B35D0B309CF
:1052B000022B32D0039B142200210DA8BB60049B5B
:1052C000FB60FDF783FB039B0AA920460A93049B1E
:1052D000ADF83EB00B932B1D8DF840A00C932B7BAB
:1052E0008DF84180013BDBB2ADF83C30069B8DF878
:1052F0004230059B8DF8433094F82C3083F0010345
:105300008DF84430A3689847FB7DC3F384030133D1
:1053100003F01F039B02FB82A2E7FB7DC6F3401252
:10532000B2EBD31F40F0F980C3F38403434540F050
:10533000FB80029AB6092B7B002A52D016F0010698
:1053400061D1032B40F2F380039B394604F10C003A
:10535000BB60049BFB60FB8A66F30903AE1DFB8206
:1053600032462B7B033BDBB2FFF798FA00280CDABE
:1053700039462046FFF780FAFB7DC3F384030133EF
:1053800003F01F039B02FB8204E7AB88DDE908847E
:105390003B834FF6FF73C9F12000A9F1200228FAE0
:1053A00009F109F1080904FA00F024FA02F20143B4
:1053B00018461143C9B2FFF7B3F9B9F1400F0346DC
:1053C000E9D1B88231462A7B033AD2B2FFF7B8F965
:1053D000FB7DB882DA43C2F3C01262F3C713FB75D8
:1053E0003EE786B92E1D013B394604F10C00DBB2C5
:1053F0003246FFF753FA0028BADB2A7B3146B88AD7
:10540000013AD2B2E2E7F98A013BC1F30901DAB20B
:1054100004295BD8281D002307F11B069A4208D9EE
:1054200010F801CB013306F801C00131DBB20529C8
:10543000F4D1039993420A9138BF043304992CBFE5
:10544000002355FA83F30B9107F11B010C91796846
:105450000E930D91291DFB8AADF83EB0C3F30903ED
:105460008DF840A08DF841801A44069B8DF842309B
:10547000059BADF83C208DF8433094F82C3083F038
:1054800001038DF844300023B88A7B602A7B013AFF
:10549000FFF756F93B8BB882834203D1A3680AA970
:1054A0002046984720460AA9FFF7FCFDFB7DBA8AF3
:1054B000C3F38403013303F01F039B02FB823B8B86
:1054C0009A420CBF00206FF01000BCE67B68002BF6
:1054D000AFD0052001E01C3033461E68002EFAD103
:1054E000091A2E1D081D184401EB090C5FFA89F3F7
:1054F000BCF11B0F9DD89A429BD916F8013B09F1CC
:10550000010900F8013BEFE76FF009009BE66FF03F
:105510000A0098E66FF00B0095E66FF00D0092E63A
:1055200040420F0080841E006FF00E008BE66FF08B
:105530000F0088E6006870470346006859687047A6
:105540000B0A017043700B0C090E8370C170704719
:10555000110A027003714170110C120E8170C27039
:105560001A0A42711A0C1B0E8271C3717047000037
:10557000C36A0239023B8B4283BF4389006C01FB43
:105580000300002070470000C2F307238A76CB7621
:105590000378032B01BF120C0A75120A4A75704773
:1055A00000F10B010022D30143EA520310F8012B52
:1055B00052FA83F38842DAB2F5D110467047000000
:1055C00010B5417804460020013102464901022A03
:1055D00016BFA35C032203EBC03302F101021EBF1E
:1055E0009BB203EB500398B29142F0D810BD00007B
:1055F00002684AB1134613F8011B1F290DD93A2935
:10560000F9D1911C8B4202D04FF0FF3070471278D5
:10561000302AF9D1036000207047014B1878704799
:10562000B061002038B50D46044618B909200023A2
:105630002B6038BD0368002BF8D01A78002AF5D00B
:105640008188DA889142F1D1587804F0BBFC10F0DF
:105650000100EBD12368EBE738B50D4640F252313B
:10566000144602F0B9F9FF2807D9012C0BD9030A17
:10567000022468702B70204638BD30B1002CFAD05F
:1056800001242870F7E70024F5E70446F3E700005B
:105690002DE9F8430026D0F8008005460C468E76AA
:1056A000836B002B4AD098F80030042B4BD1334643
:1056B0003546402720E0B7F5187F80F0C480F90612
:1056C00006F1010608BF0237D05B02372BB900F59F
:1056D000205292B2B2F5006F0DD305F11A01C5F157
:1056E000FF0240EA03402144FFF7B6FF002800F024
:1056F000AA80054400200346D8F8102092F8231011
:10570000B142D8D8002B40F09E80002D00F09B8045
:1057100000232544AB766373D8F81020137903F087
:105720003701DB0621730BD402F13800FFF704FFC9
:10573000C4E9000193896381D3892381BDE8F8839B
:1057400000200146F4E7C36C01335ED1EA6B00230D
:105750002E26551E184615F8011F013020290CD0A1
:10576000052908BFE521092804D10B2B9EBFE718A6
:1057700001337E73E718013379730B28EBD1E118FD
:1057800000204873A17E00294BD1002B40D06FF040
:105790000C0604F10D000825361B331810F8011B08
:1057A000002938D02E298BB24AD0A3F14101192902
:1057B00003D8117B0D4200D020330373EDE7B9F11C
:1057C000000F05D100F520539BB2B3F5006F0BD34A
:1057D00007F11A01C7F1FF0240EA09402144FFF72F
:1057E0003BFF48B10744002002368146D8F80C3010
:1057F000985B0028E3D13846B9F1000F4FF0000262
:1058000018BF002023189A76A0E7B1463746EDE787
:105810003F23A3760123234400219976137B03B908
:105820006373D37A02F11C0003F03F032373002358
:10583000FFF780FE20606360D38A6381138B7CE76F
:1058400010250B46B9E73F230125A37660E700004A
:1058500038B50546002435F8020B08B9204638BD96
:1058600002F0EEF86308C2B203EBC43312FA83F31A
:105870009AB2C0F3072303EB520303EBC2339CB28B
:10588000E9E7000037B5C37804461BB90025284670
:1058900003B030BD00F14C01826C012340780191CE
:1058A00004F0B6FB054680B9A36BE070A06C226BD8
:1058B000C31A9342EAD2A3780199022BE6D102449B
:1058C0000123607804F0A4FBE1E70125DFE7000095
:1058D00038B5836C05460C468B4210D0FFF7D2FFDB
:1058E00060B92246012305F14C01687804F06CFB95
:1058F00000281CBF4FF0FF340120AC6438BD0020ED
:10590000FCE7000038B500230446C3704FF0FF33B6
:105910008364FFF7DDFF00284BD1B4F84A524AF602
:1059200055239D4207D10B22254904F14C0006F076
:10593000B1FE00283FD094F84C30EB2B03D0183345
:10594000DBB2012B2ED84AF655239D4206D1082200
:105950001C4904F19E0006F09DFE48B3B4F8573090
:10596000B3F5007F1ED194F85930DBB15A1E1A42AC
:1059700018D1B4F85A30ABB194F85C30013B012B2C
:1059800010D8B4F85D306BB1B4F85F307F2B06D817
:1059900004F16C00FFF7CEFDB0F5803F02D3B4F800
:1059A000623053B94AF6552085420CBF02200320CD
:1059B00038BD0420FCE70120FAE70020F8E700BF2B
:1059C00078C9000884C9000802392DE9F04701F0C0
:1059D00007044FF0010A466C05460AFA04F417461C
:1059E000984606EB1136C1F3C809E4B231462846A1
:1059F0000136FFF76DFF18B10120BDE8F087994629
:105A000005EB090292F84C30234214BF012100211A
:105A1000414513D06340013F82F84C3085F803A024
:105A2000EBD0640014F0FF04EAD109F10103012472
:105A30004FF00009B3F5007FE1D1D7E70220DCE7A2
:105A400001290246F8B50C4640F28C800668F36ADC
:105A50008B4240F287803378013B032B00F2828037
:105A6000DFE803F00229384B04EB5405B16B3046F4
:105A700001EB5521FFF72CFF10B14FF0FF30F8BDBF
:105A80006F1CC5F30805B16B3046354401EB572157
:105A900095F84C50FFF71CFF0028EED1C7F308071C
:105AA000E3073E4496F84C0045EA00204CBF00094D
:105AB000C0F30B00E3E7B16B304601EB1421FFF7B5
:105AC00007FF0028D9D1640004F4FF742644B6F817
:105AD0004C00D4E7B16B304601EBD411FFF7F8FE70
:105AE0000028CAD1A40006F14C0004F4FE7420443E
:105AF000FFF720FD20F07040C1E7D0E90430D579F0
:105B000053EA000101D0916801B95DBB9168022D93
:105B1000A4EB01010DD1013B728940F1FF305B0A1A
:105B200043EAC053B3FBF2F399421BD81CD0601C6C
:105B3000A5E7032D02D193698B42F8D8D3699BB9AD
:105B4000B16B304601EBD411FFF7C2FE002894D1AF
:105B5000A0004C3600F4FE703044FFF7EBFC20F060
:105B600000408CE701208AE76FF0004087E70000E3
:105B7000F8B5066804460D463378042B0CBF4FF089
:105B800080524FF400128A4201D80220F8BDCA06A2
:105B9000FBD182680163D2B9022B13D83389B3EBEE
:105BA000551FF2D9F36BA363A36B6263002BECD098
:105BB00003EB55234C36C5F308050020A363354499
:105BC000E563E3E7F36BC271002BE7D01A467789F0
:105BD0007F02BD42114604D23046FFF7C9FCA063E4
:105BE000E2E72046FFF72CFF431C024606D00128BF
:105BF000CBD9F36A8342C8D9ED1BEAE70120C5E798
:105C000001292DE9F04706460C46174608D9C36A14
:105C10008B4205D90378022B62D003D8012B22D006
:105C2000022552E0033B012BFAD8816B01EBD41122
:105C3000FFF74EFE0546002847D1A40006F14C03AD
:105C400004F4FE741C443378042B07D0204627F05C
:105C50007047FFF76FFC00F070400743394620465D
:105C6000FFF76EFC2FE001EB5108816B01EB58212F
:105C7000FFF72EFE054640BB14F0010406F14C0967
:105C800008F1010AC8F3080808BFFBB230461FBF7D
:105C900019F8083003F00F023B0103F0F00318BFBE
:105CA000134309F808300123B16BF37001EB5A215B
:105CB000FFF70EFE054640B9CAF3080A44B1C7F320
:105CC000071709F80A700123F3702846BDE8F0872A
:105CD00019F80A30C7F3032723F00F031F43F0E737
:105CE000816B01EB1421FFF7F3FD05460028ECD191
:105CF000640006F14C0304F4FF741F551919C7F32F
:105D000007274F70DFE70000F8B504460E46174638
:105D1000E3690BB91846F8BD012BA6EB0305206813
:105D200014BFAA1C3A46691CFFF76AFF0028F2D18B
:105D3000E369013BE361EBE701292DE9F8430646FE
:105D40000C461746056802D80220BDE8F883EB6AC6
:105D50008B42F9D97AB9A14621463046A046FFF7D1
:105D60006FFE0446B0B92B78042B02D1002F43D12B
:105D7000F7710020E9E72B78042B02D1C379022BBD
:105D8000E9D04FF0FF3239462846FFF739FF0028A7
:105D9000E1D0DAE70128D7D0421C01D10120D4E7B5
:105DA0002B78042B19D1EA6AAB69023A93421CD3CF
:105DB00008F10102A2420CD02B78042B08D1002359
:105DC000A2EB090249462846FFF7FEFD0028BCD198
:105DD000A146EB6AA342BFD8C5E700224146284648
:105DE000FFF70EFF0028DED0AFE70133AB612B7960
:105DF00043F001032B71DBE7F3798BB9B468BC4244
:105E000002D10223F371B4E721463046FFF718FEB2
:105E1000012899D9431CC1D001348442EFD0A8E7AE
:105E2000032BA6D1B368BB42A3D8B2691344BB42CB
:105E30009FD3E6E770B5C3790446032B06D181688A
:105E40008369CD18A94203D10023E371002070BDFE
:105E50004E1C20683246FFF7D3FE0028F7D13146AA
:105E6000F0E700002DE9F74305460191FFF70AFD31
:105E70000446002849D105F14C09019928464FF400
:105E80000072FFF775FB2146A86407464846FCF7F9
:105E90009DFD6C896402B4F5004F28BF4FF40044A7
:105EA000B4F5007F2FD9204604F038FD804630B18C
:105EB00022460021640A0026FCF788FD09E06408F8
:105EC000EEE72346BA194146687804F0A1F818B9FC
:105ED00026446B899E42F4D3404604F02FFD688926
:105EE000801B18BF012003B0BDE8F08301366B8929
:105EF0009E42F4D20123BA194946687804F088F822
:105F00000028F3D0EBE70026F1E70120EBE70000E3
:105F1000F8B50446FFF7B6FC0546002842D12378C1
:105F2000032B37D12779012F34D104F14C060146D8
:105F30004FF400723046FCF749FD5523412272218F
:105F400084F84A32AA2304F50D7084F84F2084F8AF
:105F50004B32522384F8301284F84C3084F84D30A0
:105F6000612384F8311284F84E3084F83332A16909
:105F700084F83222FFF7E4FA616904F50E70FFF746
:105F8000DFFA626B3B46314601326078A26404F06E
:105F90003FF8257100226078114604F05DF8003862
:105FA00018BF0120F8BD000000232DE9F0430B606D
:105FB00085B00F461546FFF71BFB061EC0F2B281E7
:105FC000804B53F82640002C00F0AE813C6005F079
:105FD000FE0523786BB1607803F0F4FFC70708D49F
:105FE0001DB110F0040500D00A25284605B0BDE813
:105FF000F0830023F0B22370607003F0CFFFC1077D
:1060000000F194810DB14207EED400212046FFF744
:1060100079FC022840F099806E4604F2122304F2C3
:106020005221324618461033FFF784FA42F8040B27
:106030008B42F7D1002556F8041B00297DD020465D
:10604000FFF760FC012879D80128A26C40F0C080DD
:1060500004F1570304F18C0113F8015B002D7BD18F
:106060008B42F9D1B4F8B430B3F5807F74D194F891
:10607000B830092B70D104F19400FFF75DFA4FF0AE
:10608000FF33171841F10001BB4275EB010363D3E5
:1060900004F1A000FFF74EFA94F8BA302063012B08
:1060A000A37059D194F8B99003FA09F91FFA89F34A
:1060B0006381002B50D0444B04F1A800FFF73AFA5B
:1060C0000646984248D8831C626304F1A400E36248
:1060D000FFF730FA00EB020804F19C00C4F840809E
:1060E000FFF728FA10441FFA89F2A06306FB02F3B7
:1060F00013EB080345EB05029F4271EB02032BD320
:106100002E4604F1AC00FFF715FAE06365B9638928
:10611000B34221D9E16B2046FFF72AFA81192046C4
:10612000FFF7D6FB98B90136631993F84C30812BF1
:1061300014D02035C5F30805E8E703200135042D08
:106140007FF479AF042807D101E0042801D10125AB
:106150004BE701287FF678AF0D2546E705F11400DF
:1061600004F14C063044FFF7E5F901280546F3D960
:10617000E36A8342F0D96189821E236C02FB0133FA
:106180006364A16B204601EBD511FFF7A1FB00284A
:10619000DDD105F07F0006EB8000FFF7CBF9431C53
:1061A00003D00135A842ECD0D6E70425C4E90500A8
:1061B000064A257000251388E56101339BB21380E0
:1061C000E38012E7B4610020FDFFFF7FB86100208B
:1061D000B4F85730B3F5007FBED1B4F8626026B989
:1061E00004F17000FFF7A6F9064694F85C302663C8
:1061F000591EA3700129AFD894F859506581002D1C
:10620000AAD0691E2942A7D1B4F85D8018F00F0FFB
:10621000A4F80880A0D1B4F85F0018B904F16C00AC
:10622000FFF788F9B4F85A10002995D006FB03FE51
:1062300001EB181CF44460458ED3A0EB0C00A8427F
:10624000B0FBF5F388D33E48834285D84FF6F5700E
:1062500083426DD903259F1C114402EB0C03032DCF
:10626000E7626263A16323644CD1B4F8763053EAE9
:1062700008037FF471AFBB0004F17800FFF75AF90F
:10628000E06303F2FF13B6EB532FFFF465AF4FF05B
:10629000FF33032DC4E905334FF08003237187D109
:1062A000B4F87C30012B83D1511C2046FFF710FB42
:1062B00000287FF47DAFB4F84A224AF655232071B6
:1062C0009A427FF475AF1F4B04F14C00FFF732F98F
:1062D00098427FF46DAF03F1FF5304F50C70FFF7A4
:1062E00029F903F50053203398427FF461AF04F598
:1062F0000D70FFF71FF9A06104F50E70FFF71AF992
:10630000606155E7B8F1000F3FF426AF7144022DEC
:106310004FEA4703E1631EBFD91907F0010303EBFE
:106320005103AEE70B2560E60C255EE603255CE62F
:1063300040F6F575AB428CBF022501258BE700BF07
:10634000F5FFFF0F525261412DE9F84F07460568EE
:10635000884649B96E69C6B1EB6AB34298BF012657
:10636000AB69A3B9002405E0FFF76AFB01280446E6
:1063700003D801242046BDE8F88F421C00F0D280EB
:10638000EB6A8342F6D84646EAE70126E8E72A7830
:10639000EB6A042A40F08380A6F1020A023B4FF028
:1063A000010B9A4528BF4FF0000AD146696C284678
:1063B00001EB1931FFF78CFA00283BD109F00703F4
:1063C000EA6AC9F3C8010BFA03F3901EDBB26A183C
:1063D0004C4609F1010992F84C20814502EA03027A
:1063E00033BF5B0000234FF40071DBB228BF994636
:1063F000B2B90234631E0333BCD8012321462846B8
:106400001A46FFF7E1FA0228B3D0012800F08A808B
:10641000B8F1000F13D10223FB710028A9D130E09D
:10642000CA450AD0002BD2D10131B1F5007FBDD2CF
:106430000123CCE74FF0FF34DCE70024DAE7FB79F7
:10644000022B07D1731CA342E7D0BB68F31ABB61D0
:106450000323FB7108F10102FB69A24205D113B1CC
:106460000133FB61D9E70223FBE70BB90123FB6191
:10647000224641463846FFF747FC00284FD101230A
:10648000FB61EA6AAB69023A6C6193429CBF03F11B
:10649000FF33AB612B7943F001032B716AE746456B
:1064A00014D1741C3846A34298BF02242146FFF73A
:1064B000C7FA01283FF45DAF431C33D0E0B16B69EC
:1064C000012B03D9EA6A934238BF1E463446013491
:1064D000EB6AA34203D8012E7FF644AF0224214683
:1064E0003846FFF7ADFA48B101283FF442AF01301A
:1064F00018D0B442EBD135E7002CE7D04FF0FF3293
:1065000021462846FFF77CFB48B9B8F1000FB8D008
:10651000224641462846FFF773FB0028B1D00128E8
:106520007FF427AF4FF0FF3424E700002DE9F84354
:1065300006680446076B894633782037042B0CBF66
:106540004FF080534FF40013BB429CBF0023836382
:10655000836B73B1C7F30808B8F1000F3CD1013366
:10656000416B836339B93389B3EB571F34D80023A8
:10657000A36304200AE07389013B13EA57232BD15C
:10658000FFF75EFA0128054602D80220BDE8F8832D
:10659000421C01D10120F9E7F36A834216D8B9F110
:1065A000000FE4D0616B2046FFF7CEFE0546C8B170
:1065B0000128EAD0431CEDD001463046FFF752FCDB
:1065C0000028E7D1E37943F00403E371294630461C
:1065D0006563FEF7CDFFA0634C3600202763464479
:1065E000E663D3E70720D1E7F8B50E46002104465D
:1065F0000768FFF7BDFA98B90546A16B3846FFF763
:1066000067F968B93A78E36B042A1B780CD11B064A
:106610000ED5054601212046FFF788FF0028ECD063
:10662000042808BF072006E0E52B01D0002BF0D19D
:106630000135B542EED1F8BDC16C4B1C2DE9F041DE
:1066400004460568066B1FD1E5274FF00108A16BD2
:106650002846FFF73DF998B92A78E36B042A09BF69
:106660001A781F7002F07F021A7085F80380236B7E
:10667000B3420DD200212046FFF758FF0028E6D094
:10668000042808BF022003E0FFF772FA0028DBD0DD
:10669000BDE8F0812DE9F04105460068A96B066967
:1066A000FFF716F9044620B9EB6B1A78852A03D058
:1066B00002242046BDE8F081324603F1200153F860
:1066C000040B8B4242F8040BF9D1777801377F0134
:1066D000A7F16003B3F5007FEAD800212846FFF751
:1066E00025FF04280446E3D00028E2D1A96B2868DE
:1066F000FFF7EEF804460028DBD1EB6B1A78C02ACE
:10670000D6D106F1200203F1200153F8040B8B428D
:1067100042F8040BF9D196F823300F222C33B3FB47
:10672000F2F3B7EB431FC3D34FF0400800212846D4
:10673000FFF7FCFE04280446BAD00028B9D1A96BA3
:106740002868FFF7C5F804460028B2D1EB6B1A7829
:10675000C12AADD1B8F5187F09D206EB080203F1C2
:10676000200153F8040B8B4242F8040BF9D108F1D5
:1067700020084745DAD8B8F5187F9AD83046FEF792
:106780001FFF7388834294D092E700000B680022B9
:1067900010B5036004460B6A83604B6AC261C37123
:1067A00023F0FF03896AC0E90432C164FFF7E0F90E
:1067B00020B92046BDE81040FFF76CBF10BD0000B7
:1067C000F8B50368054601271C692046FEF7F8FE68
:1067D000A070000A6678E0702846E96CFFF7C8F9F7
:1067E00020B1022828BF0220C0B2F8BDA96B2868DA
:1067F000FFF76EF80028F4D1EB6B04F1200254F897
:10680000041B944243F8041BF9D12B68DF70002E5F
:10681000E7D000212846013EFFF788FEE0E70000B0
:106820002DE9F8434FF0FF08064607680424454663
:106830004FF6FF79B16B11B9002C73D063E0384685
:10684000FFF746F8044600285DD1F06B0378002B73
:106850006ED03A78042A11D1852B4DD1336B304656
:10686000F364FFF717FF044600284CD13B691B79FE
:1068700003F03F03B3712046BDE8F883C27AE52BED
:1068800002F03F02B27143D02E2B41D022F0200102
:1068900008293DD00F2A40D1590637D503F0BF054E
:1068A000336B90F80D80F364437B434530D1428BCA
:1068B00072BB03780D21FC6823F04003DFF874E01D
:1068C000013B4B4301211EF801CB30F80CC009B34A
:1068D000FF2B1DD824F813C06146013301320D2A65
:1068E000F1D10278520605D521B1FF2B10D8002234
:1068F00024F81320013DEDB200213046FFF716FECB
:106900000446002896D00023B363B4E7AB42CBD053
:10691000FF25F1E7CC45E1D0FAE72DB9FEF740FEBF
:10692000404501D10024A6E74FF0FF33F364A2E70E
:106930000424E8E720CA00082DE9F04F002187B0C1
:106940000446D0F80090FFF713F9804670B999F823
:106950000030042B33D1D9F80C00FEF779FF07463D
:106960002046FFF75DFF054620B18046404607B050
:10697000BDE8F08FD9F810309A8CBA42F0D193F874
:1069800023B040265D4506D1D9F80C3033F81530D8
:10699000002BE5D1EAE7F106D9F8103008BF02363E
:1069A000985B01F04DF8D9F80C30824633F81500A9
:1069B00001F046F88245D3D102360135E2E74FF0C7
:1069C000FF0A4FF0FF3B5546C4F84CB0A16B484658
:1069D000FEF77EFF00285CD1E66B3778002F77D07A
:1069E000F27AE52F02F03F03A37103D0120704D51A
:1069F0000F2B04D0C4F84CB04FE00F2B54D194F8B7
:106A00004B3058063FD4790645D5236B07F0BF07B6
:106A100096F80DA0E364737B53453ED1738B002B36
:106A20003BD135780121D9F80C3005F03F050193B1
:106A30000D23013D5D43284B13F8012BB25A71B36E
:106A4000FF2D059329D81046049200F0F9FF6B1C26
:106A500003900293019B33F8150000F0F1FF0399B6
:106A600081421AD1049A029D1146059B1B4A93420A
:106A7000E2D133785A0604D519B1019B33F81530A9
:106A80005BB97D1EEDB200212046FFF74FFD0028C7
:106A90009CD080466AE7BD42BDD0FF25F3E74FF6A4
:106AA000FF708242E2D0F8E72DB93046FEF778FD5C
:106AB00050453FF45BAF94F84B30DB079AD40B2280
:106AC00004F14001304605F0E5FD002892D14DE784
:106AD0004FF004084AE700BF20CA00082DCA00088A
:106AE0002DE9F04F90F84BB099B004461BF0A0058B
:106AF00040F068810668F26832F81530002B4AD100
:106B00003378042B40F087800F230E352046B5FBE9
:106B1000F3F5A91CFFF768FD8146002877D1236BA8
:106B20000135A3EB4515E3795A07E56435D523F024
:106B300004032046E371FFF77DF950BB4FF0FF32AD
:106B4000616B2046FFF7E0F818BBA3682BB3214622
:106B500004A8FFF71BFEE0B970894FF40071D4E977
:106B60000423E0FB01233069C4E904233830FEF735
:106B7000EFFC3069D4E904232830FEF7E9FCE3791F
:106B8000326904A843F0010382F82130FFF718FEB0
:106B900018B181463BE00135AEE7D6E90354402207
:106BA00000212046FBF712FF85230121402223709C
:106BB000C0234FF0C10C04EB010884F820300023FF
:106BC0001E469E46571C04F802C0F0B2023204F87A
:106BD00007E021B135F8131009B10133DBB20F0A18
:106BE000A15408F802700232D706F2D135F81370BA
:106BF0000136002FE6D184F82330831C28466370C9
:106C0000FEF726FE84F82400000A84F82500484692
:106C100019B0BDE8F08F04F140070DF1100A1BF028
:106C2000010F97E807008AE8070000F0D3804023AF
:106C30004FF0010884F84B30BC46F368B8F1050FFB
:106C40009AE80700ACE803002CF8022B4FEA124246
:106C50008CF8002059D9981E424630F8021F0029AE
:106C600042D10DF10F0C072102F00F0E91461209CF
:106C70000EF13000392888BF0EF1370001390CF8C9
:106C8000010902D0B9F10F0FEED818AB7E205A18C7
:106C900002F8580C38460022914206D010F801CB79
:106CA00002F1010EBCF1200F31D104F13F0C072994
:106CB00002F1010297BF18AB20205818013198BF8C
:106CC00010F8580C072A0CF80200F0D92046FFF7FC
:106CD00033FE8146002878D108F10108B8F1640F2D
:106CE000AAD14FF0070992E74FF0100C01F0010E06
:106CF00049080EEB4202D30344BF82F4883282F08B
:106D00002102BCF1010CF1D1A7E74246A9E7724686
:106D1000C2E7216B2046A1EB4511FEF729FF814612
:106D200000287FF474AF4FF6FF783846FEF738FC42
:106D30000190A16B3046FEF7CBFD814600287FF421
:106D400066AFE36BE9B2019A4FF00D0CD6F80CE098
:106D50005A734FF00F02DFF8E0A0DA724A1E187380
:106D60000CFB02F284469876D87640451AF8019BCF
:106D70000CF1010C18BF3EF8120003EB090B18BF11
:106D8000013203F809004FEA1029002808BF4046E5
:106D9000BCF10D0F8BF80190E7D1404502D03EF8D1
:106DA00012200AB941F04001197001230021204648
:106DB000F370FFF7BBFB814600287FF428AF013D4D
:106DC000B7D11BE04FF0060921E704287FF41FAF7D
:106DD00084F84BB01BF0020F20461BBF0C350D2171
:106DE0000125B5FBF1F518BF01352946FFF7FCFB7E
:106DF000814600287FF40BAF013D8AD1A16B30465C
:106E0000FEF766FD814600287FF401AF014620228F
:106E1000E06BFBF7DBFDE36B03CF18605960BA78DA
:106E200039889A72198194F84B30E26B03F0180399
:106E300013730123F370EAE620CA000810B5044674
:106E40000A463430FEF776FB886004F13800FEF71E
:106E500073FBC2E9040194F8213003F00203D371FB
:106E60000023D36110BD000003284B8B04BF8A8A26
:106E700043EA0243184670472DE9F04F0B7899B06A
:106E8000044689462F2BD0F800B001D05C2B09D1E5
:106E90004A461378914601322F2BFAD05C2BF8D05A
:106EA000002301E0DBF81C30A3600023E3619BF8C2
:106EB0000030042B1ED1A368E3B1DBF8203021465B
:106EC00004A82362DBF824306362DBF82830A36275
:106ED000FFF75CFC0346002854D1DBF8102002F1D8
:106EE0003800FEF727FBC4E9040392F8213003F0D1
:106EF0000203E37199F800301F2B00F235818023E3
:106F00000021204684F84B3019B0BDE8F04FFEF761
:106F10002FBE49460B78894601312F2BFAD05C2BC6
:106F2000F8D01F2B8CBF00250425012F2FD11388EB
:106F30002E2B31D1002322F8173004F140029F425A
:106F40008CBF2E21202101330B2B02F8011BF6D11F
:106F500045F02005204684F84B50FFF7EDFC94F8EF
:106F60004B30002800F0E78004280BD1990603F08D
:106F7000040240F1DC80002A00F0F680802300202B
:106F800084F84B3019B0BDE8F08F0425CDE7022F0F
:106F900002D153882E2BCAD0911E87BB002322F822
:106FA0001730002F00F0118132F813001946013319
:106FB0002028F9D009B92E2801D145F00305901EEB
:106FC00030F817302E2B01D0013FF9D14FF020338C
:106FD0004FF0000A6364D0462364C4F847300823A6
:106FE000481C32F811600090F6B1202E03D02E2EEE
:106FF0000DD1B84210D045F003050099F0E731F803
:107000001730202B01D02E2BC8D1013FC5E79A4560
:1070100005D20099B9423BD10B2B30D101E00B2BAB
:1070200027D145F003050B2394F84020E52A04BF3F
:10703000052284F84020082B04BF4FEA88085FFA35
:1070400088F808F00C030C2B03D008F00303032B83
:1070500001D145F00205A8073FF57CAF18F0010FFC
:1070600018BF45F0100518F0040F18BF45F00805CB
:1070700070E70099B94202D045F00305D4D84FEA31
:1070800088080B234FF0080A00975FFA88F8B4E7E6
:107090007F2E15D9304640F25231CDE9022345F01A
:1070A0000203019300F098FC10F0800F0646DDE922
:1070B000022316D000F07F0646498E5D019D46B33F
:1070C00031464548CDE9012305F030FBDDE90123D8
:1070D000F8B9A6F1410189B219291ED848F0020871
:1070E00010E0FF28EAD9591E8A4503D345F003056D
:1070F0009A4682E704EB0A01000A0AF1010A019D9F
:1071000081F8400004EB0A010AF1010A81F84060AD
:1071100073E745F003055F26F4E7A6F1610189B244
:1071200019299EBF203E48F00108B6B2EAE7002ABE
:1071300008BF052026E75A073FF524AFA379DB06F1
:1071400045D59BF80000042835D1A3682146E27993
:1071500023622369DBF8100023F0FF03134363620B
:10716000E36CA362FFF76AFE23680027DA6819F868
:10717000010B00283FF409AF40F25231009200F0B9
:107180004BFC054608B31F28009A7FF6FEAE2F2859
:107190003FF4BFAE5C283FF4BCAE7F2805D8014663
:1071A0000E4805F0C3FA009A78B9FF2F0DD022F8E7
:1071B00017500137DBE7216B0BF14C03C1F30801DA
:1071C0001944FFF751FEA060CEE70620DAE605205D
:1071D000D8E600BFA0C9000899C9000890C90008F6
:1071E0001FB5CDE9001003A814460391FEF700FA7D
:1071F000002815DB0B4A52F820300BB10021197022
:10720000019B0BB10021197042F820302CB10022F3
:1072100001A96846FEF7C8FE0446204604B010BD2A
:107220000B24FAE7B46100202DE9F04798B09046AE
:1072300005460191002800F0528102F03F0603A9A3
:1072400001A83246FEF7B0FE002840F04681039BBD
:107250004FF48C60049303F061FB0746002800F0B4
:107260004081039B00F500720199D86004A81A615F
:10727000FFF702FE044620B99DF95B30002BB8BF32
:10728000062418F01C0F00F0CD80002C4CD0042CEC
:1072900040D104A8FFF724FC044600283AD146F068
:1072A0000806039B1A78042A40F08380186929464F
:1072B0002B60FFF7C3FD039B1E22002118690230DB
:1072C000FBF784FB039C00211A2220692630FBF780
:1072D0007DFB236920221A71246903F09DFB01467E
:1072E000012208342046FEF72BF9039B04A81B69F2
:1072F00083F82120FFF764FA044658B9A96801B35E
:1073000002462846FEF718FDAB68039A0446013B87
:107310005361B4B1384603F011FB0CB100232B606C
:10732000204618B0BDE8F0879DF8163013F0110F15
:1073300040F0848018F0040F40F0C98018F0080F66
:10734000AFD1039A31071399936C48BF46F04006BA
:10735000E964AB641078042872D1069B9DF817107D
:107360002B62089B106923F0FF030B4329466B62D5
:10737000179BAB62FFF762FDDDF80CA00024002232
:1073800005F15008BAF8063021464046C5F800A07D
:10739000AB80002385F8306085F831406C64C5E926
:1073A0000E234FF40072FBF711FBB20653D40024F6
:1073B000B0E703F031FB0146009013980E30FEF762
:1073C000BFF8139800991630FEF7BAF8039C13998A
:1073D0002078FFF749FD202300228046CB7220460B
:1073E0001399FEF7D1F8139B002201211A775A77DF
:1073F0009A77DA77039BD970B8F1000FA1D0414694
:1074000004A8D3F84890FEF797FC0446002881D1E1
:1074100049460398FEF75CFA039B044608F1FF30E7
:10742000586176E7002C7FF475AF9DF81630DC06C6
:107430004FD418F0020F84D0D80782D5072469E70B
:10744000FFF712FD0023A86001F11C00FEF772F89F
:107450006B61286190E7D5E9046956EA0903A6D073
:10746000BAF80AA0A9684FEA4A2AC5E90E69B245E6
:1074700074EB09031BD300242964002C7FF44AAF6A
:10748000C6F30803002B92D0039C2046FEF770F849
:1074900008B3760A0123414646EAC95682196A644E
:1074A000607802F091FD041E18BF012432E72846DF
:1074B000FEF7C6FAB6EB0A06014669F10009012893
:1074C00003D9431CD3D10124D6E70224D4E70824EE
:1074D00020E704241EE702241CE704461EE70924D3
:1074E0001EE711241CE700002DE9F04F994685B0F6
:1074F0000023884603A90446C9F800301646FEF763
:1075000091F8054680BB94F831506DBB94F830304B
:1075100013F00103009300F0A68004F1500AD4E9AF
:107520000432D4E90E011B1A62EB0102B34272F17C
:10753000000238BF1E46BEB1D4E90E10C1F30803E5
:10754000002B40F08280039B5A894B0A013A43EAA0
:10755000C0531A401BD151EA000309D1A068012889
:107560000DD8022584F83150284605B0BDE8F08FCB
:10757000216C20460192FEF763FA019AEFE7431C63
:1075800004D10123009D84F83130EDE72064DDF85B
:107590000CB0216C5846FDF7EBFF0028E1D0B6F5A2
:1075A000007F02EB000731D3BBF80A1002EB562034
:1075B000730A88429BF8010088BF8B1A3A464146FD
:1075C000019302F001FD0028DBD194F93020019BEA
:1075D000002A0BDA606CC01B984207D24FF400728D
:1075E000514608EB4020FBF7CBF9019B5F02D9F82D
:1075F0000030F61BB8443B44C9F80030D4E90E32E1
:10760000DB1942F10002C4E90E3294E7626CBA421F
:107610001AD094F93030002B0DDA012351469BF833
:10762000010002F0F5FC0028ABD194F8303003F0F3
:107630007F0384F83030039801233A46514640785E
:1076400002F0C2FC00289CD16764A16B4046C1F3E4
:107650000801C1F500775144B74228BF37463A4682
:10766000FBF78EF9C3E707257EE7000070B596B0FB
:107670000E460022019002A901A8FEF795FC0446DF
:10768000E0B94FF48C6003F049F90546D8B1029B8C
:1076900000F500720199D86002A81A61FFF7ECFBAF
:1076A000044640B99DF95330002B0ADB1EB1314628
:1076B00002A8FDF7EDFF284603F040F9204616B07A
:1076C00070BD0624F7E71124F8E7000070B5B8B0E4
:1076D0000222019003A901A8FEF766FC044608BB3C
:1076E000039B4FF48C60109303F018F905460028B3
:1076F00066D0039B00F500720199D86010A81A614A
:10770000FFF7BAFB044650B99DF88B30980655D464
:10771000190653D49DF84630DA0706D507242846C3
:1077200003F00CF9204638B070BD039B0493187821
:10773000042814D104A91869FFF780FB069E9DF860
:107740004630DB0610D410A8FEF776FF044600286A
:10775000E5D156BB0398FEF7DBFB0446DFE71F9934
:10776000FFF782FB0646EAE7039BDA69B242D5D00F
:1077700024930021269624A81B78042B01BFDDE961
:107780000823CDE928239DF817308DF89730FEF7B0
:10779000EFF904460028C2D124A8FFF741F80446B7
:1077A0000028BBD00428BAD1CDE70246314604A850
:1077B000FEF7C2FA04460028B1D1CBE70624AEE7B3
:1077C0001124AFE7F0B5BDB0CDE900106846FDF774
:1077D0000FFF022203A901A8FEF7E6FB04460028DA
:1077E00041D1039B4FF48C60149303F097F8054646
:1077F000002800F0EE80039B00F5007214AE0199A2
:10780000D8601A613046FFF737FB044640BB9DF84D
:107810009B3013F0A00F40F0D880039B009F1A7894
:10782000042A68D11B6904AC03F1400C18680833C2
:1078300053F8041C2246634503C21446F6D1502275
:10784000314628A8FBF79CF8394628A8FFF714FB17
:10785000044600284CD12A9A169B9A4206D0082446
:10786000284603F06BF820463DB0F0BD349A209BCB
:107870009A42F4D128A8FFF733F904460028EFD143
:10788000039B04AF1B6993F801E093F823C09C8C21
:107890003A46083303CAB24243F8080C43F8041CC2
:1078A0001746F5D1039B28A81B6983F801E0039BC9
:1078B0001A6982F823C01A6982F82440240A82F8DF
:1078C00025401A691379D9065CBF43F02003137170
:1078D000FEF776FF04460028C2D13046FEF7ACFE24
:1078E00004460028BCD10398FEF712FB0446B7E714
:1078F0000428B5D1BEE7239A04AB02F1200C10682E
:10790000083252F8041C1C46624503C42346F6D1D3
:107910005022314628A8FBF733F8394628A8FFF74C
:10792000ABFA044600284CD12A9A169B9A4296D16B
:10793000349A209B9A4292D128A8FFF7D1F80446A6
:1079400000288DD137990DF11D030DF12D0001F1A6
:107950000D0253F8044B834242F8044BF9D11888C6
:10796000012710809B7893709DF81B30039CDA06EA
:1079700058BF43F02003CB72E770CB7ADB06ACD55F
:10798000169A2A9B9A42A8D02078FFF76DFA0146F2
:107990002046FDF7EDFD0146C8B12046FDF798FFF2
:1079A000044600287FF45CAF039890F86D302E2BCE
:1079B00093D12A9A00F16C01FDF7E6FD039BDF707D
:1079C0008BE704287FF44CAFB6E7062448E702248F
:1079D00046E7112447E700007F2810B501D880B2A0
:1079E00010BDB0F5803F13D240F2523399420FD10F
:1079F0000849002231F8024B93B2844203D103F1CB
:107A00008000C0B2ECE70132802AF3D11346F6E7DA
:107A10000020E5E7E0CC00087F280DD940F2523382
:107A2000994208D1FF2806D800F10040034B803866
:107A300033F8100070470020704700BFE0CC00080A
:107A4000B0F5803FF0B522D21F4A83B21F49B0F58E
:107A5000805F28BF0A46141D34F8042C2146AAB1C1
:107A6000934213D334F8025C2E0AEFB252FA85F532
:107A7000A84222DA082E09D8DFE806F0050A10121B
:107A80001416181A1C00801A34F810301846F0BD6D
:107A9000981A00F001001B1A9BB2F7E7103BFBE7B6
:107AA000203BF9E7303BF7E71A3BF5E70833F3E70C
:107AB000503BF1E7A3F5E353EEE70434002ECBD1BE
:107AC00001EB4702C7E700BF30CA000824CC00081A
:107AD000EFF30983054968334A6B22F001024A63D8
:107AE00083F30988002383F31188704700EF00E0D7
:107AF000302080F3118862B60D4B0E4AD96821F40C
:107B0000E0610904090C0A430B49DA60D3F8FC2050
:107B100042F08072C3F8FC20084AC2F8B01F116816
:107B200041F0010111602022DA7783F822007047CA
:107B300000ED00E00003FA0555CEACC5001000E0F2
:107B4000302310B583F311880E4B5B6813F4006388
:107B500014D0F1EE103AEFF309844FF08073683CD3
:107B6000E361094BDB6B236684F3098801F0C8FFEE
:107B700010B1064BA36110BD054BFBE783F31188E1
:107B8000F9E700BF00ED00E000EF00E03F0400086F
:107B90004204000808B5074B074A196801F03D0187
:107BA000996053680BB190689847BDE80840FFF7AB
:107BB000C7BF00BF00000240BC61002008B5084BF1
:107BC0001968890901F03D018A019A60054AD36864
:107BD0000BB110699847BDE80840FFF7B1BF00BF7F
:107BE00000000240BC61002008B5084B1968090C70
:107BF00001F03D010A049A60054A53690BB190698E
:107C00009847BDE80840FFF79BBF00BF0000024057
:107C1000BC61002008B5084B1968890D01F03D01D1
:107C20008A059A60054AD3690BB1106A9847BDE886
:107C30000840FFF785BF00BF00000240BC61002084
:107C400008B5074B074A596801F03D01D960536AEE
:107C50000BB1906A9847BDE80840FFF771BF00BFBD
:107C600000000240BC61002008B5084B5968890932
:107C700001F03D018A01DA60054AD36A0BB1106B4D
:107C80009847BDE80840FFF75BBF00BF0000024017
:107C9000BC61002008B5084B5968090C01F03D0192
:107CA0000A04DA60054A536B0BB1906B9847BDE844
:107CB0000840FFF745BF00BF00000240BC61002044
:107CC00008B5084B5968890D01F03D018A05DA6055
:107CD000054AD36B0BB1106C9847BDE80840FFF71D
:107CE0002FBF00BF00000240BC61002008B5074B59
:107CF000074A196801F03D019960536C0BB1906C13
:107D00009847BDE80840FFF71BBF00BF00040240D2
:107D1000BC61002008B5084B1968890901F03D01D4
:107D20008A019A60054AD36C0BB1106D9847BDE883
:107D30000840FFF705BF00BF00040240BC610020FF
:107D400008B5084B1968090C01F03D010A049A6056
:107D5000054A536D0BB1906D9847BDE80840FFF799
:107D6000EFBE00BF00040240BC61002008B5084B14
:107D70001968890D01F03D018A059A60054AD36DA5
:107D80000BB1106E9847BDE80840FFF7D9BE00BFA1
:107D900000040240BC61002008B5074B074A59683F
:107DA00001F03D01D960536E0BB1906E9847BDE86C
:107DB0000840FFF7C5BE00BF00040240BC610020C0
:107DC00008B5084B5968890901F03D018A01DA605C
:107DD000054AD36E0BB1106F9847BDE80840FFF716
:107DE000AFBE00BF00040240BC61002008B5084BD4
:107DF0005968090C01F03D010A04DA60054A536F25
:107E00000BB1906F9847BDE80840FFF799BE00BFDF
:107E100000040240BC61002008B5084B5968890D78
:107E200001F03D018A05DA60054AD36F13B1D2F83B
:107E300080009847BDE80840FFF782BE000402407A
:107E4000BC61002000230C4910B51A460B4C0B6096
:107E500054F82300026001EB430004334260402BDE
:107E6000F6D1074A4FF0FF339360D360C2F808346D
:107E7000C2F80C3410BD00BFBC610020E0CD00088A
:107E8000000002400F28F8B510D9102810D0112892
:107E900011D0122808D10F240720DFF8C8E00126EE
:107EA000DEF80050A04208D9002653E00446F4E76B
:107EB0000F240020F1E70724FBE706FA00F73D4214
:107EC0004AD1264C4FEA001C3D4304EB00160EEB52
:107ED000C000CEF80050C0E90123FBB273B12048C6
:107EE000D0F8D83043F00103C0F8D830D0F80031D2
:107EF00043F00103C0F80031D0F8003117F47F4F90
:107F00000ED01748D0F8D83043F00203C0F8D8306C
:107F1000D0F8003143F00203C0F80031D0F800314E
:107F200054F80C00036823F01F030360056815F084
:107F30000105FBD104EB0C033D2493F80CC05F68F2
:107F400004FA0CF43C6021240560446112B1987B72
:107F500000F060FC3046F8BD0130A3E7E0CD00083A
:107F600000440258BC61002010B5302484F311880D
:107F7000FFF788FF002383F3118810BD10B5044676
:107F8000807B00F05DFC01231549627B03FA02F25D
:107F90000B6823EA0203DAB20B6072B9114AD2F815
:107FA000D81021F00101C2F8D810D2F8001121F048
:107FB0000101C2F80011D2F8002113F47F4F0ED155
:107FC000084BD3F8D82022F00202C3F8D820D3F807
:107FD000002122F00202C3F80021D3F8003110BDC5
:107FE000BC6100200044025808B5302383F3118897
:107FF000FFF7C4FF002383F3118808BD836CC26AB6
:108000008B42506810B506D95A1E4C0002EB410352
:10801000B3FBF4F3184410BD01F001038A0748BF15
:1080200043F002034A0748BF43F008030A0748BF6A
:1080300043F00403CA0648BF43F010038A06426BAC
:1080400048BF43F0200313434363704710B5074C08
:10805000204600F061FF064B0022C4E91023054BC7
:10806000A364054BE363054BE36410BD406200204D
:108070000070005200B4C404946200209464002094
:10808000C36A0BB9104BC3620379012B11D10F4B9B
:1080900098420ED10E4BD3F8D42042F48032C3F86C
:1080A000D420D3F8FC2042F48032C3F8FC20D3F86B
:1080B000FC30436C00221A65DA621A605A605A6218
:1080C0004FF0FF329A637047E0CE00084062002014
:1080D000004402580379012B1BD0436C00221A651F
:1080E000DA621A605A605A624FF0FF329A63094BA3
:1080F00098420ED1084BD3F8D42022F48032C3F832
:10810000D420D3F8FC2022F48032C3F8FC20D3F82A
:10811000FC307047406200200044025810B5446CA7
:108120000649FFF76BFF6060236842F2107043F06E
:1081300003032360BDE8104001F0A8BD801A0600CB
:108140000129F8B5466C0B4F09D175680A493D40C5
:10815000FFF754FF054345F480557560F8BD74681A
:1081600006493C40FFF74AFF044344F480547460DE
:10817000F4E700BF00ECFFFF80F0FA0240787D01D9
:10818000436C00225A601A6070470000426C01295B
:10819000536823F4404304D0022905D001B9536049
:1081A000704743F48043FAE743F40043F7E70000E5
:1081B000436C41F480519A60D9605A6B1206FCD529
:1081C00080229A637047000010B541F48851446CD6
:1081D000A260E160616B11F04502FBD0A26311F077
:1081E000040203D0FFF718FF012010BD616910469B
:1081F0001960FAE710B541F48851446CA260E1605F
:10820000616B11F04502FBD0A26311F0050203D0AF
:10821000FFF702FF012010BD616910461960FAE7FF
:1082200073B5134604460E46302282F31188426C21
:10823000D26B32B14FF0FF314030019301F032FD8B
:10824000019B606C00220265C263C262456B15F43B
:10825000807504D185F31188012002B070BD4FF004
:10826000FF31816382F31188012E06D90C2120464B
:1082700002B0BDE87040FFF7BDBF1046EDE700005B
:1082800073B5446C0E4600250192616BA1632565B0
:10829000E562FFF7C1FE012E07D9019B2A460C219A
:1082A00002B0BDE87040FFF7A5BF02B070BD00008E
:1082B00010B541F49851446CA260E160616B11F01B
:1082C0004502FBD0A26311F03F0203D0FFF7A4FEEA
:1082D000012010BD216A10461960E1695960A16949
:1082E00099606169D960F4E72DE9F743044601918B
:1082F000006D01A91746984602F0AEFC064600281C
:108300004AD0626C2046DDF804905568C5F3090533
:1083100001356B00A56CB5FBF3F54FF47A73B5FB33
:10832000F3F55D43556200F0BDFD50BB636C4FF04B
:10833000FF3201254146C3F8589020461D659A63D7
:108340004FF49572DA6342F207029F62DA62E36CDD
:108350000A9AFFF74FFFA0B9E26C104B11680B406F
:108360007BB929462046FFF75BFF054648B92E46F4
:108370003A460199206D02F0A7FC304603B0BDE8F3
:10838000F0833A460199206D02F09EFCE26C0121D7
:108390002046FFF775FFF0E70126EEE708E0FFFD56
:1083A0002DE9F7431F46436C01924FF47A725D68E2
:1083B00004468846C5F3090501356E00856CB5FB9A
:1083C000F6F5B5FBF2F555435D6200F06BFD20B1AB
:1083D0000125284603B0BDE8F0837E0201A9206D87
:1083E000324602F039FC05460028F1D0636C019A50
:1083F000D4F84C909A6501221A654FF0FF329A63C7
:108400004FF49572DA639E62236BDB064B4658BFCE
:108410004FEA4828012F42461BD912212046FFF778
:10842000E9FEC0B9D9F80020104B13409BB9636C2A
:1084300042F2930239462046DA62E26CFFF7F0FE20
:10844000804640B932460199206D454602F03CFC19
:10845000BFE71121E2E732460199206D02F034FCBA
:10846000E26C39462046FFF70BFFB2E708E0FFFD5C
:108470002DE9F3411F46436C01924FF47A725D6817
:1084800004468846C5F3090501356E00856CB5FBC9
:10849000F6F5B5FBF2F555435D6200F003FD20B142
:1084A0000125284602B0BDE8F0817E0201A9206DB9
:1084B000324602F017FC05460028F1D0636C019AA1
:1084C0009A6501221A654FF0FF329A634FF48D725C
:1084D000DA639E62236BE66CDB06334658BF4FEAD5
:1084E0004828012F424619D919212046FFF782FE5C
:1084F000B0B932680F4B134093B9636C42F29102EA
:1085000039462046DA62E26CFFF78AFE064638B941
:1085100001993546206D02F021FCC2E71821E4E7FD
:108520000199206D02F01AFCE26C39462046FFF7F3
:10853000A7FEB6E708E0FFFD12F0030F2DE9F041BA
:1085400007460C4615461E4617D00E44B44202D1CB
:108550000020BDE8F0810123FA6B21463846FFF781
:108560001FFF0028F5D128464FF40072F96B05F57E
:1085700000750134FAF704FAE8E7BDE8F041FFF7C7
:108580000FBF000012F0030F2DE9F04107460C4623
:1085900015461E4617D00E44B44202D10020BDE855
:1085A000F08129464FF40072F86B05F50075FAF773
:1085B000E7F90123FA6B21463846FFF759FF0028F7
:1085C000EDD10134E8E7BDE8F041FFF751BF00000D
:1085D00000207047302310B583F311880024436CCA
:1085E00040302146DC6301F06BFB84F3118810BD41
:1085F000026843681143016003B1184770470000E7
:10860000024A136843F0C0031360704700780040CB
:1086100013B50E4C204600F0DFFC04F114000023DB
:108620004FF400720A49009400F07AF9094B4FF4B4
:108630000072094904F13800009400F0F3F9074A88
:10864000074BC4E9172302B010BD00BF9864002097
:1086500004650020018600080467002000780040BF
:1086600000E1F505037C30B5244C002918BF0C4609
:10867000012B11D1224B98420ED1224BD3F8E82086
:1086800042F08042C3F8E820D3F8102142F0804243
:10869000C3F81021D3F810312268036EC16D03EBCB
:1086A00052038466B3FBF2F36268150442BF23F001
:1086B000070503F0070343EA4503CB60A36843F0D3
:1086C00040034B60E36843F001038B6042F4967310
:1086D00043F001030B604FF0FF330B62510505D5EA
:1086E00012F0102205D0B2F1805F04D080F864301F
:1086F00030BD7F23FAE73F23F8E700BFE8CE00084C
:1087000098640020004402582DE9F047C66D0546E4
:108710003768F469210734621AD014F0080118BFD1
:108720004FF48071E20748BF41F02001A3074FF0EA
:10873000300348BF41F04001600748BF41F080016D
:1087400083F31188281DFFF753FF002383F311885B
:10875000E2050AD5302383F311884FF48061281D88
:10876000FFF746FF002383F311884FF030094FF0E5
:10877000000A14F0200838D13B0616D54FF0300916
:1087800005F1380A200610D589F31188504600F00B
:108790007DF9002836DA0821281DFFF729FF27F088
:1087A00080033360002383F31188790614D56206B1
:1087B00012D5302383F31188D5E913239A4208D1C7
:1087C0002B6C33B127F040071021281DFFF710FF55
:1087D0003760002383F31188E30618D5AA6E136966
:1087E000ABB15069BDE8F047184789F31188736A47
:1087F000284695F86410194000F008FC8AF31188A7
:10880000F469B6E7B06288F31188F469BAE7BDE8A5
:10881000F0870000090100F16043012203F5614384
:10882000C9B283F8001300F01F039A4043099B006C
:1088300003F1604303F56143C3F880211A60704778
:1088400000F01F0301229A40430900F160409B00A1
:1088500000F5614003F1604303F56143C3F88020F4
:10886000C3F88021002380F800337047F8B515461F
:10887000826804460B46AA4200D28568A16926692F
:10888000761AB5420BD218462A46FAF779F8A36948
:108890002B44A3612846A3685B1BA360F8BD0CD9D9
:1088A000AF1B18463246FAF76BF83A46E168304497
:1088B000FAF766F8E3683B44EBE718462A46FAF70E
:1088C0005FF8E368E5E7000083689342F7B5044684
:1088D000154600D28568D4E90460361AB5420BD239
:1088E0002A46FAF74DF863692B4463612846A3686A
:1088F0005B1BA36003B0F0BD0DD93246AF1B0191E5
:10890000FAF73EF801993A46E0683144FAF738F848
:10891000E3683B44E9E72A46FAF732F8E368E4E71C
:1089200010B50A440024C361029B8460C1600261E7
:108930000362C0E90000C0E9051110BD08B5D0E927
:108940000532934201D1826882B982680132826025
:108950005A1C426119700021D0E904329A4224BFA6
:10896000C368436101F0C6F9002008BD4FF0FF3035
:10897000FBE7000070B5302304460E4683F31188F0
:10898000A568A5B1A368A269013BA360531CA361BC
:1089900015782269934224BFE368A361E3690BB1B0
:1089A00020469847002383F31188284607E0314684
:1089B000204601F08FF90028E2DA85F3118870BDB6
:1089C0002DE9F74F04460E4617469846D0F81C90FE
:1089D0004FF0300A8AF311884FF0000B154665B14D
:1089E0002A4631462046FFF741FF034660B941461B
:1089F000204601F06FF90028F1D0002383F311889D
:108A0000781B03B0BDE8F08FB9F1000F03D00190DF
:108A10002046C847019B8BF31188ED1A1E448AF348
:108A20001188DCE7C160C361009B82600362C0E91A
:108A300005111144C0E9000001617047F8B5044612
:108A40000D461646302383F31188A768A7B1A368A3
:108A5000013BA36063695A1C62611D70D4E9043252
:108A60009A4224BFE3686361E3690BB120469847EB
:108A7000002080F3118807E03146204601F02AF9F2
:108A80000028E2DA87F31188F8BD0000D0E9052359
:108A900010B59A4201D182687AB982680021013208
:108AA00082605A1C82611C7803699A4224BFC368A1
:108AB000836101F01FF9204610BD4FF0FF30FBE746
:108AC0002DE9F74F04460E4617469846D0F81C90FD
:108AD0004FF0300A8AF311884FF0000B154665B14C
:108AE0002A4631462046FFF7EFFE034660B941466D
:108AF000204601F0EFF80028F1D0002383F311881D
:108B0000781B03B0BDE8F08FB9F1000F03D00190DE
:108B10002046C847019B8BF31188ED1A1E448AF347
:108B20001188DCE70379052B05BF836A002001204B
:108B30004B6004BF4FF400730B60704770B55D1E4F
:108B4000866A04460D44B54205D9436B43F0800361
:108B50004363012070BD06250571FFF7EDFC052379
:108B60002371F7E770B55D1E866A04460D44B54271
:108B700005D9436B43F080034363012070BD072593
:108B80000571FFF7FFFC05232371F7E738B5057979
:108B90000446052D05D108230371FFF719FD257142
:108BA00038BD0120FCE700000323F0B5037185B058
:108BB0000446FFF7B3FA002220461146FFF7F8FA01
:108BC0004FF4D57203AB08212046FFF713FB024692
:108BD000B8B901232363039BC3F30323012B09D1FA
:108BE00003AB37212046FFF705FB18B9A44B039AC6
:108BF0001340ABB120460125FFF7C2FA02232371CF
:108C000037E103AB002237212046FFF7F3FA28B9FA
:108C10009B4A039B1A40002A00F0A780022323638B
:108C2000236B03F00F03022B40F0A9806425954EBF
:108C300042F2107001F02AF803AB324601212046BF
:108C4000FFF7C2FA0028D5D1039B002B80F2938056
:108C50005A0003D5236B43F010032363002204F171
:108C6000080302212046FFF723FB02460028C1D15A
:108C700004F1380303212046FFF7BCFA0028B9D1DC
:108C800004F11805A26B092120462B46FFF710FBC3
:108C90000028AFD102ABA26B07212046FFF7AAFA4A
:108CA00006460028A6D1236B03F00F03022B40F0E9
:108CB0008F807E227F21284603F0BEFA012840F2F1
:108CC0008780E76B42F2107000F0E0FF08234FF45A
:108CD0000072394620460096FFF706FB002889D12E
:108CE000384603F0F7FA236BA06203F00F03022B60
:108CF00072D103AB644A06212046FFF77BFA0028B5
:108D000071D15F49039B1940B1FA81F149092046AD
:108D1000FFF716FA02AB4FF4007210212046FFF75E
:108D200069FA054600287FF465AF554E029B334231
:108D30007FF460AF236B13F00E0F03F00F0273D0BC
:108D4000022A7FF457AFE36A1978012900F0948072
:108D5000022900F09380002900F089804B4F2046C3
:108D6000FFF714FA03AB3A4676E011462046226339
:108D7000FFF71EFA54E7013D7FF45AAF3AE7444D3E
:108D80006426444A3E4F012B18BF154603AB002210
:108D900037212046FFF72EFA00287FF42BAF039BE4
:108DA0003B427FF427AF03AB2A4629212046FFF739
:108DB0000BFA00287FF41EAF039B002BFFF648AF91
:108DC000013E3FF417AF42F2107000F05FFFDDE7A5
:108DD000284603F053FA86E77E227F212846E66B79
:108DE00003F02AFA08B9002191E700234022314616
:108DF000204600930623FFF777FA0028F3D1B389C2
:108E00005BBA9B07EFD5244B4022314620460093A6
:108E10000623FFF769FA0028E5D1317C01F00F0144
:108E20000F3918BF012172E7E36A1978F9B10129F6
:108E30007FF4E0AE2046FFF7A9F903ABA26B372120
:108E40002046FFF7D7F900287FF4D4AE039B3342C6
:108E50007FF4D0AE03AB022206212046FFF7CAF909
:108E600000287FF4C7AE039B33427FF4C3AE0523D3
:108E70002371284605B0F0BD084F70E7084F6EE734
:108E800008E0FFFD0080FFC00001B9030000B70348
:108E90000080FF5000001080F1FFFF800001B70349
:108EA0000002B70337B504460C4D01ABA26B0D2190
:108EB0002046FFF79FF978B9019B2B420BD1C3F3F2
:108EC0004323042B08D0053B022B04D84FF47A70BF
:108ED00000F0DCFEE9E7012003B030BD08E0FFFD53
:108EE00070B53023054683F3118803790024022BE3
:108EF00003D184F31188204670BD0423037184F3E9
:108F000011880226FFF7CEFF04462846FFF738F9FE
:108F10002E71F0E7FFF79AB8044B03600123037149
:108F200000234363C0E90A33704700BF00CF000845
:108F300010B53023044683F31188C162FFF7A0F80F
:108F400002230020237180F3118810BD10B5302357
:108F5000044683F31188FFF7BDF800230122E36282
:108F6000227183F3118810BD0268436811430160C8
:108F700003B11847704700001430FFF721BD00000F
:108F80004FF0FF331430FFF71BBD00003830FFF700
:108F900097BD00004FF0FF333830FFF791BD000060
:108FA0001430FFF7E7BC00004FF0FF311430FFF73B
:108FB000E1BC00003830FFF741BD00004FF0FF3248
:108FC0003830FFF73BBD0000012914BF6FF01300DC
:108FD00000207047FFF71CBB044B03600023436075
:108FE000C0E9023301230374704700BF24CF000897
:108FF00010B53023044683F31188FFF733FB0223B7
:109000000020237480F3118810BD000038B5C369B7
:1090100004460D461BB904210844FFF7A5FF294665
:1090200004F11400FFF78AFC002806DA201D4FF433
:109030000061BDE83840FFF797BF38BD026843685C
:109040001143016003B118477047000013B5406B2E
:1090500000F58054D4F8A4381A681178042914D182
:10906000017C022911D11979012312898B40134205
:109070000BD101A94C3003F00DF8D4F8A4480246F6
:10908000019B2179206800F0DFF902B010BD0000DB
:10909000143002F08FBF00004FF0FF33143002F0A5
:1090A00089BF00004C3003F061B800004FF0FF337F
:1090B0004C3003F05BB80000143002F05DBF0000DC
:1090C0004FF0FF31143002F057BF00004C3003F076
:1090D0002DB800004FF0FF324C3003F027B80000ED
:1090E0000020704710B500F58054D4F8A4381A68F1
:1090F0001178042917D1017C022914D1597901234F
:1091000052898B4013420ED1143002F0EFFE02461A
:1091100048B1D4F8A4484FF4407361792068BDE8A1
:10912000104000F07FB910BD406BFFF7DBBF0000BF
:10913000704700007FB5124B0125042604460360EA
:109140000023057400F1840243602946C0E902331C
:109150000C4B0290143001934FF44073009602F0D0
:10916000A1FE094B04F69442294604F14C000294F6
:10917000CDE900634FF4407302F068FF04B070BDA6
:109180004CCF0008299100084D9000080A68302350
:1091900083F311880B790B3342F823004B79133397
:1091A00042F823008B7913B10B3342F8230000F50A
:1091B0008053C3F8A41802230374002080F311889D
:1091C0007047000038B5037F044613B190F854305F
:1091D000ABB90125201D0221FFF730FF04F1140077
:1091E0006FF00101257700F091FD04F14C0084F847
:1091F00054506FF00101BDE8384000F087BD38BD24
:1092000010B5012104460430FFF718FF002323772F
:1092100084F8543010BD000038B5044600251430E1
:1092200002F058FE04F14C00257702F027FF201DC4
:1092300084F854500121FFF701FF2046BDE8384073
:10924000FFF750BF90F8803003F06003202B06D169
:1092500090F881200023212A03D81F2A06D8002055
:109260007047222AFBD1C0E91D3303E0034A42675D
:1092700007228267C3670120704700BF4423002094
:1092800037B500F58055D5F8A4381A681178042947
:109290001AD1017C022917D11979012312898B4037
:1092A000134211D100F14C04204602F0A7FF58B13F
:1092B00001A9204602F0EEFED5F8A4480246019B23
:1092C0002179206800F0C0F803B030BD01F10B0334
:1092D000F0B550F8236085B004460D46FEB130234A
:1092E00083F3118804EB8507301D0821FFF7A6FEE4
:1092F000FB6806F14C005B691B681BB1019002F032
:10930000D7FE019803A902F0C5FE024648B1039BAF
:109310002946204600F098F8002383F3118805B011
:10932000F0BDFB685A691268002AF5D01B8A013B20
:109330001340F1D104F18002EAE70000133138B59F
:1093400050F82140ECB1302383F3118804F58053A9
:10935000D3F8A4281368527903EB8203DB689B6976
:109360005D6845B104216018FFF768FE294604F1E5
:10937000140002F0C5FD2046FFF7B4FE002383F37E
:10938000118838BD7047000001F002BE0123402261
:10939000002110B5044600F8303BF9F717FB002315
:1093A000C4E9013310BD000010B53023044683F337
:1093B00011882422416000210C30F9F707FB204678
:1093C00001F008FE02230020237080F3118810BDF5
:1093D00070B500EB8103054650690E461446DA600D
:1093E00018B110220021F9F7F1FAA06918B1102282
:1093F0000021F9F7EBFA31462846BDE8704001F04C
:10940000EFBE000083682022002103F0011310B595
:10941000044683601030F9F7D9FA2046BDE81040C1
:1094200001F06ABFF0B4012500EB810447898D404B
:10943000E4683D43A469458123600023A260636022
:10944000F0BC01F087BF0000F0B4012500EB8104FF
:1094500007898D40E4683D436469058123600023EA
:10946000A2606360F0BC01F0FDBF000070B5022394
:1094700000250446242203702946C0F888500C3089
:1094800040F8045CF9F7A2FA204684F8705001F025
:109490003BFE63681B6823B129462046BDE8704047
:1094A000184770BD0378052B10B504460AD080F824
:1094B0008C300523037043681B680BB10421984767
:1094C0000023A36010BD00000178052906D190F8A3
:1094D0008C20436802701B6803B118477047000076
:1094E00070B590F87030044613B1002380F87030E6
:1094F00004F18002204601F023FF63689B68B3B942
:1095000094F8803013F0600535D00021204602F039
:1095100015FA0021204602F005FA63681B6813B1B2
:10952000062120469847062384F8703070BD2046F7
:1095300098470028E4D0B4F88630A26F9A4288BFDA
:10954000A36794F98030A56F002B4FF0300380F2B1
:109550000381002D00F0F280092284F8702083F34B
:10956000118800212046D4E91D23FFF76DFF002359
:1095700083F31188DAE794F8812003F07F0343EA4C
:10958000022340F20232934200F0C58021D8B3F5A5
:10959000807F48D00DD8012B3FD0022B00F0938064
:1095A000002BB2D104F1880262670222A267E3674E
:1095B000C1E7B3F5817F00F09B80B3F5407FA4D174
:1095C00094F88230012BA0D1B4F8883043F0020324
:1095D00032E0B3F5006F4DD017D8B3F5A06F31D09E
:1095E000A3F5C063012B90D86368204694F88220CD
:1095F0005E6894F88310B4F88430B047002884D0B3
:10960000436863670368A3671AE0B3F5106F36D049
:1096100040F6024293427FF478AF5C4B63670223CB
:10962000A3670023C3E794F88230012B7FF46DAF6A
:10963000B4F8883023F00203A4F88830C4E91D553B
:10964000E56778E7B4F88030B3F5A06F0ED194F8F1
:109650008230204684F88A3001F0B4FD63681B68CC
:1096600013B1012120469847032323700023C4E946
:109670001D339CE704F18B0363670123C3E7237861
:10968000042B10D1302383F311882046FFF7BAFE54
:1096900085F311880321636884F88B5021701B685F
:1096A0000BB12046984794F88230002BDED084F826
:1096B0008B300423237063681B68002BD6D00221F3
:1096C00020469847D2E794F8843020461D0603F0E0
:1096D0000F010AD501F026FE012804D002287FF4EC
:1096E00014AF2B4B9AE72B4B98E701F00DFEF3E7F5
:1096F00094F88230002B7FF408AF94F8843013F094
:109700000F01B3D01A06204602D502F02FF9ADE7BB
:1097100002F020F9AAE794F88230002B7FF4F5AE2E
:1097200094F8843013F00F01A0D01B06204602D518
:1097300002F004F99AE702F0F5F897E7142284F8AA
:10974000702083F311882B462A4629462046FFF7CE
:1097500069FE85F31188E9E65DB1152284F8702071
:1097600083F3118800212046D4E91D23FFF75AFE18
:10977000FDE60B2284F8702083F311882B462A46DD
:1097800029462046FFF760FEE3E700BF7CCF0008D4
:1097900074CF000878CF000838B590F870300446D0
:1097A000002B3ED0063BDAB20F2A34D80F2B32D82A
:1097B000DFE803F0373131082232313131313131D4
:1097C00031313737856FB0F886309D4214D2C36887
:1097D0001B8AB5FBF3F203FB12556DB9302383F3FB
:1097E00011882B462A462946FFF72EFE85F311885D
:1097F0000A2384F870300EE0142384F8703030238C
:1098000083F31188002320461A461946FFF70AFE03
:10981000002383F3118838BDC36F03B19847002339
:10982000E7E70021204602F089F80021204602F0F7
:1098300079F863681B6813B1062120469847062310
:10984000D7E7000010B590F870300446142B29D0EB
:1098500017D8062B05D001D81BB110BD093B022B30
:10986000FBD80021204602F069F80021204602F0D2
:1098700059F863681B6813B10621204698470623F0
:1098800019E0152BE9D10B2380F87030302383F3D6
:10989000118800231A461946FFF7D6FD002383F3EB
:1098A0001188DAE7C3689B695B68002BD5D1C36F69
:1098B00003B19847002384F87030CEE70023C0E955
:1098C000000083600361704770B51C4B05468468D7
:1098D000DE685CB3B44213D103690133036170BD28
:1098E000A36094F8243083B1062B15D1A06A2146D9
:1098F000D4E9003213605A6000F0C2F8A36A9C6891
:10990000B368A2689A42EBD306E0D4E9003220465D
:1099100013605A6000F0C4F82846314600F0B0F8F1
:10992000B5620620BDE8704000F0BCB803698660EF
:1099300001330361336BC3603063D0E708690020F3
:1099400008B5302383F31188FFF7BEFF002383F3AC
:10995000118808BD0A4B8268DB6832B19A420CD18B
:10996000036901330361012070470269836001329A
:1099700002611A6BC2601863F5E70020704700BFF0
:109980000869002008B5302383F31188FFF7E2FF50
:10999000002383F3118808BD194BD96883688B4273
:1099A00010B520D1302383F311880269013A026196
:1099B000B2B90468C368A0420B631ED04A6B9BB95E
:1099C00001238A60036103681A68026050601A6BA1
:1099D0008360C2601863184600F062F800F0B2F8C5
:1099E000002383F3118810BD1C68A34203D0A46830
:1099F000A24238BF2246DB68E1E78260F0E700BFA1
:109A0000086900200023826880F8243083691B687D
:109A100099689142FBD25A680360426010605860B6
:109A2000704700000023826880F8243083691B6837
:109A300099689142FBD85A68036042601060586090
:109A40007047000008B50846302383F3118891F869
:109A50002430032B05D0042B0DD02BB983F31188B0
:109A600008BD8B6A00221A604FF0FF338362FFF754
:109A7000C9FF0023F2E7D1E9003213605A60F3E72F
:109A8000034610B51B68984203D09C688A689442CC
:109A9000F8D25A680B604A601160596010BD00002E
:109AA000FFF7B0BF064BD96881F824001868026838
:109AB00053601A600122D86080F82420F6F7AABC0F
:109AC000086900200C4B30B5DD684B1C87B004469C
:109AD0000FD02B46094A684600F0ACF92046FFF744
:109AE000E1FF009B13B1684600F0AEF9A86A07B029
:109AF00030BDFFF7D7FFF9E708690020459A000855
:109B0000044B1A68DB6890689B68984294BF0020F9
:109B10000120704708690020094B10B51C68D868FF
:109B2000226853601A600122DC6084F82420FFF769
:109B300079FF01462046BDE81040F6F76BBC00BF38
:109B400008690020044B1A68DB6892689B689A4297
:109B500001D9FFF7E1BF70470869002038B501233C
:109B6000084C00252370656002F0E2FB02F008FC5F
:109B70000549064802F0DEFC0223237085F31188B4
:109B800038BD00BFB06B002084CF000808690020FA
:109B900008B572B6044B586700F0B2FE01F042F807
:109BA000024B03221A70FEE708690020B06B002008
:109BB00000F080B9034A516853685B1A9842FBD899
:109BC000704700BF001000E08B604B630023CA6148
:109BD00000F128020B6302230A618B840123886150
:109BE00081F8263001F11003C26A4A611360C36232
:109BF00001F12C030846CB6270470000D0E9013127
:109C0000026841F8183CA1F19C033839CB60036924
:109C100041F8243C436941F8203C034B41F8043CA3
:109C2000C3680248FFF7D0BF2D0400080869002070
:109C300008B5FFF7E3FFBDE80840FFF731BF0000BC
:109C400038B50E4BDC6804F12C05A062E06AA8422E
:109C50000FD194F826303BB994F825309B0702BF0A
:109C6000D4E9043213605A600F20BDE83840FFF792
:109C700019BF0368E362FFF713FFE7E708690020F5
:109C8000302383F31188FFF7DBBF000008B50146DE
:109C9000302383F311880820FFF714FF002383F398
:109CA000118808BD054BDB6821B103609862032071
:109CB000FFF708BF4FF0FF30704700BF0869002072
:109CC00003682BB10022026018469962FFF7E8BED4
:109CD00070470000064BDB6839B1426818605A6073
:109CE000136043600420FFF7EDBE4FF0FF30704774
:109CF000086900200368984206D01A680260506024
:109D000018469962FFF7CCBE7047000038B504468C
:109D10000D462068844200D138BD036823605C6032
:109D20008562FFF7BDFEF4E7036810B59C68A242A8
:109D30000CD85C688A600B604C602160596099683F
:109D40008A1A9A604FF0FF33836010BD121B1B68A4
:109D5000ECE700000A2938BF0A2170B504460D4619
:109D60000A26601902F0DEFA02F0C6FA041BA542C8
:109D700003D8751C04462E46F3E70A2E04D90120A9
:109D8000BDE8704002F01CBC70BD0000F8B5144B7B
:109D90000D460A2A4FF00A07D96103F110018260CB
:109DA00038BF0A2241601969144601604860186191
:109DB000A81802F0A7FA02F09FFA431B0646A34236
:109DC00006D37C1C28192746354602F0ABFAF2E789
:109DD0000A2F04D90120BDE8F84002F0F1BBF8BD1C
:109DE00008690020F8B506460D4602F085FA0F4ACC
:109DF000134653F8107F9F4206D12A46014630464B
:109E0000BDE8F840FFF7C2BFD169BB68441A2C19FE
:109E100028BF2C46A34202D92946FFF79BFF2246C2
:109E200031460348BDE8F840FFF77EBF08690020CF
:109E300018690020C0E90323002310B45DF8044B27
:109E40004361FFF7CFBF000010B5194C236998425A
:109E50000DD08168D0E9003213605A609A680A44D4
:109E60009A60002303604FF0FF33A36110BD0268C6
:109E7000234643F8102F53600022026022699A4261
:109E800003D1BDE8104002F047BA936881680B44E3
:109E9000936002F031FA2269E1699268441AA242A1
:109EA000E4D91144BDE81040091AFFF753BF00BFC1
:109EB000086900202DE9F047DFF8BC8008F11007A1
:109EC0002C4ED8F8105002F017FAD8F81C40AA68A7
:109ED000031B9A423ED814444FF00009D5E90032E2
:109EE000C8F81C4013605A60C5F80090D8F81030CC
:109EF000B34201D102F010FA89F31188D5E9033198
:109F000028469847302383F311886B69002BD8D0FB
:109F100002F0F2F96A69A0EB040982464A450DD2C3
:109F2000022002F04DFB0022D8F81030B34208D1D5
:109F300051462846BDE8F047FFF728BF121A2244D1
:109F4000F2E712EB09092946384638BF4A46FFF7BF
:109F5000EBFEB5E7D8F81030B34208D01444C8F887
:109F60001C00211AA960BDE8F047FFF7F3BEBDE869
:109F7000F08700BF186900200869002038B502F09A
:109F8000BBF9054AD2E90845031B181945F1000140
:109F9000C2E9080138BD00BF0869002010B560B9EA
:109FA000074804790368053C9B6818BF012498475B
:109FB00008B144F00404204610BD0124FBE700BFB3
:109FC00040620020FFF7EABF2DE9F04788461746B8
:109FD0009A460446B0B90D4E3579052D05D00324B7
:109FE0000DE0013D15F0FF050ED0326853463946AD
:109FF0003046D2F814904246C8470028F1D1204696
:10A00000BDE8F0870424FAE70124F8E74062002065
:10A010002DE9F047884617469A460446B0B90D4EDA
:10A020003579052D05D003240DE0013D15F0FF0520
:10A030000ED03268534639463046D2F81890424620
:10A04000C8470028F1D12046BDE8F0870424FAE78C
:10A050000124F8E74062002037B50C46154670B978
:10A0600051B101290BD10748694603681B6A98471B
:10A0700010B9019B04462B60204603B030BD042478
:10A08000FAE700BF4062002000207047FEE70000B2
:10A09000704700004FF0FF30704700004B6843608E
:10A0A0008B688360CB68C3600B6943614B69036253
:10A0B0008B6943620B6803607047000008B53C4B36
:10A0C00040F2FF713B48D3F888200A43C3F8882048
:10A0D000D3F8882022F4FF6222F00702C3F8882018
:10A0E000D3F88820D3F8E0200A43C3F8E020D3F85F
:10A0F00008210A43C3F808212F4AD3F80831114632
:10A10000FFF7CCFF00F5806002F11C01FFF7C6FFEE
:10A1100000F5806002F13801FFF7C0FF00F58060B4
:10A1200002F15401FFF7BAFF00F5806002F17001FF
:10A13000FFF7B4FF00F5806002F18C01FFF7AEFF7E
:10A1400000F5806002F1A801FFF7A8FF00F580602C
:10A1500002F1C401FFF7A2FF00F5806002F1E00107
:10A16000FFF79CFF00F5806002F1FC01FFF796FF0E
:10A1700002F58C7100F58060FFF790FF01F08EFC16
:10A180000E4BD3F8902242F00102C3F89022D3F88C
:10A19000942242F00102C3F894220522C3F89820C9
:10A1A0004FF06052C3F89C20054AC3F8A02008BDB8
:10A1B000004402580000025898CF000800ED00E06B
:10A1C0001F00080308B501F059FEFFF7C7FC104B4C
:10A1D000D3F8DC2042F04002C3F8DC20D3F804219D
:10A1E00022F04002C3F80421D3F80431094B1A6865
:10A1F00042F008021A601A6842F004021A6000F085
:10A20000D5FD00F041FBBDE8084000F0B5B800BF47
:10A21000004402580018024801207047002070478F
:10A220007047000002290CD0032904D001290748F7
:10A2300018BF00207047032A05D8054800EBC2006C
:10A240007047044870470020704700BF98D100084D
:10A25000542300204CD1000870B59AB0054608463A
:10A26000144601A900F0C2F801A8F8F7A7FB431CA7
:10A270000022C6B25B001046C5E9003423700323F8
:10A28000023404F8013C01ABD1B202348E4201D851
:10A290001AB070BD13F8011B013204F8010C04F868
:10A2A000021CF1E708B5302383F311880348FEF759
:10A2B000E7FF002383F3118808BD00BFB86B0020BF
:10A2C00090F8803003F01F02012A07D190F8812016
:10A2D0000B2A03D10023C0E91D3315E003F060030E
:10A2E000202B08D1B0F884302BB990F88120212A96
:10A2F00003D81F2A04D8FEF7A5BF222AEBD0FAE71D
:10A30000034A426707228267C3670120704700BF84
:10A310004B23002007B5052917D8DFE801F01916EF
:10A3200003191920302383F31188104A0121019069
:10A33000FFF74EF8019802210D4AFFF749F80D4842
:10A34000FEF76AFF002383F3118803B05DF804FB76
:10A35000302383F311880748FEF734FFF2E73023F8
:10A3600083F311880348FEF74BFFEBE7ECD00008BE
:10A3700010D10008B86B002038B50C4D0C4C2A46A3
:10A380000C4904F10800FFF767FF05F1CA0204F168
:10A3900010000949FFF760FF05F5CA7204F11800C3
:10A3A0000649BDE83840FFF757BF00BF9084002042
:10A3B00054230020CCD00008D6D00008E1D00008FB
:10A3C00070B5044608460D46F8F7F8FAC6B22046BE
:10A3D000013403780BB9184670BD32462946F8F7A8
:10A3E000D9FA0028F3D10120F6E700002DE9F84F53
:10A3F00005460C46F8F7E2FA2C49C6B22846FFF7A4
:10A40000DFFF08B10536F6B229492846FFF7D8FF25
:10A4100008B11036F6B2632E0DD8DFF89080DFF861
:10A420009090244FDFF894A0DFF894B02E7846B9CE
:10A430002670BDE8F88F29462046BDE8F84F02F0A7
:10A4400083B9252E2ED1072241462846F8F7A2FAD5
:10A4500070B9DBF8003007350C3444F80C3CDBF8FD
:10A46000043044F8083CDBF8083044F8043CDDE7ED
:10A47000082249462846F8F78DFA98B9A21C0E4BD7
:10A48000197802320909C95D02F8041C13F8011B8E
:10A4900001F00F015345C95D02F8031CF0D11834D7
:10A4A0000835C3E7013504F8016BBFE7B8D10008F0
:10A4B000E1D00008C0D1000800E8F11F0CE8F11F4E
:10A4C0008EC70008BFF34F8F044B1A695107FCD1A8
:10A4D000D3F810215207F8D1704700BF0020005276
:10A4E00008B50D4B1B78ABB9FFF7ECFF0B4BDA68E7
:10A4F000D10704D50A4A5A6002F188325A60D3F86B
:10A500000C21D20706D5064AC3F8042102F188328D
:10A51000C3F8042108BD00BFEE86002000200052D1
:10A520002301674508B5114B1B78F3B9104B1A6925
:10A53000510703D5DA6842F04002DA60D3F81021FF
:10A54000520705D5D3F80C2142F04002C3F80C2184
:10A55000FFF7B8FF064BDA6842F00102DA60D3F881
:10A560000C2142F00102C3F80C2108BDEE86002048
:10A57000002000520F289ABF00F5806040040020A0
:10A58000704700004FF40030704700001020704703
:10A590000F2808B50BD8FFF7EDFF00F50033026870
:10A5A000013204D104308342F9D1012008BD0020DA
:10A5B000FCE700000F2838B505463FD8FFF782FFBB
:10A5C0001F4CFFF78DFF4FF0FF3307286361C4F87E
:10A5D00014311DD82361FFF775FF030243F02403F4
:10A5E000E360E36843F08003E36023695A07FCD427
:10A5F0002846FFF767FFFFF7BDFF4FF4003100F07B
:10A60000EDFA2846FFF78EFFBDE83840FFF7C0BFE0
:10A61000C4F81031FFF756FFA0F108031B0243F006
:10A620002403C4F80C31D4F80C3143F08003C4F88F
:10A630000C31D4F810315B07FBD4D9E7002038BDCA
:10A64000002000522DE9F84F04460D46104644EA1A
:10A650000203DE0602D00020BDE8F88F20F01F00C4
:10A66000DFF8D4B0DFF8D4A0FFF73AFF05EB00081D
:10A67000454503D10120FFF755FFEDE7202229468C
:10A68000204602F007F810B920342035F0E72346C1
:10A6900004F120021F68791CDDD104339342F9D103
:10A6A00004F178432048214EB3F5801F204B38BF7A
:10A6B000184603F1F80332BFD946D1461E46FFF7CC
:10A6C00001FF0760A4EB050C336805F11C0143F0A2
:10A6D000020333602B1FD9F8007017F00507FAD179
:10A6E00053F8042F8B424CF80320F4D1BFF34F8F63
:10A6F000FFF7E8FE4FF0FF330360336823F00203F7
:10A700003360BFF34F8F0B4BC3F85C42BFF34F8FE7
:10A71000BFF36F8F20222946204601F0BBFF00289F
:10A72000B2D03846A7E700BF142100520C200052D7
:10A730001420005200ED00E01020005210210052C1
:10A7400010B5084C237828B11BB9FFF7C9FE0123C7
:10A75000237010BD002BFCD02070BDE81040FFF727
:10A76000E1BE00BFEE8600202DE9F04F0D4685B01A
:10A77000814658B111F00D0614BF2022082211F0B5
:10A780000803019304D0431E034269D0002435E03E
:10A79000002E37D009F11F0121F01F094FF00108E9
:10A7A000314F05F00403DFF8CCA005EA080BBBF13C
:10A7B000000F32D07869C0072FD408F101080C3798
:10A7C000B8F1060FF3D19EB9284D4946A819019258
:10A7D00001F0F8FD0446002839D12036019AA02E58
:10A7E000F3D1494601F0EEFD044600282FD1019A2D
:10A7F00049461F4801F0E6FD044660BB204605B00F
:10A80000BDE8F08F0029C9D101462846029201F027
:10A81000D9FD0446D8B9029AC0E713B17869410757
:10A82000CBD5AC0702D578698007C6D5019911B19F
:10A8300078690107C1D549460AEB4810CDE90223E2
:10A8400001F0C0FD0446DDE902230028B5D04A46E8
:10A850000021204601E04A460021F8F7B7F8CDE78D
:10A860000246002E96D199E7D4D100083087002007
:10A87000F0860020108700200021FFF775BF000040
:10A880000121FFF771BF000000231A4670B51A605E
:10A890000433B3F5806FFAD1104D0124104E06EB4E
:10A8A000441001342A6955F80C1F01F077FD062C7D
:10A8B000F5D137254FF4C0542046FFF7E1FF01469C
:10A8C00028B122460748BDE8704001F067BDC4EBDF
:10A8D000C404013D4FEAD404EED170BDD4D10008C8
:10A8E00010870020F08600200421FFF73DBF000004
:10A8F0004843FFF7C1BF000008B101F0D5BD704764
:10A9000038B5054D00240334696855F80C0B00F088
:10A9100077F9122CF7D138BDD4D10008B0F5805F9B
:10A9200010B5044607D8FFF7DFFF28B92046BDE879
:10A930001040FFF7A1BF002010BD0000FFF7DCBFF3
:10A9400070B5AAB140EA010313F01F030FD1094CFF
:10A950000144A5686D0706D52568A84203D366683B
:10A960003544A94204D903330C34122BF1D100220F
:10A97000104670BDD4D1000838B5EFF311859DB9EC
:10A98000EFF30584C4F30804302334B183F3118852
:10A99000FFF7F4FA85F3118838BD83F31188FFF7C8
:10A9A000EDFA84F3118838BDBDE83840FFF7E6BA08
:10A9B00010B5FFF7E1FF104CC008104A002340EA31
:10A9C0004170C908A0FB04ECA0FB020E1CEB0000C8
:10A9D000A1FB044CA1FB02125B41001943EB0C00EC
:10A9E00011EB0E0142F10002411842F10000090989
:10A9F00041EA007010BD00BFCFF753E3A59BC42010
:10AA000008B5FFF7B9FF034AD2E90032C01842EB9C
:10AA1000010108BDD0870020434BD3E900232DE975
:10AA2000F34113437CD0FFF7EBFF404A002300279C
:10AA3000F5F70AFD06460D463D4A0023F5F704FDED
:10AA40000023144630462946394AF5F7FDFC4FF4F9
:10AA500061613C23ADF80170B4FBF1F5B4FBF3F692
:10AA600001FB154103FB16464624B1FBF3F1314BC4
:10AA7000F6B28DF8004098423CD84FF0640C4FF489
:10AA8000C87EA30704F26C7225D1B2FBFCF30CFB69
:10AA9000132313BBB2FBFEF30EFB1322B2FA82F3B5
:10AAA0005B0903F26D18621C8045D2B217D90FB151
:10AAB0008DF800400022204C4FF00C0C17460CFB88
:10AAC0000343D4B2013213F804C084450CD8A0EB80
:10AAD0000C000127F5E70023E3E70123E1E7A0EB02
:10AAE000080014460127CCE70FB18DF80140431C44
:10AAF0008DF802309DF80100431C9DF8000050388D
:10AB0000400640EA43509DF8023040EA034040EAE4
:10AB1000560040EAC52040EA411002B0BDE8F0818D
:10AB20004FF40410F9E700BFD087002040420F0027
:10AB30008051010090230B001CD200080244074BF7
:10AB4000D2B210B5904200D110BD441C00B253F8EF
:10AB5000200041F8040BE0B2F4E700BF5040005879
:10AB60000E4B30B51C6F240405D41C6F1C671C6F82
:10AB700044F400441C670A4C02442368D2B243F4F4
:10AB800080732360074B904200D130BD441C51F8C4
:10AB9000045B00B243F82050E0B2F4E700440258EE
:10ABA000004802585040005807B5012201A9002072
:10ABB000FFF7C4FF019803B05DF804FB13B504462A
:10ABC000FFF7F2FFA04205D0012201A90020019465
:10ABD000FFF7C6FF02B010BD704700000144BFF38D
:10ABE0004F8F064B884204D3BFF34F8FBFF36F8F55
:10ABF0007047C3F85C022030F4E700BF00ED00E0CE
:10AC00000144BFF34F8F064B884204D3BFF34F8FED
:10AC1000BFF36F8F7047C3F870022030F4E700BFB6
:10AC200000ED00E07047000070B5054616460C4682
:10AC300001201021FFF75CFE286046733CB12046DE
:10AC400036B1FFF751FE2B68186000B19C6070BDF3
:10AC5000FFF716FEF7E70000F8B50F461546044665
:10AC600048B905F11F010126386821F01F01FFF7DF
:10AC7000B5FF3046F8BD427B29463868FFF760FED5
:10AC800006460028EDD13B686360A368AB4210D252
:10AC900013B12068FFF730FE637B28462BB1FFF726
:10ACA00023FE206020B9A060E3E7FFF7E9FDF8E7A5
:10ACB000A560206805F11F01012621F01F01386001
:10ACC000FFF78CFF2673D4E710B5044640B1006847
:10ACD000884205D1606808B1F7F752FE002323735C
:10ACE00010BD0000F8B50F461446054648B904F1FA
:10ACF0001F010126386821F01F01FFF781FF304650
:10AD0000F8BD427B21463868FFF71AFE0646002848
:10AD1000EDD1AB68A34210D213B12868FFF7ECFD68
:10AD20006B7B20462BB1FFF7DFFD286020B9A860C0
:10AD3000E5E7FFF7A5FDF8E7AC60396819B12246F1
:10AD40002868F7F71DFE286804F11F01012621F08D
:10AD50001F013860FFF754FF2E73D0E720B103685E
:10AD60008B4204BF0023037370470000074B45F27A
:10AD700055521A6003225A6040F2FF729A604CF6F4
:10AD8000CC421A600122024B1A70704700480058EA
:10AD9000DC870020034B1B781BB1034B4AF6AA2229
:10ADA0001A607047DC87002000480058034B1A687F
:10ADB0001AB9034AD2F8D0241A607047D887002005
:10ADC00000400258024B4FF48032C3F8D024704741
:10ADD0000040025808B5FFF7E9FF024B1868C0F3BE
:10ADE000806008BDD887002070B5BFF34F8FBFF3D8
:10ADF0006F8F1A4A0021C2F85012BFF34F8FBFF372
:10AE00006F8F536943F400335361BFF34F8FBFF328
:10AE10006F8FC2F88410BFF34F8FD2F8803043F6A3
:10AE2000E074C3F3C900C3F34E335B0103EA0406C5
:10AE3000014646EA81750139C2F86052F9D2203BD9
:10AE400013F1200FF2D1BFF34F8F536943F48033D6
:10AE50005361BFF34F8FBFF36F8F70BD00ED00E004
:10AE6000FEE70000214B2248224A70B5904237D3BA
:10AE7000214BC11EDA1C121A22F003028B4238BF8A
:10AE800000220021F7F7A2FD1C4A0023C2F88430FB
:10AE9000BFF34F8FD2F8803043F6E074C3F3C9009C
:10AEA000C3F34E335B0103EA0406014646EA8175AB
:10AEB0000139C2F86C52F9D2203B13F1200FF2D1C4
:10AEC000BFF34F8FBFF36F8FBFF34F8FBFF36F8F02
:10AED0000023C2F85032BFF34F8FBFF36F8F70BDA6
:10AEE00053F8041B40F8041BC0E700BF24D300083C
:10AEF000D8890020D8890020D889002000ED00E002
:10AF0000074BD3F8D81021EA0001C3F8D810D3F8C2
:10AF1000002122EA0002C3F80021D3F80031704773
:10AF20000044025870B5D0E9244300224FF0FF35A9
:10AF30009E6804EB42135101D3F80009002805DA9A
:10AF4000D3F8000940F08040C3F80009D3F8000BA3
:10AF5000002805DAD3F8000B40F08040C3F8000B5E
:10AF6000013263189642C3F80859C3F8085BE0D26F
:10AF70004FF00113C4F81C3870BD0000890141F086
:10AF80002001016103699B06FCD41220FEF712BE6A
:10AF900010B50A4C2046FEF7F9F9094BC4F8903079
:10AFA000084BC4F89430084C2046FEF7EFF9074BE5
:10AFB000C4F89030064BC4F8943010BDE0870020F0
:10AFC0000000084058D200087C880020000004409F
:10AFD00064D2000870B503780546012B5CD1434B61
:10AFE000D0F89040984258D1414B0E216520D3F8BB
:10AFF000D82042F00062C3F8D820D3F8002142F0F4
:10B000000062C3F80021D3F80021D3F8802042F079
:10B010000062C3F88020D3F8802022F00062C3F8D9
:10B020008020D3F88030FDF7F5FB324BE360324BE4
:10B03000C4F800380023D5F89060C4F8003EC0235F
:10B0400023604FF40413A3633369002BFCDA01235C
:10B050000C203361FEF7AEFD3369DB07FCD4122010
:10B06000FEF7A8FD3369002BFCDA00262846A6600F
:10B07000FFF758FF6B68C4F81068DB68C4F8146801
:10B08000C4F81C6883BB1D4BA3614FF0FF336361A1
:10B09000A36843F00103A36070BD194B9842C9D166
:10B0A000134B4FF08060D3F8D82042F00072C3F801
:10B0B000D820D3F8002142F00072C3F80021D3F861
:10B0C0000021D3F8802042F00072C3F88020D3F82A
:10B0D000802022F00072C3F88020D3F88030FFF780
:10B0E0000FFF0E214D209EE7064BCDE7E0870020A5
:10B0F000004402584014004003002002003C30C0CD
:10B100007C880020083C30C0F8B5D0F89040054657
:10B1100000214FF000662046FFF730FFD5F894106D
:10B1200000234FF001128F684FF0FF30C4F834381D
:10B13000C4F81C2804EB431201339F42C2F8006993
:10B14000C2F8006BC2F80809C2F8080BF2D20B680B
:10B15000D5F89020C5F89830636210231361166902
:10B1600016F01006FBD11220FEF724FDD4F80038AB
:10B1700023F4FE63C4F80038A36943F4402343F08A
:10B180001003A3610923C4F81038C4F814380B4B1A
:10B19000EB604FF0C043C4F8103B094BC4F8003BD0
:10B1A000C4F81069C4F80039D5F8983003F11002DA
:10B1B00043F48013C5F89820A362F8BD34D2000888
:10B1C00040800010D0F8902090F88A10D2F8003813
:10B1D00023F4FE6343EA0113C2F80038704700000D
:10B1E0002DE9F84300EB8103D0F890500C468046DF
:10B1F000DA680FFA81F94801166806F00306731E33
:10B20000022B05EB41134FF0000194BFB604384EFA
:10B21000C3F8101B4FF0010104F1100398BF06F1B1
:10B22000805601FA03F3916998BF06F5004600299C
:10B230003AD0578A04F15801374349016F50D5F885
:10B240001C180B430021C5F81C382B180127C3F824
:10B250001019A7405369611E9BB3138A928B9B08F8
:10B26000012A88BF5343D8F89820981842EA03432C
:10B2700001F140022146C8F89800284605EB8202F9
:10B280005360FFF77BFE08EB8900C3681B8A43EA23
:10B29000845348341E4364012E51D5F81C381F4393
:10B2A000C5F81C78BDE8F88305EB4917D7F8001BF3
:10B2B00021F40041C7F8001BD5F81C1821EA03034C
:10B2C000C0E704F13F030B4A2846214605EB830300
:10B2D0005A60FFF753FE05EB4910D0F8003923F40C
:10B2E0000043C0F80039D5F81C3823EA0707D7E730
:10B2F0000080001000040002D0F894201268C0F80A
:10B300009820FFF70FBE00005831D0F89030490167
:10B310005B5813F4004004D013F4001F0CBF02204C
:10B32000012070474831D0F8903049015B5813F440
:10B33000004004D013F4001F0CBF0220012070470E
:10B3400000EB8101CB68196A0B6813604B6853608E
:10B350007047000000EB810330B5DD68AA6913680F
:10B36000D36019B9402B84BF402313606B8A1468E3
:10B37000D0F890201C4402EB4110013C09B2B4FB10
:10B38000F3F46343033323F0030343EAC44343F07A
:10B39000C043C0F8103B2B6803F00303012B0ED110
:10B3A000D2F8083802EB411013F4807FD0F8003B4C
:10B3B00014BF43F0805343F00053C0F8003B02EB4E
:10B3C0004112D2F8003B43F00443C2F8003B30BDC9
:10B3D0002DE9F041D0F8906005460C4606EB41138C
:10B3E000D3F8087B3A07C3F8087B08D5D6F8143899
:10B3F0001B0704D500EB8103DB685B689847FA07FD
:10B400001FD5D6F81438DB071BD505EB8403D968A4
:10B41000CCB98B69488A5A68B2FBF0F600FB162259
:10B420008AB91868DA6890420DD2121AC3E900246A
:10B43000302383F3118821462846FFF78BFF84F3DE
:10B440001188BDE8F081012303FA04F26B8923EA35
:10B4500002036B81CB68002BF3D021462846BDE860
:10B46000F041184700EB81034A0170B5DD68D0F860
:10B4700090306C692668E66056BB1A444FF4002091
:10B48000C2F810092A6802F00302012A0AB20ED19A
:10B49000D3F8080803EB421410F4807FD4F80009B5
:10B4A00014BF40F0805040F00050C4F8000903EB96
:10B4B0004212D2F8000940F00440C2F8000901220B
:10B4C000D3F8340802FA01F10143C3F8341870BD0F
:10B4D00019B9402E84BF4020206020681A442E8A6B
:10B4E0008419013CB4FBF6F440EAC44040F000503B
:10B4F000C6E700002DE9F843D0F8906005460C46F9
:10B500004F0106EB4113D3F8088918F0010FC3F877
:10B5100008891CD0D6F81038DB0718D500EB81035A
:10B52000D3F80CC0DCF81430D3F800E0DA689645A4
:10B5300030D2A2EB0E024FF000091A60C3F804905B
:10B54000302383F31188FFF78DFF89F3118818F0FA
:10B55000800F1DD0D6F834380126A640334217D0CC
:10B5600005EB84030134D5F89050D3F80CC0E4B255
:10B570002F44DCF8142005EB0434D2F800E05168C5
:10B58000714514D3D5F8343823EA0606C5F8346873
:10B59000BDE8F883012303FA01F2038923EA0203D9
:10B5A0000381DCF80830002BD1D09847CFE7AEEB11
:10B5B0000103BCF81000834228BF0346D7F81809DE
:10B5C00080B2B3EB800FE3D89068A0F1040959F87A
:10B5D000048FC4F80080A0EB09089844B8F1040F68
:10B5E000F5D818440B4490605360C8E72DE9F84F34
:10B5F000D0F8905004466E69AB691E4016F480582E
:10B600006E6103D0BDE8F84FFDF730BF002E12DAAF
:10B61000D5F8003E9B0705D0D5F8003E23F0030384
:10B62000C5F8003ED5F80438204623F00103C5F8DC
:10B630000438FDF749FF370505D52046FFF772FCB2
:10B640002046FDF72FFFB0040CD5D5F8083813F0CD
:10B65000060FEB6823F470530CBF43F4105343F40C
:10B66000A053EB6031071BD56368DB681BB9AB697E
:10B6700023F00803AB612378052B0CD1D5F8003EED
:10B680009A0705D0D5F8003E23F00303C5F8003E25
:10B690002046FDF719FF6368DB680BB12046984729
:10B6A000F30200F1BA80B70226D5D4F890900027B3
:10B6B0004FF0010A09EB4712D2F8003B03F4402394
:10B6C000B3F5802F11D1D2F8003B002B0DDA62893F
:10B6D0000AFA07F322EA0303638104EB8703DB68BA
:10B6E000DB6813B13946204698470137D4F89430C7
:10B6F000FFB29B689F42DDD9F00619D5D4F89000BF
:10B70000026AC2F30A1702F00F0302F4F012B2F554
:10B71000802F00F0CA80B2F5402F09D104EB8303DB
:10B72000002200F58050DB681B6A974240F0B08031
:10B730003003D5F8185835D5E90303D50021204644
:10B74000FFF746FEAA0303D501212046FFF740FE7E
:10B750006B0303D502212046FFF73AFE2F0303D5E2
:10B7600003212046FFF734FEE80203D504212046DA
:10B77000FFF72EFEA90203D505212046FFF728FE7C
:10B780006A0203D506212046FFF722FE2B0203D5CD
:10B7900007212046FFF71CFEEF0103D508212046B4
:10B7A000FFF716FE700340F1A780E90703D50021DB
:10B7B0002046FFF79FFEAA0703D501212046FFF789
:10B7C00099FE6B0703D502212046FFF793FE2F0752
:10B7D00003D503212046FFF78DFEEE0603D5042195
:10B7E0002046FFF787FEA80603D505212046FFF770
:10B7F00081FE690603D506212046FFF77BFE2A0657
:10B8000003D507212046FFF775FEEB0574D52046CA
:10B810000821BDE8F84FFFF76DBED4F890904FF0C7
:10B82000000B4FF0010AD4F894305FFA8BF79B6855
:10B830009F423FF638AF09EB4713D3F8002902F4D3
:10B840004022B2F5802F20D1D3F80029002A1CDA3B
:10B85000D3F8002942F09042C3F80029D3F8002918
:10B86000002AFBDB3946D4F89000FFF787FB2289DA
:10B870000AFA07F322EA0303238104EB8703DB6858
:10B880009B6813B13946204698470BF1010BCAE774
:10B89000910701D1D0F80080072A02F101029CBF74
:10B8A00003F8018B4FEA18283FE704EB830300F508
:10B8B0008050DA68D2F818C0DCF80820DCE9001CF7
:10B8C000A1EB0C0C00218F4208D1DB689B699A68C0
:10B8D0003A449A605A683A445A6029E711F0030FD3
:10B8E00001D1D0F800808C4501F1010184BF02F83C
:10B8F000018B4FEA1828E6E7BDE8F88F08B5034842
:10B90000FFF774FEBDE80840FCF71AB9E087002095
:10B9100008B50348FFF76AFEBDE80840FCF710B918
:10B920007C880020D0F8903003EB4111D1F8003B27
:10B9300043F40013C1F8003B70470000D0F890308A
:10B9400003EB4111D1F8003943F40013C1F8003979
:10B9500070470000D0F8903003EB4111D1F8003B64
:10B9600023F40013C1F8003B70470000D0F890307A
:10B9700003EB4111D1F8003923F40013C1F8003969
:10B9800070470000064BD3F8DC200243C3F8DC20EC
:10B99000D3F804211043C3F80401D3F804317047ED
:10B9A0000044025808B53C4B4FF0FF31D3F88020DB
:10B9B00062F00042C3F88020D3F8802002F00042F9
:10B9C000C3F88020D3F88020D3F88420C3F88410F3
:10B9D000D3F884200022C3F88420D3F88400D86FE1
:10B9E00040F0FF4040F4FF0040F4DF4040F07F00B3
:10B9F000D867D86F20F0FF4020F4FF0020F4DF402C
:10BA000020F07F00D867D86FD3F888006FEA4050E5
:10BA10006FEA5050C3F88800D3F88800C0F30A00DA
:10BA2000C3F88800D3F88800D3F89000C3F89010CA
:10BA3000D3F89000C3F89020D3F89000D3F8940086
:10BA4000C3F89410D3F89400C3F89420D3F894006A
:10BA5000D3F89800C3F89810D3F89800C3F898204A
:10BA6000D3F89800D3F88C00C3F88C10D3F88C006E
:10BA7000C3F88C20D3F88C00D3F89C00C3F89C103A
:10BA8000D3F89C10C3F89C20D3F89C30FCF7DAF96B
:10BA9000BDE8084000F0C2B90044025808B50122D0
:10BAA000534BC3F80821534BD3F8F42042F0020261
:10BAB000C3F8F420D3F81C2142F00202C3F81C2181
:10BAC0000222D3F81C314C4BDA605A689104FCD541
:10BAD0004A4A1A6001229A60494ADA6000221A61D1
:10BAE0004FF440429A61444B9A699204FCD51A681B
:10BAF00042F480721A603F4B1A6F12F4407F04D0F8
:10BB00004FF480321A6700221A671A6842F0010265
:10BB10001A60384B1A685007FCD500221A611A695E
:10BB200012F03802FBD1012119604FF080415960B9
:10BB30005A67344ADA62344A1A611A6842F4803227
:10BB40001A602C4B1A689103FCD51A6842F4805293
:10BB50001A601A689204FCD52C4A2D499A62002278
:10BB60005A63196301F57C01DA6301F2E711996305
:10BB70005A64284A1A64284ADA621A6842F0A852BB
:10BB80001A601C4B1A6802F02852B2F1285FF9D1F2
:10BB900048229A614FF48862DA6140221A621F4A91
:10BBA000DA641F4A1A651F4A5A651F4A9A6532238A
:10BBB0001E4A1360136803F00F03022BFAD10D4ADB
:10BBC000136943F003031361136903F03803182B5F
:10BBD000FAD14FF00050FFF7D5FE4FF08040FFF74D
:10BBE000D1FE4FF00040BDE80840FFF7CBBE00BFDC
:10BBF00000800051004402580048025800C000F084
:10BC0000020000010000FF010088900812102000CF
:10BC100063020901470E0508DD0BBF01200000206B
:10BC2000000001100910E000000101100020005286
:10BC30004FF0B04208B5D2F8883003F00103C2F8E3
:10BC4000883023B1044A13680BB150689847BDE8A7
:10BC50000840FBF775BF00BF588900204FF0B04285
:10BC600008B5D2F8883003F00203C2F8883023B157
:10BC7000044A93680BB1D0689847BDE80840FBF7C9
:10BC80005FBF00BF588900204FF0B04208B5D2F81E
:10BC9000883003F00403C2F8883023B1044A1369E2
:10BCA0000BB150699847BDE80840FBF749BF00BF9A
:10BCB000588900204FF0B04208B5D2F8883003F020
:10BCC0000803C2F8883023B1044A93690BB1D069E4
:10BCD0009847BDE80840FBF733BF00BF58890020F4
:10BCE0004FF0B04208B5D2F8883003F01003C2F824
:10BCF000883023B1044A136A0BB1506A9847BDE8F3
:10BD00000840FBF71DBF00BF588900204FF0B0432B
:10BD100010B5D3F8884004F47872C3F88820A306DD
:10BD200004D5124A936A0BB1D06A9847600604D5CD
:10BD30000E4A136B0BB1506B9847210604D50B4A82
:10BD4000936B0BB1D06B9847E20504D5074A136C8F
:10BD50000BB1506C9847A30504D5044A936C0BB102
:10BD6000D06C9847BDE81040FBF7EABE5889002028
:10BD70004FF0B04310B5D3F8884004F47C42C3F8C8
:10BD80008820620504D5164A136D0BB1506D984793
:10BD9000230504D5124A936D0BB1D06D9847E0048A
:10BDA00004D50F4A136E0BB1506E9847A10404D509
:10BDB0000B4A936E0BB1D06E9847620404D5084AC3
:10BDC000136F0BB1506F9847230404D5044A936F47
:10BDD0000BB1D06F9847BDE81040FBF7B1BE00BF74
:10BDE0005889002008B50348FCF7F4FBBDE808407B
:10BDF000FBF7A6BE4062002008B50348FCF784FCB0
:10BE0000BDE80840FBF79CBE9864002008B500F030
:10BE100017FCBDE80840FBF793BE0000062108B5FB
:10BE20000846FCF7F7FC06210720FCF7F3FC062187
:10BE30000820FCF7EFFC06210920FCF7EBFC0621AB
:10BE40000A20FCF7E7FC06211720FCF7E3FC06219B
:10BE50002820FCF7DFFC09217A20FCF7DBFC092114
:10BE60003120FCF7D7FC07213220FCF7D3FC0C2152
:10BE70005220BDE80840FCF7CDBC000008B5FFF734
:10BE800091FD00F0A5FBFDF7A5F8FDF743F8FDF7E0
:10BE90007BFAFDF74DF9FEF7C3F9BDE8084000F065
:10BEA00029BA000030B50433039C0172002104FB61
:10BEB0000325C160C0E90653049B0363059BC0E9E9
:10BEC0000000C0E90422C0E90842C0E90A11436346
:10BED00030BD00000022416AC260C0E90411C0E91F
:10BEE0000A226FF00101FDF711BF0000D0E9043212
:10BEF000934201D1C2680AB9181D704700207047EB
:10BF0000036919600021C2680132C260C26913442A
:10BF100082699342036124BF436A0361FDF7EABE6D
:10BF200038B504460D46E3683BB162690020131D35
:10BF30001268A3621344E36207E0237A33B9294607
:10BF40002046FDF7C7FE0028EDDA38BD6FF001008E
:10BF5000FBE70000C368C269013BC3604369134447
:10BF600082699342436124BF436A43610023836231
:10BF7000036B03B11847704770B53023044683F351
:10BF80001188866A3EB9FFF7CBFF054618B186F3E4
:10BF90001188284670BDA36AE26A13F8015B9342D8
:10BFA000A36202D32046FFF7D5FF002383F3118855
:10BFB000EFE700002DE9F84F04460E461746984675
:10BFC0004FF0300989F311880025AA46D4F828B02B
:10BFD000BBF1000F09D141462046FFF7A1FF20B178
:10BFE0008BF311882846BDE8F88FD4E90A12A7EB35
:10BFF000050B521A934528BF9346BBF1400F1BD93E
:10C00000334601F1400251F8040B914243F8040B0E
:10C01000F9D1A36A403640354033A362D4E90A23FC
:10C020009A4202D32046FFF795FF8AF31188BD425A
:10C03000D8D289F31188C9E730465A46F6F7A0FCF2
:10C04000A36A5E445D445B44A362E7E710B5029CCB
:10C050000433017203FB0421C460C0E9061300230A
:10C06000C0E90A33039B0363049BC0E90000C0E9F5
:10C070000422C0E90842436310BD0000026A6FF069
:10C080000101C260426AC0E904220022C0E90A221A
:10C09000FDF73CBED0E904239A4201D1C26822B91F
:10C0A000184650F8043B0B60704700231846FAE727
:10C0B000C3680021C2690133C360436913448269C4
:10C0C0009342436124BF436A4361FDF713BE0000FE
:10C0D00038B504460D46E3683BB1236900201A1DBC
:10C0E000A262E2691344E36207E0237A33B9294686
:10C0F0002046FDF7EFFD0028EDDA38BD6FF00100B6
:10C10000FBE7000003691960C268013AC260C269B6
:10C11000134482699342036124BF436A036100238D
:10C120008362036B03B118477047000070B530237A
:10C130000D460446114683F31188866A2EB9FFF72F
:10C14000C7FF10B186F3118870BDA36A1D70A36A82
:10C15000E26A01339342A36204D3E16920460439C1
:10C16000FFF7D0FF002080F31188EDE72DE9F84FAD
:10C1700004460D46904699464FF0300A8AF31188DE
:10C180000026B346A76A4FB949462046FFF7A0FFED
:10C1900020B187F311883046BDE8F88FD4E90A074B
:10C1A0003A1AA8EB0607974228BF1746402F1BD91B
:10C1B00005F1400355F8042B9D4240F8042BF9D1BA
:10C1C000A36A40364033A362D4E90A239A4204D3D7
:10C1D000E16920460439FFF795FF8BF31188464546
:10C1E000D9D28AF31188CDE729463A46F6F7C8FB3B
:10C1F000A36A3D443E443B44A362E5E7D0E90423FF
:10C200009A4217D1C3689BB1836A8BB1043B9B1AD6
:10C210000ED01360C368013BC360C3691A448369CD
:10C220009A42026124BF436A0361002383620123AF
:10C23000184670470023FBE701F01F03F0B502F03A
:10C240001F0456095A1C0123B6EB511F50F8265003
:10C2500003FA02F34FEA511703F1FF333DBF50F8E1
:10C260002720C4F12000134003EA05003BBF03FA76
:10C2700000F225FA04F0E0401043F0BD70B57E22D4
:10C280007F210546FFF7D8FF18B1012819D00020FB
:10C2900070BD3E2249212846FFF7CEFF2F220446DB
:10C2A00031212846FFF7C8FF0646013450220236E6
:10C2B00053212846B440FFF7BFFF093804FA00F0C5
:10C2C000E6E7302245212846FFF7B6FF013080021D
:10C2D000DEE7000090F8D63090F8D7201B0403EB7F
:10C2E000026390F8D42090F8D500134403EB0020AB
:10C2F0007047000000F07AB9014B586A704700BFE0
:10C30000000C0040034B002258631A610222DA60DD
:10C31000704700BF000C0040014B0022DA607047FC
:10C32000000C0040014B5863704700BF000C0040F8
:10C33000024B034A1A60034A5A6070473089002052
:10C34000D889002000000220074B494210B55C68E4
:10C35000201A08401968821A8A4203D3A24201D8DF
:10C360005A6010BD0020FCE73089002008B530235A
:10C3700083F31188FFF7E8FF002383F3118808BDDA
:10C380000448054B03600023C0E901330C30FDF77E
:10C3900095BA00BF388900206DC30008CB1D083A4C
:10C3A00023F00703591A521A10B4D2080024C0E926
:10C3B000004384600C301C605A605DF8044BFDF74C
:10C3C0007DBA00002DE9F74F364FCD1D8846002875
:10C3D00018BF0746082A4FEAD50538BF082207F1DB
:10C3E0000C003C1D91460190FDF7AAFA019809F155
:10C3F0000701C9F1000E2246246864B9FDF7CCFAA2
:10C400003B68CBB308224946E8009847044698B3F6
:10C4100040E9027830E004EB010CD4F804A00CEA07
:10C420000E0C0AF10106ACF1080304EBC6069E42AD
:10C43000E1D9A6EB0C0CB5EBEC0F4FEAEC0BDAD81C
:10C440009C421DD204F10802AB45A3EB02024FEA65
:10C45000E202626009D9691CED4303EBC1025D444D
:10C460005560256843F8315022601C46C3F80480AB
:10C4700044F8087BFDF790FA204603B0BDE8F08F42
:10C48000AA45216802D111602346EEE7013504EB8D
:10C49000C50344F8351003F10801761AF6105E6002
:10C4A0001360F1E73889002073B50446A0F1080550
:10C4B00050F8080C54F8043C061D0C30073301906A
:10C4C000DB0844F8043CFDF73BFA334601989E42F2
:10C4D0001A6801D0AB4228D20AB1954225D244F85D
:10C4E000082C54F8042C1D60013254F8081C05EB8C
:10C4F000C206B14206D14E68324444F8042C0A68A0
:10C5000044F8082C5E68711C03EBC1018D4207D111
:10C5100054F8042C013232445A6054F8082C1A6042
:10C5200002B0BDE87040FDF737BA1346CFE7000010
:10C53000FEE7000070B51E4B0025044686B058602B
:10C540000E4605638163FBF7D3FA04F12803A56067
:10C550006563C4E90A3304F11003C4E904334FF0FE
:10C56000FF33C4E90044C4E90635FFF7C5FE2B4696
:10C57000024604F13C012046C4E9082380230D4A09
:10C580006567FDF721FB7368E0600B4A03620123D6
:10C59000009280F824306846F26801923269CDE951
:10C5A0000223064BCDE90435FDF742FB06B070BD12
:10C5B000B06B002078D2000870D2000831C50008A6
:10C5C000024A536B18435063704700BF086900204C
:10C5D0000023054A19460133102BC2E9001102F16C
:10C5E0000802F8D1704700BF58890020114BD3F8DA
:10C5F000E82042F00802C3F8E820D3F8102142F006
:10C600000802C3F810210C4AD3F81031D36B43F061
:10C610000803D363C722094B9A624FF0FF32DA62F4
:10C6200000229A615A63DA605A6001225A611A60E4
:10C63000704700BF004402580010005C000C00402E
:10C64000094A08B51169D3680B40D9B29B076FEA54
:10C650000101116107D5302383F31188FDF7A8FA92
:10C66000002383F3118808BD000C00400B460146EF
:10C67000184600F001B8000010B5054C13462CB167
:10C680000A4601460220AFF3008010BD2046FCE7B9
:10C690000000000010B501390244904201D1002091
:10C6A00005E0037811F8014FA34201D0181B10BD1B
:10C6B0000130F2E72DE9F041A3B1C91A177801441E
:10C6C000044603F1FF3C8C42204601D9002009E0DA
:10C6D0000578BD4204F10104F5D10CEB0405D61830
:10C6E000A54201D1BDE8F08115F8018D16F801EDE4
:10C6F000F045F5D0E7E70000884210B501EB0204F1
:10C7000002D98442234607D8431EA14208D011F81B
:10C71000012B03F8012FF8E7024401468A4200D1B9
:10C7200010BD13F8014D02F8014DF7E7C9B20346F9
:10C7300010F8012B1AB18A42F9D118467047002926
:10C7400018BF0023F9E70000034611F8012B03F896
:10C75000012B002AF9D1704710B50139034632B1D7
:10C7600011F8014F03F8014B013A002CF7D11A449C
:10C770000021934200D110BD03F8011BF9E700002E
:10C780006F72672E6172647570696C6F742E425699
:10C790004D545F486F576943616E00004D4435004A
:10C7A0002D2D0A002F6172647570696C6F742E6193
:10C7B00062696E002F6172647570696C6F742D769A
:10C7C00065726966792E6162696E002F61726475A7
:10C7D00070696C6F742D666C6173682E6162696E2E
:10C7E000002F6172647570696C6F742D666C617373
:10C7F0006865642E6162696E000000000000000040
:10C8000000000000711A00080D1B0008BD1C000884
:10C81000451B0008051B0008000000000000000088
:10C820006D1A0008191B0008F51C0008691A000899
:10C83000751A000853544D333248373F3F3F005379
:10C84000544D3332483733782F3732780053544DB4
:10C850003332483734332F3735332F3735300000F4
:10C8600001105A00031059000120580003205600FF
:10C8700040A2E4F1646891060041A3E5F265699283
:10C880000700000043414E464449666163653A2013
:10C890004D6573736167652052414D204F76657217
:10C8A000666C6F77210000004261642043414E496D
:10C8B0006661636520696E6465782E000000000083
:10C8C000000000000D3B00087133000861420008C1
:10C8D000E1330008ED3300083138000891350008D5
:10C8E000A9330008AD330008853300086D33000814
:10C8F000ED3700089133000809450008AD440008F1
:10C900009D330008C137000801040E05054B0202E3
:10C910000E05054B04010E05054B05010B04044BE8
:10C9200008010603034600000000000000000000AC
:10C930004D4300086543000839430008414300089F
:10C94000B90F0008211A00082F0000005375636317
:10C9500065737366756C6C79206D6F756E74656444
:10C96000205344436172642028736C6F77646F773F
:10C970006E3D2575290A0000EB76904558464154D6
:10C9800020202000464154333220202000000000A7
:10C990002A3A3C3E7C223F7F002B2C3B3D5B5D00D6
:10C9A0004355454141414143454545494949414137
:10C9B0004592924F4F4F5555594F554F9C4F9E9F03
:10C9C00041494F55A5A5A6A7A8A9AAABACADAEAF46
:10C9D000B0B1B2B3B4414141B8B9BABBBCBDBEBF3E
:10C9E000C0C1C2C3C4C54141C8C9CACBCCCDCECFDA
:10C9F000D1D145454549494949D9DADBDCDD49DF33
:10CA00004FE14F4F4F4FE6E8E85555555959EEEF76
:10CA1000F0F1F2F3F4F5F6F7F8F9FAFBFCFDFEFF9E
:10CA200001030507090E10121416181C1E00000041
:10CA300061001A03E0001703F8000703FF0001007C
:10CA400078010001300132010601390110014A016B
:10CA50002E017901060180014D004302810182010E
:10CA600082018401840186018701870189018A018D
:10CA70008B018B018D018E018F019001910191013C
:10CA800093019401F60196019701980198013D02E6
:10CA90009B019C019D0120029F01A001A001A20118
:10CAA000A201A401A401A601A701A701A901AA014D
:10CAB000AB01AC01AC01AE01AF01AF01B101B201FC
:10CAC000B301B301B501B501B701B801B801BA01AD
:10CAD000BB01BC01BC01BE01F701C001C101C20123
:10CAE000C301C401C501C401C701C801C701CA010E
:10CAF000CB01CA01CD011001DD0101008E01DE0173
:10CB00001201F3010300F101F401F401F80128011D
:10CB1000220212013A020900652C3B023B023D024F
:10CB2000662C3F0240024102410246020A015302C2
:10CB3000400081018601550289018A0158028F0156
:10CB40005A0290015C025D025E025F029301610283
:10CB5000620294016402650266026702970196010F
:10CB60006A02622C6C026D026E029C0170027102FC
:10CB70009D01730274029F017602770278027902A6
:10CB80007A027B027C02642C7E027F02A601810273
:10CB90008202A9018402850286028702AE01440254
:10CBA000B101B20145028D028E028F029002910204
:10CBB000B7017B030300FD03FE03FF03AC03040086
:10CBC0008603880389038A03B1031103C2030200A9
:10CBD000A303A303C4030803CC0303008C038E0345
:10CBE0008F03D8031801F2030A00F903F303F403D7
:10CBF000F503F603F703F703F903FA03FA03300426
:10CC0000200350041007600422018A043601C10485
:10CC10000E01CF040100C004D004440161052604C4
:10CC2000000000007D1D0100632C001E9601A01E67
:10CC30005A01001F0806101F0606201F0806301F95
:10CC40000806401F0606511F0700591F521F5B1F91
:10CC5000541F5D1F561F5F1F601F0806701F0E00C8
:10CC6000BA1FBB1FC81FC91FCA1FCB1FDA1FDB1F7C
:10CC7000F81FF91FEA1FEB1FFA1FFB1F801F080692
:10CC8000901F0806A01F0806B01F0400B81FB91F98
:10CC9000B21FBC1FCC1F0100C31FD01F0206E01F24
:10CCA0000206E51F0100EC1FF31F0100FC1F4E21CF
:10CCB0000100322170211002842101008321D0243F
:10CCC0001A05302C2F04602C0201672C0601752CEC
:10CCD0000201802C6401002D260841FF1A03000088
:10CCE000C700FC00E900E200E400E000E500E70026
:10CCF000EA00EB00E800EF00EE00EC00C400C50025
:10CD0000C900E600C600F400F600F200FB00F900DE
:10CD1000FF00D600DC00F800A300D800D700920185
:10CD2000E100ED00F300FA00F100D100AA00BA0022
:10CD3000BF00AE00AC00BD00BC00A100AB00BB005A
:10CD400091259225932502252425C100C200C0000B
:10CD5000A9006325512557255D25A200A5001025B2
:10CD6000142534252C251C2500253C25E300C30073
:10CD70005A25542569256625602550256C25A40073
:10CD8000F000D000CA00CB00C8003101CD00CE00B9
:10CD9000CF0018250C2588258425A600CC008025E9
:10CDA000D300DF00D400D200F500D500B500FE00AE
:10CDB000DE00DA00DB00D900FD00DD00AF00B400CA
:10CDC000AD00B1001720BE00B600A700F700B80004
:10CDD000B000A800B700B900B300B200A025A000C1
:10CDE00010000240080002400008024000000B0052
:10CDF00028000240080002400408024006010C001E
:10CE000040000240080002400808024010020D00E5
:10CE100058000240080002400C08024016030E00B1
:10CE2000700002400C0002401008024000040F0095
:10CE3000880002400C000240140802400605100061
:10CE4000A00002400C000240180802401006110029
:10CE5000B80002400C0002401C08024016072F00D8
:10CE60001004024008040240200802400008380074
:10CE70002804024008040240240802400609390040
:10CE8000400402400804024028080240100A3A0008
:10CE900058040240080402402C080240160B3B00D4
:10CEA000700402400C04024030080240000C3C00B8
:10CEB000880402400C04024034080240060D44007D
:10CEC000A00402400C04024038080240100E450045
:10CED000B80402400C0402403C080240160F460011
:10CEE00001000000000000000096000000000000AB
:10CEF0000000000000000000000000000000000032
:10CF00000000000019A200081DA20008A98B00085B
:10CF1000E18E00083D8B0008658B00088D8B0008B2
:10CF2000258B000800000000958F0008818F000805
:10CF3000BD8F0008A98F0008B58F0008A18F0008D9
:10CF40008D8F0008798F0008C98F0008000000004D
:10CF5000AD90000899900008D5900008C190000895
:10CF6000CD900008B9900008A590000891900008A5
:10CF7000E190000800000000010000000000000037
:10CF80006330000080CF00080000000000000000B7
:10CF900080690020B06B00200000802A00000000A3
:10CFA000AAAAAAAA00000024FFFF000000000000B7
:10CFB00000A00A000000000100000000AAAAAAAA1E
:10CFC00000000001FFFF0000000000000000000062
:10CFD0000000AA4600000000AAAAAAAA0000554420
:10CFE000FFFF000000000000CCCC0C002A01100064
:10CFF00000000000AAAAAAAA10010000FFFB00007E
:10D00000990C000000000000508042000000000069
:10D01000AAAAAAAA10404100F7FF00000000007071
:10D02000070000000000000000000000AAAAAAAA51
:10D0300000000000FFFF00000000000000000000F2
:10D040000000000000000000AAAAAAAA0000000038
:10D05000FFFF0000000000000000000000000000D2
:10D0600000000000AAAAAAAA00000000FFFF00001A
:10D0700000000000000000000000000000000000B0
:10D08000AAAAAAAA00000000FFFF000000000000FA
:10D09000000000000000000000000000AAAAAAAAE8
:10D0A00000000000FFFF0000000000000000000082
:10D0B0000000000000000000AAAAAAAA00000000C8
:10D0C000FFFF0000000000000000000041726475D6
:10D0D00050696C6F740025424F415244252D424CDB
:10D0E000002553455249414C250000000200000034
:10D0F00000000000CD9200083D9300084000400071
:10D100006084002070840020020000000000000005
:10D1100003000000000000008593000800000000EC
:10D1200010000000808400200000000001000000CA
:10D1300000000000E08700200101020015A30008A4
:10D1400025A20008C1A20008A5A200084300000013
:10D1500054D1000809024300020100C03209040052
:10D160000001020201000524001001052401000154
:10D17000042402020524060001070582030800FFBB
:10D1800009040100020A0000000705010240000036
:10D19000070581024000000012000000A0D1000835
:10D1A0001201100102000040091241570002010261
:10D1B000030100000403090425424F4152442500A5
:10D1C00030313233343536373839414243444546BD
:10D1D000000000000001002000FF0100020000002C
:10D1E00000000030000004000800000000000024DF
:10D1F00000000800040000000004000000FC000023
:10D200000200000000000430008000000800000060
:10D210000000003800000100010000001F1C1F1E5C
:10D220001F1E1F1F1E1F1E1F1F1D1F1E1F1E1F1F15
:10D230001E1F1E1F00000000E194000899970008BF
:10D2400045980008400040001889002018890020F7
:10D25000010000002889002080000000400100003B
:10D26000080000000001000000100000080000009D
:10D2700069646C65000000006D61696E002C043803
:10D28000040438080C10141C20242526000000007B
:10D29000000064040100040000000000000C001005
:10D2A00028303400D431FF7F01000000000000006E
:10D2B0009D0F00000000000000001A0000000000A8
:10D2C000FE2A0100D2040000FF000000B86B00201D
:10D2D000986400200000000034C8000883040000A7
:10D2E0003FC80008500400004DC8000801000000BD
:10D2F00000000000009600000000080096000000FA
:10D300000008000004000000B4D100080000000084
:10D31000000000000000000000000000000000000D
:04D320000000000009
:00000001FF
